ERP_ID,PROJECT_CODE,REGION,SERVICE_LINE,PLANNED_DAYS,ACTUAL_DAYS,BUDGET_PEN,REVENUE_PEN,ACTUAL_COST_PEN,PROFIT_PEN,KLOC,DEFECTS,PM_CODE,SYS_NODE
ERP-00001,PROJ-3622,Piura,Project Mgmt,59,62,33571,64812,41997,22815,47,12,PM_PEREZ,SRV-NODE-4
ERP-00002,PROJ-6351,Arequipa,Project Mgmt,42,55,20706,33233,23159,10074,37,13,PM_SOTO,SRV-NODE-3
ERP-00003,PROJ-1973,Iquitos,Videoconference,46,57,21620,46985,24090,22895,20,27,PM_MEZA,SRV-NODE-3
ERP-00004,PROJ-8216,Cusco,Videoconference,125,161,31000,54509,39467,15042,40,25,PM_MEZA,SRV-NODE-9
ERP-00005,PROJ-4844,Piura,Business Proc,158,161,83898,172373,104112,68261,10,15,PM_SOTO,SRV-NODE-4
ERP-00006,PROJ-1628,Arequipa,Project Mgmt,152,197,65360,143041,77167,65874,37,53,PM_RIVAS,SRV-NODE-9
ERP-00007,PROJ-6790,Trujillo,Videoconference,39,43,18876,37917,24324,13593,43,24,PM_RIVAS,SRV-NODE-2
ERP-00008,PROJ-6164,Trujillo,Project Mgmt,157,179,68609,140426,76998,63428,25,40,PM_VEGA,SRV-NODE-9
ERP-00009,PROJ-6838,Cajamarca,Project Mgmt,151,156,67346,127741,83206,44535,42,19,PM_PEREZ,SRV-NODE-3
ERP-00010,PROJ-3301,Lima,Business Proc,140,178,83020,168619,109983,58636,26,29,PM_SOTO,SRV-NODE-7
ERP-00011,PROJ-5662,Iquitos,Audiovisual,161,179,93380,175335,108636,66699,50,45,PM_PEREZ,SRV-NODE-7
ERP-00012,PROJ-6932,Tacna,Audiovisual,147,175,32487,68273,44713,23560,19,15,PM_PEREZ,SRV-NODE-8
ERP-00013,PROJ-6037,Tacna,Business Proc,116,124,33060,57982,41119,16863,33,54,PM_PEREZ,SRV-NODE-2
ERP-00014,PROJ-8817,Tacna,Project Mgmt,61,75,20740,38648,22295,16353,36,22,PM_VEGA,SRV-NODE-6
ERP-00015,PROJ-4646,Cusco,Audiovisual,27,30,15363,33471,18198,15273,28,24,PM_MEZA,SRV-NODE-10
ERP-00016,PROJ-3708,Cajamarca,Audiovisual,111,113,28083,58769,28493,30276,17,11,PM_PEREZ,SRV-NODE-10
ERP-00017,PROJ-1535,Huancayo,Business Proc,42,52,19110,32660,19472,13188,28,47,PM_RIVAS,SRV-NODE-1
ERP-00018,PROJ-5838,Piura,Project Mgmt,91,115,42406,91346,53289,38057,31,20,PM_RIVAS,SRV-NODE-4
ERP-00019,PROJ-3234,Iquitos,Project Mgmt,23,29,7406,12866,10111,2755,32,19,PM_RIVAS,SRV-NODE-1
ERP-00020,PROJ-9340,Arequipa,Business Proc,122,149,67832,139925,90334,49591,30,19,PM_MEZA,SRV-NODE-6
ERP-00021,PROJ-7839,Iquitos,Project Mgmt,75,75,27675,52804,33920,18884,14,7,PM_RIVAS,SRV-NODE-10
ERP-00022,PROJ-7850,Cusco,Business Proc,23,29,13501,23191,17634,5557,19,10,PM_RIVAS,SRV-NODE-8
ERP-00023,PROJ-2249,Huancayo,Project Mgmt,172,209,38528,81684,51738,29946,15,17,PM_SOTO,SRV-NODE-9
ERP-00024,PROJ-3721,Puno,Audiovisual,48,64,20544,38767,24738,14029,7,3,PM_MEZA,SRV-NODE-9
ERP-00025,PROJ-2516,Huancayo,Project Mgmt,48,61,14832,29063,19565,9498,28,20,PM_SOTO,SRV-NODE-2
ERP-00026,PROJ-5584,Trujillo,Project Mgmt,27,36,9774,16369,12668,3701,49,83,PM_RIVAS,SRV-NODE-5
ERP-00027,PROJ-6020,Lima,Audiovisual,176,219,94512,179147,113852,65295,4,6,PM_VEGA,SRV-NODE-9
ERP-00028,PROJ-5651,Puno,Videoconference,167,177,76486,163613,90798,72815,37,53,PM_VEGA,SRV-NODE-3
ERP-00029,PROJ-5781,Puno,Videoconference,61,81,33733,73306,34446,38860,12,16,PM_SOTO,SRV-NODE-8
ERP-00030,PROJ-2597,Piura,Videoconference,133,146,35378,58518,47794,10724,22,27,PM_SOTO,SRV-NODE-7
ERP-00031,PROJ-1801,Cusco,Business Proc,155,168,63705,139451,77804,61647,37,34,PM_RIVAS,SRV-NODE-1
ERP-00032,PROJ-2328,Cajamarca,Business Proc,142,180,74834,151418,96466,54952,5,6,PM_PEREZ,SRV-NODE-3
ERP-00033,PROJ-1168,Puno,Videoconference,118,131,53454,107410,56692,50718,13,17,PM_PEREZ,SRV-NODE-4
ERP-00034,PROJ-9421,Cajamarca,Project Mgmt,164,219,41656,81863,45093,36770,34,16,PM_VEGA,SRV-NODE-2
ERP-00035,PROJ-5555,Piura,Videoconference,80,104,36240,71535,44851,26684,19,20,PM_RIVAS,SRV-NODE-5
ERP-00036,PROJ-2709,Tacna,Project Mgmt,172,192,80324,128788,105865,22923,13,23,PM_MEZA,SRV-NODE-9
ERP-00037,PROJ-8526,Tacna,Business Proc,99,121,57222,99631,65956,33675,30,13,PM_VEGA,SRV-NODE-1
ERP-00038,PROJ-6239,Puno,Audiovisual,64,79,35520,67119,39597,27522,5,1,PM_PEREZ,SRV-NODE-7
ERP-00039,PROJ-2223,Cusco,Business Proc,175,213,69650,128819,71434,57385,11,9,PM_VEGA,SRV-NODE-2
ERP-00040,PROJ-7431,Piura,Business Proc,173,230,43423,92502,45338,47164,16,24,PM_RIVAS,SRV-NODE-7
ERP-00041,PROJ-5439,Cusco,Videoconference,138,151,52854,106639,73786,32853,49,79,PM_MEZA,SRV-NODE-10
ERP-00042,PROJ-2116,Huancayo,Videoconference,124,151,73284,149042,97762,51280,6,8,PM_RIVAS,SRV-NODE-7
ERP-00043,PROJ-3810,Puno,Videoconference,111,143,57498,111591,57867,53724,50,22,PM_SOTO,SRV-NODE-6
ERP-00044,PROJ-3800,Arequipa,Videoconference,37,46,9509,16462,10162,6300,11,4,PM_PEREZ,SRV-NODE-8
ERP-00045,PROJ-2108,Arequipa,Project Mgmt,115,121,39675,63687,40935,22752,16,12,PM_SOTO,SRV-NODE-1
ERP-00046,PROJ-8139,Huancayo,Audiovisual,41,52,20705,38326,25944,12382,49,75,PM_MEZA,SRV-NODE-3
ERP-00047,PROJ-6153,Tacna,Videoconference,142,177,28826,61708,30474,31234,31,46,PM_RIVAS,SRV-NODE-5
ERP-00048,PROJ-5290,Puno,Audiovisual,180,223,43740,84079,49045,35034,46,70,PM_SOTO,SRV-NODE-10
ERP-00049,PROJ-1430,Piura,Business Proc,28,28,12964,22329,17737,4592,6,8,PM_RIVAS,SRV-NODE-5
ERP-00050,PROJ-2612,Lima,Project Mgmt,60,64,27660,59939,29286,30653,38,33,PM_SOTO,SRV-NODE-5
ERP-00051,PROJ-4110,Tacna,Videoconference,42,51,17682,38559,23059,15500,30,38,PM_VEGA,SRV-NODE-7
ERP-00052,PROJ-7950,Puno,Audiovisual,104,133,43472,90907,50510,40397,10,15,PM_RIVAS,SRV-NODE-6
ERP-00053,PROJ-4170,Tacna,Project Mgmt,21,22,5775,12169,6342,5827,31,13,PM_VEGA,SRV-NODE-1
ERP-00054,PROJ-4015,Lima,Project Mgmt,93,111,50685,96374,59220,37154,12,10,PM_VEGA,SRV-NODE-10
ERP-00055,PROJ-9601,Cajamarca,Audiovisual,59,60,33217,61541,42493,19048,44,13,PM_RIVAS,SRV-NODE-6
ERP-00056,PROJ-9408,Iquitos,Project Mgmt,149,187,74202,162256,91630,70626,19,22,PM_PEREZ,SRV-NODE-5
ERP-00057,PROJ-2964,Arequipa,Audiovisual,167,200,48597,81035,53463,27572,45,11,PM_SOTO,SRV-NODE-9
ERP-00058,PROJ-9356,Lima,Project Mgmt,163,181,60310,107413,71915,35498,41,43,PM_SOTO,SRV-NODE-8
ERP-00059,PROJ-5916,Cusco,Business Proc,135,139,60210,104993,80463,24530,44,77,PM_MEZA,SRV-NODE-3
ERP-00060,PROJ-9295,Piura,Audiovisual,20,21,7960,17400,9575,7825,3,5,PM_VEGA,SRV-NODE-5
ERP-00061,PROJ-1670,Trujillo,Videoconference,133,140,59185,114391,62576,51815,16,21,PM_SOTO,SRV-NODE-9
ERP-00062,PROJ-5986,Cusco,Videoconference,117,144,26559,47789,36300,11489,33,36,PM_MEZA,SRV-NODE-8
ERP-00063,PROJ-8116,Lima,Project Mgmt,161,189,77602,133238,96365,36873,30,21,PM_PEREZ,SRV-NODE-4
ERP-00064,PROJ-2441,Iquitos,Project Mgmt,141,167,59925,108377,66105,42272,4,3,PM_RIVAS,SRV-NODE-7
ERP-00065,PROJ-8036,Piura,Audiovisual,21,21,7014,13361,9163,4198,39,7,PM_PEREZ,SRV-NODE-6
ERP-00066,PROJ-8380,Piura,Audiovisual,29,36,9338,19480,9455,10025,48,72,PM_SOTO,SRV-NODE-7
ERP-00067,PROJ-7226,Cusco,Audiovisual,62,65,22506,47533,29335,18198,15,26,PM_MEZA,SRV-NODE-7
ERP-00068,PROJ-7181,Lima,Audiovisual,97,109,37733,75761,50362,25399,20,16,PM_SOTO,SRV-NODE-1
ERP-00069,PROJ-9550,Huancayo,Project Mgmt,104,120,38272,80685,44263,36422,15,21,PM_RIVAS,SRV-NODE-3
ERP-00070,PROJ-5544,Tacna,Business Proc,42,53,20748,40166,26264,13902,8,10,PM_VEGA,SRV-NODE-8
ERP-00071,PROJ-3599,Huancayo,Audiovisual,160,186,83040,137425,98009,39416,24,40,PM_SOTO,SRV-NODE-2
ERP-00072,PROJ-1892,Arequipa,Business Proc,79,90,24411,52193,29064,23129,34,9,PM_MEZA,SRV-NODE-4
ERP-00073,PROJ-6744,Lima,Audiovisual,148,160,54168,102158,56490,45668,20,2,PM_PEREZ,SRV-NODE-3
ERP-00074,PROJ-4895,Trujillo,Videoconference,76,94,44992,76776,56155,20621,22,17,PM_MEZA,SRV-NODE-7
ERP-00075,PROJ-3406,Iquitos,Videoconference,167,202,50100,84965,66268,18697,49,7,PM_PEREZ,SRV-NODE-8
ERP-00076,PROJ-2021,Tacna,Project Mgmt,26,30,8216,14051,11047,3004,12,21,PM_RIVAS,SRV-NODE-2
ERP-00077,PROJ-4169,Cajamarca,Business Proc,157,205,55735,107408,63104,44304,29,12,PM_PEREZ,SRV-NODE-7
ERP-00078,PROJ-5744,Puno,Audiovisual,24,25,7752,14424,9991,4433,15,9,PM_PEREZ,SRV-NODE-5
ERP-00079,PROJ-2245,Trujillo,Project Mgmt,26,29,5980,10442,7743,2699,12,13,PM_MEZA,SRV-NODE-9
ERP-00080,PROJ-9680,Cusco,Business Proc,110,133,28490,55418,30590,24828,8,7,PM_SOTO,SRV-NODE-7
ERP-00081,PROJ-3489,Lima,Business Proc,50,59,23050,45950,25302,20648,34,57,PM_SOTO,SRV-NODE-8
ERP-00082,PROJ-1883,Arequipa,Business Proc,105,108,39585,76679,51042,25637,31,39,PM_SOTO,SRV-NODE-1
ERP-00083,PROJ-6653,Trujillo,Business Proc,64,77,13696,27529,17705,9824,4,0,PM_SOTO,SRV-NODE-3
ERP-00084,PROJ-8397,Cusco,Project Mgmt,90,109,26280,46321,29429,16892,40,16,PM_SOTO,SRV-NODE-9
ERP-00085,PROJ-6458,Arequipa,Videoconference,123,156,62484,110390,72875,37515,38,49,PM_RIVAS,SRV-NODE-5
ERP-00086,PROJ-5536,Cusco,Business Proc,126,127,37926,64349,41816,22533,45,45,PM_PEREZ,SRV-NODE-8
ERP-00087,PROJ-3897,Tacna,Videoconference,144,169,73872,128292,94371,33921,5,2,PM_VEGA,SRV-NODE-9
ERP-00088,PROJ-5754,Lima,Project Mgmt,36,43,16704,36484,20185,16299,35,12,PM_MEZA,SRV-NODE-5
ERP-00089,PROJ-4160,Tacna,Audiovisual,68,76,25500,54456,28049,26407,24,6,PM_VEGA,SRV-NODE-2
ERP-00090,PROJ-5254,Cajamarca,Business Proc,62,81,36642,74006,40043,33963,36,16,PM_PEREZ,SRV-NODE-2
ERP-00091,PROJ-9516,Cusco,Project Mgmt,88,115,42768,85032,56767,28265,16,5,PM_VEGA,SRV-NODE-9
ERP-00092,PROJ-4525,Trujillo,Business Proc,131,143,28427,58221,34072,24149,38,44,PM_MEZA,SRV-NODE-5
ERP-00093,PROJ-8272,Piura,Videoconference,51,55,10608,19833,11529,8304,34,16,PM_MEZA,SRV-NODE-7
ERP-00094,PROJ-9932,Piura,Videoconference,37,42,11100,20027,12717,7310,13,11,PM_MEZA,SRV-NODE-7
ERP-00095,PROJ-9831,Cusco,Audiovisual,91,111,33579,58321,37190,21131,25,7,PM_PEREZ,SRV-NODE-10
ERP-00096,PROJ-7721,Cajamarca,Project Mgmt,148,151,86728,179997,116192,63805,38,38,PM_VEGA,SRV-NODE-8
ERP-00097,PROJ-4439,Lima,Audiovisual,96,119,22080,36283,28774,7509,10,2,PM_PEREZ,SRV-NODE-9
ERP-00098,PROJ-4429,Cajamarca,Videoconference,123,151,55473,89078,60088,28990,17,9,PM_MEZA,SRV-NODE-7
ERP-00099,PROJ-5073,Trujillo,Business Proc,76,77,43776,77399,49008,28391,15,20,PM_VEGA,SRV-NODE-1
ERP-00100,PROJ-3326,Trujillo,Audiovisual,97,120,52477,97680,63300,34380,13,8,PM_RIVAS,SRV-NODE-10
ERP-00101,PROJ-5909,Piura,Project Mgmt,43,45,24295,44578,27546,17032,24,36,PM_PEREZ,SRV-NODE-4
ERP-00102,PROJ-9525,Tacna,Videoconference,159,210,77274,147188,91316,55872,22,30,PM_RIVAS,SRV-NODE-2
ERP-00103,PROJ-4893,Iquitos,Videoconference,88,117,46640,77580,64616,12964,14,6,PM_RIVAS,SRV-NODE-7
ERP-00104,PROJ-8097,Huancayo,Business Proc,79,101,22041,39687,26241,13446,47,74,PM_PEREZ,SRV-NODE-4
ERP-00105,PROJ-6670,Iquitos,Business Proc,150,176,61500,128901,84327,44574,11,6,PM_VEGA,SRV-NODE-2
ERP-00106,PROJ-5367,Cajamarca,Project Mgmt,31,33,13423,28418,13858,14560,48,33,PM_MEZA,SRV-NODE-9
ERP-00107,PROJ-2591,Arequipa,Business Proc,87,87,22881,40791,29616,11175,11,6,PM_PEREZ,SRV-NODE-10
ERP-00108,PROJ-7389,Puno,Videoconference,39,41,15015,32580,20758,11822,9,3,PM_PEREZ,SRV-NODE-7
ERP-00109,PROJ-3014,Cajamarca,Videoconference,95,102,32680,54166,35524,18642,23,24,PM_MEZA,SRV-NODE-2
ERP-00110,PROJ-7059,Arequipa,Business Proc,49,63,25725,52736,27005,25731,10,17,PM_RIVAS,SRV-NODE-8
ERP-00111,PROJ-7499,Iquitos,Project Mgmt,51,59,25908,45972,29683,16289,30,21,PM_RIVAS,SRV-NODE-1
ERP-00112,PROJ-8228,Lima,Videoconference,105,106,56910,106198,62115,44083,31,31,PM_VEGA,SRV-NODE-1
ERP-00113,PROJ-9139,Trujillo,Business Proc,137,141,30414,66433,30560,35873,8,8,PM_SOTO,SRV-NODE-6
ERP-00114,PROJ-1047,Iquitos,Audiovisual,30,31,16170,30577,21318,9259,36,51,PM_VEGA,SRV-NODE-10
ERP-00115,PROJ-1105,Tacna,Audiovisual,100,116,28700,52854,39245,13609,24,33,PM_RIVAS,SRV-NODE-8
ERP-00116,PROJ-2644,Cajamarca,Audiovisual,115,150,47725,98244,54125,44119,28,40,PM_SOTO,SRV-NODE-3
ERP-00117,PROJ-2376,Cusco,Audiovisual,126,132,45738,85427,45802,39625,21,29,PM_RIVAS,SRV-NODE-4
ERP-00118,PROJ-5335,Arequipa,Videoconference,159,189,94446,169404,98091,71313,38,41,PM_PEREZ,SRV-NODE-6
ERP-00119,PROJ-1878,Puno,Project Mgmt,108,129,38880,83686,51112,32574,5,2,PM_VEGA,SRV-NODE-1
ERP-00120,PROJ-5004,Tacna,Audiovisual,100,114,59700,95545,79385,16160,14,11,PM_RIVAS,SRV-NODE-4
ERP-00121,PROJ-5444,Lima,Business Proc,125,139,32250,69723,37462,32261,39,37,PM_RIVAS,SRV-NODE-8
ERP-00122,PROJ-8774,Puno,Project Mgmt,56,68,20608,44264,26346,17918,50,72,PM_RIVAS,SRV-NODE-7
ERP-00123,PROJ-1277,Trujillo,Videoconference,133,160,43757,95989,52638,43351,7,6,PM_PEREZ,SRV-NODE-5
ERP-00124,PROJ-7453,Huancayo,Business Proc,121,126,25047,51548,25877,25671,46,67,PM_RIVAS,SRV-NODE-1
ERP-00125,PROJ-9662,Cusco,Project Mgmt,26,27,13104,23394,18315,5079,40,18,PM_VEGA,SRV-NODE-9
ERP-00126,PROJ-2531,Trujillo,Project Mgmt,128,129,76416,153874,83851,70023,16,9,PM_SOTO,SRV-NODE-4
ERP-00127,PROJ-9048,Trujillo,Business Proc,177,203,71331,142035,92497,49538,44,18,PM_PEREZ,SRV-NODE-3
ERP-00128,PROJ-5890,Piura,Audiovisual,72,76,41904,88460,55779,32681,4,2,PM_MEZA,SRV-NODE-5
ERP-00129,PROJ-8980,Cajamarca,Audiovisual,73,89,25623,52681,32442,20239,11,11,PM_PEREZ,SRV-NODE-9
ERP-00130,PROJ-4360,Lima,Project Mgmt,63,74,29610,58028,41262,16766,4,1,PM_PEREZ,SRV-NODE-3
ERP-00131,PROJ-2760,Trujillo,Videoconference,173,203,35119,69210,41160,28050,47,28,PM_PEREZ,SRV-NODE-9
ERP-00132,PROJ-4423,Cusco,Videoconference,61,75,30012,64421,33760,30661,39,23,PM_PEREZ,SRV-NODE-2
ERP-00133,PROJ-3627,Cusco,Project Mgmt,151,196,87580,171883,120768,51115,13,18,PM_SOTO,SRV-NODE-3
ERP-00134,PROJ-6577,Piura,Project Mgmt,122,159,55266,93842,55805,38037,36,62,PM_VEGA,SRV-NODE-2
ERP-00135,PROJ-9507,Iquitos,Business Proc,24,29,5256,10897,5512,5385,13,16,PM_VEGA,SRV-NODE-9
ERP-00136,PROJ-6547,Huancayo,Business Proc,106,121,53106,92573,58998,33575,12,3,PM_RIVAS,SRV-NODE-2
ERP-00137,PROJ-9036,Tacna,Videoconference,75,91,24600,41427,28782,12645,11,16,PM_PEREZ,SRV-NODE-6
ERP-00138,PROJ-6729,Huancayo,Videoconference,58,76,34162,68623,45820,22803,33,34,PM_RIVAS,SRV-NODE-10
ERP-00139,PROJ-5766,Cajamarca,Project Mgmt,130,153,38870,71420,44071,27349,43,19,PM_RIVAS,SRV-NODE-10
ERP-00140,PROJ-8579,Lima,Videoconference,61,62,30683,66622,33710,32912,15,10,PM_VEGA,SRV-NODE-8
ERP-00141,PROJ-7390,Lima,Project Mgmt,158,181,38552,64829,40835,23994,14,13,PM_MEZA,SRV-NODE-10
ERP-00142,PROJ-3226,Iquitos,Project Mgmt,79,103,19118,37832,26596,11236,26,12,PM_PEREZ,SRV-NODE-8
ERP-00143,PROJ-4451,Lima,Project Mgmt,61,63,32330,53178,32350,20828,26,10,PM_VEGA,SRV-NODE-8
ERP-00144,PROJ-3767,Puno,Project Mgmt,152,172,52592,92561,56964,35597,22,3,PM_RIVAS,SRV-NODE-10
ERP-00145,PROJ-6362,Puno,Project Mgmt,169,196,79768,169488,80220,89268,38,67,PM_MEZA,SRV-NODE-6
ERP-00146,PROJ-8126,Arequipa,Videoconference,123,151,50307,101053,68325,32728,12,16,PM_SOTO,SRV-NODE-6
ERP-00147,PROJ-2925,Puno,Audiovisual,37,49,14763,28111,20271,7840,17,14,PM_SOTO,SRV-NODE-1
ERP-00148,PROJ-5754,Piura,Audiovisual,53,67,16218,27354,19650,7704,7,5,PM_RIVAS,SRV-NODE-3
ERP-00149,PROJ-1860,Cusco,Project Mgmt,106,120,46110,91762,58276,33486,5,7,PM_PEREZ,SRV-NODE-4
ERP-00150,PROJ-9296,Lima,Project Mgmt,105,123,51030,85628,70475,15153,11,4,PM_SOTO,SRV-NODE-3
ERP-00151,PROJ-1359,Trujillo,Videoconference,159,206,63600,107514,78972,28542,23,25,PM_MEZA,SRV-NODE-9
ERP-00152,PROJ-8888,Huancayo,Business Proc,55,59,16500,26409,17177,9232,4,6,PM_RIVAS,SRV-NODE-6
ERP-00153,PROJ-1412,Lima,Videoconference,23,26,12811,24740,13760,10980,21,19,PM_PEREZ,SRV-NODE-2
ERP-00154,PROJ-2707,Tacna,Project Mgmt,59,77,34869,59226,40397,18829,31,11,PM_SOTO,SRV-NODE-5
ERP-00155,PROJ-5324,Huancayo,Videoconference,24,25,11856,21181,12511,8670,28,10,PM_VEGA,SRV-NODE-2
ERP-00156,PROJ-2680,Puno,Project Mgmt,32,36,15744,34602,20782,13820,34,55,PM_MEZA,SRV-NODE-4
ERP-00157,PROJ-6784,Lima,Project Mgmt,28,33,10780,19794,11806,7988,23,30,PM_RIVAS,SRV-NODE-8
ERP-00158,PROJ-5951,Iquitos,Business Proc,75,97,23100,45461,27186,18275,4,7,PM_SOTO,SRV-NODE-7
ERP-00159,PROJ-9338,Cajamarca,Videoconference,123,131,54735,104353,71741,32612,27,34,PM_PEREZ,SRV-NODE-10
ERP-00160,PROJ-7157,Cusco,Business Proc,81,84,19197,38325,24990,13335,34,58,PM_VEGA,SRV-NODE-8
ERP-00161,PROJ-7461,Arequipa,Videoconference,62,71,19964,37965,20361,17604,47,14,PM_PEREZ,SRV-NODE-1
ERP-00162,PROJ-1979,Iquitos,Audiovisual,30,31,13740,26547,15787,10760,43,15,PM_MEZA,SRV-NODE-4
ERP-00163,PROJ-6027,Iquitos,Videoconference,178,240,99502,184863,115274,69589,42,24,PM_MEZA,SRV-NODE-4
ERP-00164,PROJ-2178,Huancayo,Project Mgmt,81,97,48438,88877,55017,33860,32,48,PM_SOTO,SRV-NODE-10
ERP-00165,PROJ-2284,Piura,Project Mgmt,23,23,9384,15040,11270,3770,44,62,PM_SOTO,SRV-NODE-6
ERP-00166,PROJ-5804,Lima,Business Proc,57,63,16701,31692,18135,13557,36,27,PM_SOTO,SRV-NODE-5
ERP-00167,PROJ-1173,Arequipa,Audiovisual,152,181,38152,62862,52759,10103,5,8,PM_VEGA,SRV-NODE-10
ERP-00168,PROJ-2805,Cajamarca,Videoconference,85,103,40715,66319,52837,13482,10,14,PM_VEGA,SRV-NODE-4
ERP-00169,PROJ-8416,Tacna,Business Proc,109,115,60931,129281,66665,62616,21,18,PM_RIVAS,SRV-NODE-4
ERP-00170,PROJ-5671,Puno,Audiovisual,24,30,8496,16831,9961,6870,47,21,PM_VEGA,SRV-NODE-1
ERP-00171,PROJ-9369,Lima,Videoconference,174,186,45414,92799,58401,34398,46,18,PM_VEGA,SRV-NODE-2
ERP-00172,PROJ-8026,Arequipa,Business Proc,49,54,17689,36409,18776,17633,4,0,PM_MEZA,SRV-NODE-1
ERP-00173,PROJ-8018,Iquitos,Project Mgmt,46,61,25852,44727,25866,18861,43,30,PM_PEREZ,SRV-NODE-4
ERP-00174,PROJ-8868,Trujillo,Videoconference,92,123,18492,31398,24013,7385,21,26,PM_RIVAS,SRV-NODE-4
ERP-00175,PROJ-5603,Piura,Business Proc,91,120,32669,52776,35760,17016,16,23,PM_VEGA,SRV-NODE-8
ERP-00176,PROJ-5758,Huancayo,Videoconference,138,178,73416,137032,93711,43321,24,12,PM_SOTO,SRV-NODE-6
ERP-00177,PROJ-8908,Iquitos,Videoconference,74,90,43586,93055,45934,47121,36,42,PM_RIVAS,SRV-NODE-9
ERP-00178,PROJ-4607,Puno,Audiovisual,20,20,9400,19239,10944,8295,29,45,PM_PEREZ,SRV-NODE-8
ERP-00179,PROJ-1479,Iquitos,Business Proc,158,193,77262,140017,80983,59034,7,11,PM_VEGA,SRV-NODE-5
ERP-00180,PROJ-1218,Lima,Project Mgmt,117,141,53235,106250,59133,47117,40,62,PM_PEREZ,SRV-NODE-8
ERP-00181,PROJ-9682,Puno,Business Proc,53,70,17278,29764,20354,9410,6,6,PM_VEGA,SRV-NODE-5
ERP-00182,PROJ-2901,Piura,Business Proc,89,92,39694,85121,49641,35480,46,64,PM_MEZA,SRV-NODE-8
ERP-00183,PROJ-1370,Cusco,Audiovisual,135,181,42660,75073,43387,31686,29,40,PM_PEREZ,SRV-NODE-2
ERP-00184,PROJ-2546,Puno,Videoconference,170,220,77350,167705,88901,78804,15,6,PM_PEREZ,SRV-NODE-5
ERP-00185,PROJ-6209,Puno,Business Proc,148,167,50912,94008,66778,27230,8,1,PM_MEZA,SRV-NODE-4
ERP-00186,PROJ-2047,Piura,Videoconference,163,203,75143,148786,101162,47624,42,47,PM_SOTO,SRV-NODE-3
ERP-00187,PROJ-3119,Piura,Videoconference,65,78,26195,49803,28884,20919,42,53,PM_MEZA,SRV-NODE-7
ERP-00188,PROJ-9091,Lima,Audiovisual,51,66,17340,33362,17340,16022,48,57,PM_VEGA,SRV-NODE-9
ERP-00189,PROJ-9019,Huancayo,Audiovisual,41,41,21935,46671,24393,22278,34,31,PM_PEREZ,SRV-NODE-8
ERP-00190,PROJ-4029,Cajamarca,Audiovisual,170,205,77180,132662,92233,40429,32,23,PM_PEREZ,SRV-NODE-10
ERP-00191,PROJ-5491,Huancayo,Audiovisual,125,140,28250,51450,37689,13761,3,2,PM_VEGA,SRV-NODE-6
ERP-00192,PROJ-8606,Cusco,Audiovisual,24,30,9960,20438,13602,6836,48,11,PM_PEREZ,SRV-NODE-7
ERP-00193,PROJ-2420,Arequipa,Business Proc,114,143,29640,55235,32298,22937,14,16,PM_MEZA,SRV-NODE-8
ERP-00194,PROJ-3785,Tacna,Audiovisual,142,175,30530,66441,36023,30418,32,14,PM_RIVAS,SRV-NODE-3
ERP-00195,PROJ-8643,Piura,Audiovisual,152,196,30856,66776,34059,32717,14,22,PM_SOTO,SRV-NODE-10
ERP-00196,PROJ-1666,Iquitos,Audiovisual,49,61,10927,23036,11377,11659,39,11,PM_SOTO,SRV-NODE-2
ERP-00197,PROJ-9508,Puno,Audiovisual,38,41,18468,33634,18834,14800,4,3,PM_SOTO,SRV-NODE-8
ERP-00198,PROJ-2696,Huancayo,Business Proc,53,60,25705,45163,26444,18719,10,1,PM_RIVAS,SRV-NODE-5
ERP-00199,PROJ-2771,Piura,Audiovisual,93,116,44082,73454,46599,26855,34,20,PM_RIVAS,SRV-NODE-2
ERP-00200,PROJ-9585,Lima,Videoconference,175,228,90825,148928,105601,43327,6,1,PM_PEREZ,SRV-NODE-7
ERP-00201,PROJ-1996,Trujillo,Business Proc,167,185,55277,101568,58425,43143,45,66,PM_PEREZ,SRV-NODE-1
ERP-00202,PROJ-6133,Lima,Business Proc,113,122,55370,100747,63214,37533,5,8,PM_RIVAS,SRV-NODE-2
ERP-00203,PROJ-4453,Puno,Videoconference,131,140,72836,118089,73892,44197,13,21,PM_MEZA,SRV-NODE-9
ERP-00204,PROJ-8184,Cusco,Audiovisual,111,135,43068,78422,43960,34462,28,18,PM_MEZA,SRV-NODE-5
ERP-00205,PROJ-5851,Lima,Project Mgmt,97,130,48888,101386,49540,51846,9,12,PM_RIVAS,SRV-NODE-4
ERP-00206,PROJ-5156,Tacna,Videoconference,73,86,19929,32259,27686,4573,29,9,PM_PEREZ,SRV-NODE-10
ERP-00207,PROJ-6440,Cajamarca,Project Mgmt,52,57,23088,45716,31307,14409,48,8,PM_SOTO,SRV-NODE-5
ERP-00208,PROJ-9457,Piura,Audiovisual,102,110,39780,65743,41773,23970,45,21,PM_VEGA,SRV-NODE-2
ERP-00209,PROJ-1823,Iquitos,Business Proc,146,187,67160,121765,91075,30690,9,8,PM_SOTO,SRV-NODE-3
ERP-00210,PROJ-4600,Lima,Business Proc,117,119,49959,82984,51323,31661,41,18,PM_PEREZ,SRV-NODE-6
ERP-00211,PROJ-1517,Iquitos,Audiovisual,157,198,70022,135155,83212,51943,42,64,PM_SOTO,SRV-NODE-10
ERP-00212,PROJ-4333,Arequipa,Project Mgmt,153,167,76653,140158,98450,41708,26,16,PM_SOTO,SRV-NODE-10
ERP-00213,PROJ-8647,Iquitos,Business Proc,80,81,32880,57282,43644,13638,9,13,PM_VEGA,SRV-NODE-5
ERP-00214,PROJ-3946,Cajamarca,Business Proc,125,128,75000,137846,98569,39277,38,6,PM_RIVAS,SRV-NODE-9
ERP-00215,PROJ-5328,Puno,Audiovisual,58,61,19024,34909,20467,14442,21,5,PM_MEZA,SRV-NODE-2
ERP-00216,PROJ-5939,Trujillo,Business Proc,170,183,69870,149888,93850,56038,8,6,PM_MEZA,SRV-NODE-10
ERP-00217,PROJ-8268,Piura,Project Mgmt,164,211,76752,125673,86646,39027,38,54,PM_VEGA,SRV-NODE-9
ERP-00218,PROJ-2075,Puno,Business Proc,170,199,81260,169282,87629,81653,39,24,PM_PEREZ,SRV-NODE-10
ERP-00219,PROJ-1296,Tacna,Videoconference,137,155,68637,134545,83388,51157,42,42,PM_SOTO,SRV-NODE-7
ERP-00220,PROJ-3145,Iquitos,Project Mgmt,118,139,34928,65468,37796,27672,27,6,PM_MEZA,SRV-NODE-10
ERP-00221,PROJ-4685,Huancayo,Project Mgmt,165,165,97185,180153,112478,67675,35,60,PM_MEZA,SRV-NODE-3
ERP-00222,PROJ-1538,Trujillo,Business Proc,132,172,27984,59820,34331,25489,35,57,PM_MEZA,SRV-NODE-4
ERP-00223,PROJ-4449,Huancayo,Business Proc,139,160,68388,123316,87243,36073,7,7,PM_PEREZ,SRV-NODE-6
ERP-00224,PROJ-6060,Iquitos,Business Proc,40,49,8040,16120,9731,6389,29,51,PM_PEREZ,SRV-NODE-7
ERP-00225,PROJ-4355,Lima,Project Mgmt,73,80,37230,76385,38829,37556,45,52,PM_VEGA,SRV-NODE-9
ERP-00226,PROJ-6079,Cajamarca,Videoconference,31,40,10850,22343,12987,9356,27,41,PM_VEGA,SRV-NODE-3
ERP-00227,PROJ-7541,Piura,Videoconference,25,30,8275,15690,10744,4946,46,61,PM_MEZA,SRV-NODE-4
ERP-00228,PROJ-2584,Arequipa,Videoconference,118,139,40120,87389,43566,43823,3,3,PM_MEZA,SRV-NODE-3
ERP-00229,PROJ-4117,Trujillo,Audiovisual,130,165,73840,118863,94176,24687,15,23,PM_VEGA,SRV-NODE-2
ERP-00230,PROJ-3071,Cusco,Project Mgmt,133,145,64239,118173,66328,51845,5,7,PM_RIVAS,SRV-NODE-7
ERP-00231,PROJ-1300,Cajamarca,Audiovisual,44,55,10340,17168,12955,4213,35,40,PM_RIVAS,SRV-NODE-1
ERP-00232,PROJ-9485,Puno,Audiovisual,121,131,47069,97553,63933,33620,50,58,PM_MEZA,SRV-NODE-3
ERP-00233,PROJ-3471,Arequipa,Videoconference,173,187,91690,199208,99653,99555,34,14,PM_PEREZ,SRV-NODE-1
ERP-00234,PROJ-4510,Lima,Project Mgmt,110,111,36740,79970,45785,34185,49,16,PM_PEREZ,SRV-NODE-10
ERP-00235,PROJ-6600,Iquitos,Project Mgmt,63,63,15183,28305,18316,9989,29,19,PM_MEZA,SRV-NODE-2
ERP-00236,PROJ-7756,Puno,Project Mgmt,37,42,16872,29988,19268,10720,43,33,PM_VEGA,SRV-NODE-10
ERP-00237,PROJ-3204,Iquitos,Project Mgmt,138,179,52026,99912,61650,38262,10,15,PM_PEREZ,SRV-NODE-10
ERP-00238,PROJ-9059,Trujillo,Project Mgmt,123,161,70110,122650,83879,38771,18,4,PM_PEREZ,SRV-NODE-3
ERP-00239,PROJ-5370,Arequipa,Business Proc,115,116,29210,58517,29835,28682,19,17,PM_MEZA,SRV-NODE-9
ERP-00240,PROJ-3517,Lima,Project Mgmt,81,99,21141,36515,21341,15174,47,8,PM_MEZA,SRV-NODE-4
ERP-00241,PROJ-7027,Iquitos,Audiovisual,54,60,16794,29968,17230,12738,38,9,PM_RIVAS,SRV-NODE-9
ERP-00242,PROJ-6110,Tacna,Audiovisual,160,166,64480,121300,78470,42830,33,41,PM_SOTO,SRV-NODE-1
ERP-00243,PROJ-3028,Puno,Audiovisual,153,153,61353,122104,80935,41169,43,63,PM_PEREZ,SRV-NODE-6
ERP-00244,PROJ-1431,Lima,Business Proc,141,182,62181,133456,83536,49920,39,40,PM_SOTO,SRV-NODE-1
ERP-00245,PROJ-4101,Puno,Project Mgmt,115,127,25645,42954,29158,13796,4,1,PM_VEGA,SRV-NODE-6
ERP-00246,PROJ-9382,Cusco,Business Proc,146,180,75482,148857,85251,63606,17,11,PM_SOTO,SRV-NODE-3
ERP-00247,PROJ-5245,Piura,Audiovisual,135,162,32265,68218,33387,34831,44,75,PM_MEZA,SRV-NODE-8
ERP-00248,PROJ-4881,Puno,Videoconference,124,159,42656,86808,44024,42784,33,13,PM_MEZA,SRV-NODE-3
ERP-00249,PROJ-7991,Huancayo,Business Proc,128,139,65920,137163,75300,61863,45,33,PM_SOTO,SRV-NODE-8
ERP-00250,PROJ-8786,Iquitos,Videoconference,140,185,77280,144610,100166,44444,19,2,PM_VEGA,SRV-NODE-10
ERP-00251,PROJ-3072,Lima,Videoconference,39,41,20748,44779,26284,18495,8,10,PM_VEGA,SRV-NODE-8
ERP-00252,PROJ-2640,Puno,Videoconference,48,51,10608,20540,13812,6728,49,85,PM_SOTO,SRV-NODE-7
ERP-00253,PROJ-6560,Lima,Business Proc,118,155,41772,74412,47568,26844,16,16,PM_RIVAS,SRV-NODE-7
ERP-00254,PROJ-1041,Iquitos,Project Mgmt,99,110,22671,48852,29349,19503,5,4,PM_RIVAS,SRV-NODE-10
ERP-00255,PROJ-1085,Arequipa,Business Proc,150,177,84150,182317,90193,92124,46,71,PM_PEREZ,SRV-NODE-7
ERP-00256,PROJ-8267,Tacna,Project Mgmt,157,163,76616,154326,98239,56087,26,27,PM_SOTO,SRV-NODE-1
ERP-00257,PROJ-3494,Lima,Project Mgmt,107,119,48364,103546,51802,51744,22,27,PM_SOTO,SRV-NODE-7
ERP-00258,PROJ-6273,Cajamarca,Business Proc,127,136,73025,118915,82957,35958,47,48,PM_RIVAS,SRV-NODE-1
ERP-00259,PROJ-6180,Piura,Project Mgmt,71,72,37772,67710,41719,25991,35,25,PM_VEGA,SRV-NODE-9
ERP-00260,PROJ-1570,Huancayo,Audiovisual,101,114,57772,124813,78032,46781,7,8,PM_SOTO,SRV-NODE-1
ERP-00261,PROJ-6183,Huancayo,Project Mgmt,37,43,21645,43985,27803,16182,21,29,PM_PEREZ,SRV-NODE-6
ERP-00262,PROJ-5337,Puno,Business Proc,159,179,52311,94188,56976,37212,48,53,PM_MEZA,SRV-NODE-3
ERP-00263,PROJ-5612,Tacna,Project Mgmt,169,214,52728,93864,54303,39561,22,11,PM_SOTO,SRV-NODE-10
ERP-00264,PROJ-1554,Lima,Videoconference,123,142,49692,99426,57553,41873,44,7,PM_VEGA,SRV-NODE-9
ERP-00265,PROJ-4578,Puno,Videoconference,39,47,20592,36423,24774,11649,30,51,PM_MEZA,SRV-NODE-3
ERP-00266,PROJ-9646,Trujillo,Project Mgmt,69,77,20493,33356,23133,10223,35,27,PM_PEREZ,SRV-NODE-1
ERP-00267,PROJ-2317,Arequipa,Videoconference,93,107,30318,58172,33239,24933,48,25,PM_RIVAS,SRV-NODE-9
ERP-00268,PROJ-5903,Cusco,Videoconference,154,181,74690,145130,82098,63032,33,20,PM_VEGA,SRV-NODE-9
ERP-00269,PROJ-9204,Piura,Project Mgmt,109,143,52756,91543,58163,33380,34,20,PM_SOTO,SRV-NODE-6
ERP-00270,PROJ-8477,Cusco,Videoconference,96,125,56256,116170,75598,40572,18,12,PM_VEGA,SRV-NODE-5
ERP-00271,PROJ-6649,Huancayo,Project Mgmt,119,132,42126,85958,43751,42207,17,6,PM_SOTO,SRV-NODE-1
ERP-00272,PROJ-1919,Arequipa,Audiovisual,173,194,59858,104068,70485,33583,25,17,PM_SOTO,SRV-NODE-6
ERP-00273,PROJ-5277,Cajamarca,Business Proc,118,123,44722,88722,44926,43796,18,9,PM_MEZA,SRV-NODE-7
ERP-00274,PROJ-6460,Tacna,Business Proc,146,185,36062,66943,49895,17048,23,28,PM_RIVAS,SRV-NODE-3
ERP-00275,PROJ-3179,Arequipa,Project Mgmt,61,65,27389,45881,31734,14147,46,57,PM_SOTO,SRV-NODE-5
ERP-00276,PROJ-9394,Tacna,Project Mgmt,148,192,65120,127759,88902,38857,28,11,PM_PEREZ,SRV-NODE-1
ERP-00277,PROJ-4876,Iquitos,Business Proc,60,76,13140,27519,16250,11269,14,23,PM_VEGA,SRV-NODE-2
ERP-00278,PROJ-3715,Arequipa,Project Mgmt,83,92,34445,71015,39647,31368,3,4,PM_VEGA,SRV-NODE-4
ERP-00279,PROJ-6705,Huancayo,Business Proc,141,163,74166,122193,92073,30120,41,48,PM_RIVAS,SRV-NODE-8
ERP-00280,PROJ-6658,Lima,Videoconference,131,161,44016,74525,54029,20496,39,9,PM_PEREZ,SRV-NODE-3
ERP-00281,PROJ-1524,Cusco,Project Mgmt,168,199,68040,123737,82323,41414,28,41,PM_PEREZ,SRV-NODE-8
ERP-00282,PROJ-8259,Iquitos,Audiovisual,172,176,56072,90755,65026,25729,46,36,PM_RIVAS,SRV-NODE-8
ERP-00283,PROJ-4547,Huancayo,Audiovisual,51,68,19074,34365,26563,7802,40,60,PM_SOTO,SRV-NODE-8
ERP-00284,PROJ-7132,Cajamarca,Audiovisual,155,185,72540,143102,84689,58413,33,30,PM_SOTO,SRV-NODE-3
ERP-00285,PROJ-3938,Piura,Videoconference,20,23,8320,15218,10694,4524,7,5,PM_VEGA,SRV-NODE-1
ERP-00286,PROJ-3022,Piura,Audiovisual,100,131,59700,104858,61492,43366,48,68,PM_PEREZ,SRV-NODE-6
ERP-00287,PROJ-8285,Puno,Project Mgmt,48,52,9600,18751,12240,6511,41,48,PM_SOTO,SRV-NODE-1
ERP-00288,PROJ-5480,Cusco,Project Mgmt,108,134,21708,36263,26245,10018,43,32,PM_RIVAS,SRV-NODE-8
ERP-00289,PROJ-2008,Puno,Project Mgmt,27,30,11448,24540,12001,12539,7,4,PM_PEREZ,SRV-NODE-4
ERP-00290,PROJ-6938,Puno,Business Proc,166,207,61254,107643,73905,33738,32,50,PM_RIVAS,SRV-NODE-4
ERP-00291,PROJ-9722,Huancayo,Videoconference,77,79,16093,34180,17693,16487,17,5,PM_SOTO,SRV-NODE-4
ERP-00292,PROJ-8931,Lima,Project Mgmt,54,59,30456,59525,33045,26480,14,5,PM_MEZA,SRV-NODE-7
ERP-00293,PROJ-1753,Lima,Videoconference,29,34,10237,19487,11267,8220,13,9,PM_SOTO,SRV-NODE-4
ERP-00294,PROJ-3841,Puno,Videoconference,180,220,89820,192151,114005,78146,3,4,PM_VEGA,SRV-NODE-4
ERP-00295,PROJ-9832,Lima,Audiovisual,162,170,40176,86651,55485,31166,41,32,PM_PEREZ,SRV-NODE-10
ERP-00296,PROJ-9618,Piura,Audiovisual,105,121,61215,98387,75234,23153,46,10,PM_PEREZ,SRV-NODE-10
ERP-00297,PROJ-9962,Huancayo,Business Proc,34,34,11968,20471,12515,7956,9,15,PM_PEREZ,SRV-NODE-8
ERP-00298,PROJ-7188,Iquitos,Project Mgmt,131,169,30654,51069,37234,13835,47,5,PM_PEREZ,SRV-NODE-8
ERP-00299,PROJ-1477,Trujillo,Audiovisual,153,157,67014,127402,83410,43992,49,6,PM_SOTO,SRV-NODE-7
ERP-00300,PROJ-8080,Huancayo,Project Mgmt,161,163,65205,107485,72864,34621,35,43,PM_RIVAS,SRV-NODE-9
ERP-00301,PROJ-8098,Piura,Business Proc,21,23,12138,24604,16509,8095,9,12,PM_MEZA,SRV-NODE-4
ERP-00302,PROJ-9407,Tacna,Videoconference,123,160,65190,120684,91018,29666,17,18,PM_SOTO,SRV-NODE-1
ERP-00303,PROJ-9883,Huancayo,Videoconference,168,168,98784,195493,137881,57612,38,12,PM_VEGA,SRV-NODE-1
ERP-00304,PROJ-3808,Lima,Audiovisual,42,55,14112,24322,14965,9357,4,4,PM_VEGA,SRV-NODE-3
ERP-00305,PROJ-1785,Iquitos,Audiovisual,144,158,63936,113393,85725,27668,21,28,PM_PEREZ,SRV-NODE-2
ERP-00306,PROJ-8799,Lima,Business Proc,49,62,17640,30528,24540,5988,40,48,PM_MEZA,SRV-NODE-2
ERP-00307,PROJ-2637,Trujillo,Project Mgmt,104,115,32448,61551,38741,22810,16,9,PM_VEGA,SRV-NODE-10
ERP-00308,PROJ-8865,Tacna,Business Proc,166,203,82502,162132,110543,51589,35,17,PM_PEREZ,SRV-NODE-10
ERP-00309,PROJ-4991,Tacna,Project Mgmt,49,55,24843,45675,30458,15217,46,78,PM_MEZA,SRV-NODE-1
ERP-00310,PROJ-8486,Cajamarca,Videoconference,39,52,8268,14875,9538,5337,40,28,PM_PEREZ,SRV-NODE-4
ERP-00311,PROJ-6415,Trujillo,Videoconference,28,33,16184,33065,17539,15526,7,7,PM_VEGA,SRV-NODE-6
ERP-00312,PROJ-1042,Lima,Videoconference,137,171,59184,95258,64071,31187,29,3,PM_VEGA,SRV-NODE-6
ERP-00313,PROJ-5750,Iquitos,Project Mgmt,137,182,52745,106631,73193,33438,18,27,PM_MEZA,SRV-NODE-3
ERP-00314,PROJ-4419,Lima,Project Mgmt,30,33,13740,26175,18029,8146,14,20,PM_VEGA,SRV-NODE-3
ERP-00315,PROJ-9749,Iquitos,Audiovisual,177,185,41241,90017,50351,39666,39,35,PM_VEGA,SRV-NODE-9
ERP-00316,PROJ-5974,Puno,Audiovisual,108,116,49356,106719,64080,42639,48,55,PM_VEGA,SRV-NODE-4
ERP-00317,PROJ-1238,Trujillo,Business Proc,44,49,20240,41740,20540,21200,11,7,PM_VEGA,SRV-NODE-10
ERP-00318,PROJ-9531,Cajamarca,Audiovisual,56,70,26880,45747,36561,9186,31,6,PM_PEREZ,SRV-NODE-3
ERP-00319,PROJ-7841,Cajamarca,Videoconference,91,120,49959,93559,55172,38387,31,13,PM_VEGA,SRV-NODE-6
ERP-00320,PROJ-6103,Huancayo,Project Mgmt,30,35,9570,20782,9602,11180,9,5,PM_SOTO,SRV-NODE-5
ERP-00321,PROJ-8279,Puno,Project Mgmt,79,93,34286,58202,40100,18102,19,21,PM_RIVAS,SRV-NODE-6
ERP-00322,PROJ-9929,Piura,Project Mgmt,50,54,22150,40620,24917,15703,10,16,PM_PEREZ,SRV-NODE-9
ERP-00323,PROJ-8543,Piura,Videoconference,86,115,19178,39674,22079,17595,47,65,PM_MEZA,SRV-NODE-10
ERP-00324,PROJ-2871,Lima,Audiovisual,136,162,57528,123970,70745,53225,16,20,PM_RIVAS,SRV-NODE-6
ERP-00325,PROJ-8593,Cusco,Videoconference,179,236,67841,149225,74953,74272,29,49,PM_PEREZ,SRV-NODE-9
ERP-00326,PROJ-6355,Trujillo,Project Mgmt,83,91,34860,72288,46967,25321,26,14,PM_PEREZ,SRV-NODE-9
ERP-00327,PROJ-7440,Cusco,Videoconference,39,46,14664,23698,16344,7354,44,25,PM_MEZA,SRV-NODE-8
ERP-00328,PROJ-6389,Trujillo,Audiovisual,171,173,81909,173486,107727,65759,13,1,PM_PEREZ,SRV-NODE-8
ERP-00329,PROJ-3756,Huancayo,Videoconference,20,23,6320,10279,6834,3445,30,10,PM_RIVAS,SRV-NODE-5
ERP-00330,PROJ-9478,Cusco,Business Proc,101,125,39794,64734,47413,17321,8,4,PM_PEREZ,SRV-NODE-1
ERP-00331,PROJ-7417,Huancayo,Audiovisual,136,155,71808,123477,82849,40628,32,56,PM_SOTO,SRV-NODE-5
ERP-00332,PROJ-8496,Trujillo,Business Proc,169,206,100217,163077,100515,62562,33,19,PM_SOTO,SRV-NODE-9
ERP-00333,PROJ-4377,Tacna,Project Mgmt,54,71,29538,64935,29928,35007,18,7,PM_MEZA,SRV-NODE-6
ERP-00334,PROJ-1037,Lima,Business Proc,131,147,73491,141738,101266,40472,31,32,PM_RIVAS,SRV-NODE-3
ERP-00335,PROJ-6408,Tacna,Audiovisual,32,42,16416,26866,19610,7256,14,8,PM_MEZA,SRV-NODE-8
ERP-00336,PROJ-1254,Trujillo,Business Proc,57,65,31293,56525,39374,17151,37,63,PM_PEREZ,SRV-NODE-1
ERP-00337,PROJ-1065,Huancayo,Business Proc,23,29,7774,13429,10364,3065,3,1,PM_SOTO,SRV-NODE-6
ERP-00338,PROJ-2449,Iquitos,Videoconference,95,103,43225,79533,51283,28250,33,43,PM_RIVAS,SRV-NODE-7
ERP-00339,PROJ-3500,Cusco,Business Proc,151,179,77010,157911,102674,55237,38,42,PM_SOTO,SRV-NODE-3
ERP-00340,PROJ-5099,Piura,Project Mgmt,56,72,15120,29236,17384,11852,34,10,PM_SOTO,SRV-NODE-8
ERP-00341,PROJ-4922,Iquitos,Project Mgmt,86,110,29498,57555,38932,18623,21,21,PM_PEREZ,SRV-NODE-7
ERP-00342,PROJ-2708,Cajamarca,Project Mgmt,34,37,8806,16848,9193,7655,38,52,PM_RIVAS,SRV-NODE-9
ERP-00343,PROJ-7121,Piura,Audiovisual,107,116,54356,104806,58743,46063,8,14,PM_SOTO,SRV-NODE-10
ERP-00344,PROJ-1432,Cusco,Business Proc,54,72,25002,47209,29135,18074,6,4,PM_MEZA,SRV-NODE-6
ERP-00345,PROJ-7259,Huancayo,Project Mgmt,174,205,97614,167060,115013,52047,12,13,PM_MEZA,SRV-NODE-6
ERP-00346,PROJ-3214,Tacna,Business Proc,22,23,5346,9993,6726,3267,7,12,PM_SOTO,SRV-NODE-8
ERP-00347,PROJ-8321,Puno,Business Proc,108,110,50112,94392,57194,37198,4,7,PM_RIVAS,SRV-NODE-4
ERP-00348,PROJ-5909,Iquitos,Business Proc,36,37,14580,26096,19478,6618,47,71,PM_PEREZ,SRV-NODE-7
ERP-00349,PROJ-6979,Iquitos,Audiovisual,28,37,6860,13150,7625,5525,44,76,PM_VEGA,SRV-NODE-8
ERP-00350,PROJ-7360,Trujillo,Audiovisual,161,187,57316,108219,65713,42506,42,35,PM_MEZA,SRV-NODE-8
ERP-00351,PROJ-2059,Tacna,Audiovisual,133,157,38703,83636,43468,40168,10,2,PM_PEREZ,SRV-NODE-10
ERP-00352,PROJ-1362,Huancayo,Project Mgmt,31,36,13206,25932,16789,9143,9,4,PM_MEZA,SRV-NODE-2
ERP-00353,PROJ-9944,Tacna,Project Mgmt,91,117,36764,76082,43855,32227,36,49,PM_MEZA,SRV-NODE-10
ERP-00354,PROJ-1930,Trujillo,Videoconference,77,84,40579,88319,50955,37364,20,31,PM_MEZA,SRV-NODE-1
ERP-00355,PROJ-7459,Cusco,Videoconference,178,236,42542,75161,57193,17968,11,17,PM_MEZA,SRV-NODE-9
ERP-00356,PROJ-1019,Piura,Business Proc,175,197,58800,121684,67724,53960,48,79,PM_SOTO,SRV-NODE-1
ERP-00357,PROJ-3041,Cusco,Audiovisual,100,122,27500,50801,37275,13526,29,36,PM_SOTO,SRV-NODE-4
ERP-00358,PROJ-9977,Arequipa,Project Mgmt,125,160,43000,90073,50739,39334,24,17,PM_MEZA,SRV-NODE-5
ERP-00359,PROJ-7396,Huancayo,Business Proc,91,111,23933,45117,28208,16909,45,52,PM_RIVAS,SRV-NODE-2
ERP-00360,PROJ-2578,Cusco,Business Proc,75,81,30825,52203,32953,19250,15,2,PM_SOTO,SRV-NODE-6
ERP-00361,PROJ-6189,Trujillo,Videoconference,100,103,35500,64391,49622,14769,38,62,PM_PEREZ,SRV-NODE-2
ERP-00362,PROJ-9126,Huancayo,Project Mgmt,136,182,33592,56525,41012,15513,28,38,PM_SOTO,SRV-NODE-5
ERP-00363,PROJ-1176,Lima,Business Proc,55,60,19800,41382,25192,16190,23,15,PM_MEZA,SRV-NODE-4
ERP-00364,PROJ-5826,Cusco,Audiovisual,180,235,97200,163524,98024,65500,19,20,PM_RIVAS,SRV-NODE-7
ERP-00365,PROJ-1247,Tacna,Business Proc,72,85,27936,55845,30970,24875,46,20,PM_RIVAS,SRV-NODE-7
ERP-00366,PROJ-1334,Arequipa,Business Proc,175,214,94325,193623,128204,65419,15,8,PM_PEREZ,SRV-NODE-6
ERP-00367,PROJ-7863,Trujillo,Business Proc,21,24,8715,14968,11088,3880,7,11,PM_MEZA,SRV-NODE-5
ERP-00368,PROJ-5995,Piura,Audiovisual,105,135,38955,74773,52845,21928,34,28,PM_PEREZ,SRV-NODE-6
ERP-00369,PROJ-6485,Cajamarca,Audiovisual,90,95,34830,74699,45304,29395,3,4,PM_VEGA,SRV-NODE-9
ERP-00370,PROJ-6429,Iquitos,Audiovisual,124,156,56668,93093,75431,17662,47,66,PM_PEREZ,SRV-NODE-7
ERP-00371,PROJ-4015,Iquitos,Project Mgmt,36,40,13464,23069,17582,5487,25,40,PM_SOTO,SRV-NODE-4
ERP-00372,PROJ-7347,Cajamarca,Videoconference,30,37,8130,16366,8432,7934,6,1,PM_SOTO,SRV-NODE-4
ERP-00373,PROJ-5864,Lima,Videoconference,132,169,62568,126582,65831,60751,50,27,PM_MEZA,SRV-NODE-3
ERP-00374,PROJ-3954,Cusco,Project Mgmt,117,126,58149,110697,75785,34912,6,7,PM_RIVAS,SRV-NODE-1
ERP-00375,PROJ-7358,Piura,Business Proc,48,53,27216,44224,35378,8846,17,12,PM_RIVAS,SRV-NODE-1
ERP-00376,PROJ-5049,Cajamarca,Business Proc,41,43,15129,30123,19754,10369,13,15,PM_PEREZ,SRV-NODE-2
ERP-00377,PROJ-1618,Iquitos,Project Mgmt,149,156,55428,121818,61202,60616,46,73,PM_VEGA,SRV-NODE-3
ERP-00378,PROJ-6502,Cusco,Business Proc,105,141,34650,61325,36207,25118,25,9,PM_SOTO,SRV-NODE-9
ERP-00379,PROJ-7829,Lima,Project Mgmt,55,62,12430,25783,16556,9227,26,39,PM_MEZA,SRV-NODE-6
ERP-00380,PROJ-6783,Arequipa,Videoconference,99,107,38214,82613,46681,35932,11,12,PM_SOTO,SRV-NODE-4
ERP-00381,PROJ-6942,Tacna,Audiovisual,111,148,24420,46654,31674,14980,37,20,PM_MEZA,SRV-NODE-10
ERP-00382,PROJ-6557,Arequipa,Videoconference,65,87,13390,25189,17559,7630,15,15,PM_VEGA,SRV-NODE-1
ERP-00383,PROJ-1450,Cusco,Videoconference,157,202,74418,119837,81035,38802,26,16,PM_VEGA,SRV-NODE-3
ERP-00384,PROJ-4436,Cajamarca,Videoconference,136,166,51816,90844,56873,33971,23,15,PM_PEREZ,SRV-NODE-6
ERP-00385,PROJ-7897,Cusco,Business Proc,109,143,49377,103559,52955,50604,45,71,PM_PEREZ,SRV-NODE-8
ERP-00386,PROJ-7055,Arequipa,Project Mgmt,178,215,88110,141680,121454,20226,3,0,PM_VEGA,SRV-NODE-2
ERP-00387,PROJ-9843,Cusco,Audiovisual,168,170,68544,122527,84690,37837,19,22,PM_MEZA,SRV-NODE-7
ERP-00388,PROJ-3191,Cusco,Project Mgmt,119,142,31416,50512,38259,12253,12,12,PM_PEREZ,SRV-NODE-2
ERP-00389,PROJ-2290,Huancayo,Audiovisual,80,98,20160,35161,23089,12072,4,3,PM_MEZA,SRV-NODE-5
ERP-00390,PROJ-6786,Cajamarca,Videoconference,108,139,32724,63132,34280,28852,32,8,PM_SOTO,SRV-NODE-5
ERP-00391,PROJ-6172,Huancayo,Audiovisual,114,114,32262,67588,34878,32710,5,4,PM_RIVAS,SRV-NODE-6
ERP-00392,PROJ-1250,Arequipa,Business Proc,35,37,19740,31910,19803,12107,48,36,PM_VEGA,SRV-NODE-3
ERP-00393,PROJ-7492,Arequipa,Project Mgmt,175,215,51975,86087,58641,27446,43,28,PM_VEGA,SRV-NODE-3
ERP-00394,PROJ-4371,Iquitos,Videoconference,27,30,12987,22891,13094,9797,34,8,PM_MEZA,SRV-NODE-10
ERP-00395,PROJ-4124,Tacna,Project Mgmt,140,144,50960,89534,54946,34588,34,59,PM_PEREZ,SRV-NODE-10
ERP-00396,PROJ-2409,Iquitos,Audiovisual,96,102,55776,117931,67044,50887,24,22,PM_VEGA,SRV-NODE-7
ERP-00397,PROJ-5886,Lima,Audiovisual,61,64,30439,63030,33255,29775,50,52,PM_SOTO,SRV-NODE-2
ERP-00398,PROJ-2239,Trujillo,Project Mgmt,168,217,46872,97564,57920,39644,14,12,PM_MEZA,SRV-NODE-4
ERP-00399,PROJ-7104,Huancayo,Videoconference,37,37,20572,40555,22989,17566,49,37,PM_MEZA,SRV-NODE-9
ERP-00400,PROJ-3364,Trujillo,Videoconference,79,93,38552,71384,48419,22965,18,25,PM_RIVAS,SRV-NODE-2
ERP-00401,PROJ-3982,Cusco,Videoconference,160,174,85760,170503,89719,80784,36,3,PM_RIVAS,SRV-NODE-8
ERP-00402,PROJ-7813,Trujillo,Project Mgmt,134,145,61104,121571,68216,53355,21,11,PM_SOTO,SRV-NODE-5
ERP-00403,PROJ-7067,Lima,Videoconference,163,191,69112,150566,87504,63062,6,9,PM_VEGA,SRV-NODE-5
ERP-00404,PROJ-4210,Cajamarca,Business Proc,36,46,9144,16727,9742,6985,8,1,PM_PEREZ,SRV-NODE-4
ERP-00405,PROJ-3934,Puno,Videoconference,138,184,35190,73822,38393,35429,16,22,PM_RIVAS,SRV-NODE-2
ERP-00406,PROJ-1341,Tacna,Project Mgmt,141,180,39198,80202,43072,37130,33,21,PM_PEREZ,SRV-NODE-4
ERP-00407,PROJ-9357,Lima,Project Mgmt,84,103,31416,50866,42411,8455,6,6,PM_RIVAS,SRV-NODE-6
ERP-00408,PROJ-4151,Huancayo,Business Proc,59,61,16933,28890,17238,11652,50,65,PM_VEGA,SRV-NODE-6
ERP-00409,PROJ-1301,Iquitos,Audiovisual,114,114,58368,111708,63414,48294,49,23,PM_RIVAS,SRV-NODE-7
ERP-00410,PROJ-2011,Iquitos,Business Proc,31,40,11160,23900,12804,11096,50,85,PM_VEGA,SRV-NODE-2
ERP-00411,PROJ-9999,Tacna,Business Proc,165,178,80190,131716,81835,49881,46,46,PM_VEGA,SRV-NODE-4
ERP-00412,PROJ-6388,Cajamarca,Videoconference,23,26,11983,21467,14571,6896,16,28,PM_RIVAS,SRV-NODE-5
ERP-00413,PROJ-8456,Tacna,Videoconference,30,33,7140,15040,8907,6133,46,22,PM_PEREZ,SRV-NODE-2
ERP-00414,PROJ-6118,Piura,Audiovisual,152,182,71136,120140,96450,23690,35,16,PM_PEREZ,SRV-NODE-4
ERP-00415,PROJ-1941,Cajamarca,Business Proc,33,40,16302,32185,19541,12644,17,28,PM_SOTO,SRV-NODE-6
ERP-00416,PROJ-5327,Lima,Videoconference,119,123,65212,128404,82686,45718,11,9,PM_PEREZ,SRV-NODE-3
ERP-00417,PROJ-2353,Cusco,Audiovisual,150,195,76200,124468,77645,46823,13,23,PM_VEGA,SRV-NODE-5
ERP-00418,PROJ-9497,Cusco,Audiovisual,122,158,36722,77943,40999,36944,36,39,PM_PEREZ,SRV-NODE-10
ERP-00419,PROJ-6919,Arequipa,Business Proc,93,95,35991,77946,36938,41008,3,0,PM_SOTO,SRV-NODE-1
ERP-00420,PROJ-6872,Huancayo,Project Mgmt,123,124,42312,93072,48747,44325,15,26,PM_RIVAS,SRV-NODE-9
ERP-00421,PROJ-6617,Piura,Business Proc,49,52,26558,47356,30820,16536,39,31,PM_VEGA,SRV-NODE-4
ERP-00422,PROJ-2701,Arequipa,Audiovisual,102,121,55488,89071,65683,23388,47,56,PM_PEREZ,SRV-NODE-7
ERP-00423,PROJ-4922,Tacna,Business Proc,142,176,46008,89744,48690,41054,27,6,PM_MEZA,SRV-NODE-4
ERP-00424,PROJ-2219,Tacna,Audiovisual,156,168,32604,53344,43782,9562,48,70,PM_SOTO,SRV-NODE-5
ERP-00425,PROJ-3600,Arequipa,Business Proc,71,72,39405,69951,50375,19576,33,19,PM_MEZA,SRV-NODE-10
ERP-00426,PROJ-3518,Trujillo,Audiovisual,173,208,94285,152908,100798,52110,9,8,PM_MEZA,SRV-NODE-2
ERP-00427,PROJ-1599,Piura,Project Mgmt,120,147,42120,92070,53894,38176,14,14,PM_PEREZ,SRV-NODE-4
ERP-00428,PROJ-9684,Cajamarca,Project Mgmt,110,116,33660,71525,35957,35568,40,48,PM_PEREZ,SRV-NODE-2
ERP-00429,PROJ-3285,Puno,Audiovisual,70,82,21490,35193,29436,5757,7,11,PM_VEGA,SRV-NODE-9
ERP-00430,PROJ-2497,Trujillo,Project Mgmt,128,154,60800,106143,74681,31462,7,2,PM_SOTO,SRV-NODE-8
ERP-00431,PROJ-8577,Trujillo,Business Proc,66,80,17292,32038,22146,9892,43,77,PM_RIVAS,SRV-NODE-8
ERP-00432,PROJ-2555,Cajamarca,Audiovisual,139,186,83400,141576,105427,36149,12,5,PM_MEZA,SRV-NODE-4
ERP-00433,PROJ-8580,Tacna,Videoconference,23,25,8165,15065,11348,3717,37,52,PM_PEREZ,SRV-NODE-7
ERP-00434,PROJ-7778,Piura,Business Proc,175,209,45675,82210,57823,24387,19,9,PM_PEREZ,SRV-NODE-5
ERP-00435,PROJ-1630,Huancayo,Project Mgmt,166,208,54448,117536,58609,58927,8,5,PM_RIVAS,SRV-NODE-5
ERP-00436,PROJ-9517,Trujillo,Business Proc,115,116,26910,50643,27187,23456,48,33,PM_PEREZ,SRV-NODE-7
ERP-00437,PROJ-3020,Lima,Audiovisual,56,68,22792,49568,24421,25147,10,13,PM_PEREZ,SRV-NODE-7
ERP-00438,PROJ-8812,Cusco,Videoconference,156,204,82992,135329,88762,46567,12,11,PM_MEZA,SRV-NODE-8
ERP-00439,PROJ-7306,Arequipa,Videoconference,175,197,74025,161257,75662,85595,31,11,PM_RIVAS,SRV-NODE-4
ERP-00440,PROJ-5313,Lima,Audiovisual,47,47,21761,37809,29915,7894,33,16,PM_VEGA,SRV-NODE-4
ERP-00441,PROJ-7397,Trujillo,Project Mgmt,142,180,33938,60967,34752,26215,8,13,PM_MEZA,SRV-NODE-10
ERP-00442,PROJ-3751,Cusco,Business Proc,77,97,38346,74476,44473,30003,50,78,PM_VEGA,SRV-NODE-5
ERP-00443,PROJ-3017,Cusco,Videoconference,45,48,9090,19682,11265,8417,45,55,PM_RIVAS,SRV-NODE-2
ERP-00444,PROJ-6236,Iquitos,Business Proc,100,111,20800,37504,23093,14411,5,2,PM_MEZA,SRV-NODE-5
ERP-00445,PROJ-6044,Trujillo,Project Mgmt,167,205,63126,107487,67658,39829,22,30,PM_VEGA,SRV-NODE-4
ERP-00446,PROJ-8806,Cajamarca,Project Mgmt,150,182,55650,94120,75945,18175,30,20,PM_RIVAS,SRV-NODE-3
ERP-00447,PROJ-2859,Cajamarca,Business Proc,180,240,84240,148630,107128,41502,16,1,PM_MEZA,SRV-NODE-5
ERP-00448,PROJ-1918,Tacna,Business Proc,130,168,67990,119330,92844,26486,32,6,PM_SOTO,SRV-NODE-2
ERP-00449,PROJ-5096,Iquitos,Audiovisual,102,124,56916,116736,69253,47483,41,29,PM_RIVAS,SRV-NODE-1
ERP-00450,PROJ-3446,Trujillo,Project Mgmt,140,143,81060,156449,106116,50333,26,9,PM_PEREZ,SRV-NODE-4
ERP-00451,PROJ-6095,Cajamarca,Audiovisual,60,61,25200,53303,27163,26140,40,24,PM_SOTO,SRV-NODE-5
ERP-00452,PROJ-3303,Arequipa,Project Mgmt,154,182,71456,140935,82867,58068,4,2,PM_PEREZ,SRV-NODE-9
ERP-00453,PROJ-9489,Tacna,Videoconference,63,80,32130,54550,33217,21333,45,20,PM_VEGA,SRV-NODE-10
ERP-00454,PROJ-2783,Cajamarca,Business Proc,50,66,26250,45042,36458,8584,45,24,PM_PEREZ,SRV-NODE-2
ERP-00455,PROJ-9612,Trujillo,Audiovisual,145,176,53505,96224,62069,34155,31,33,PM_RIVAS,SRV-NODE-6
ERP-00456,PROJ-6319,Tacna,Videoconference,96,116,25344,44840,31751,13089,35,51,PM_MEZA,SRV-NODE-4
ERP-00457,PROJ-6801,Cusco,Videoconference,84,106,32928,70571,37269,33302,41,26,PM_PEREZ,SRV-NODE-10
ERP-00458,PROJ-9450,Cajamarca,Videoconference,75,89,30825,61911,34489,27422,28,47,PM_VEGA,SRV-NODE-7
ERP-00459,PROJ-4780,Iquitos,Audiovisual,69,84,34293,60522,40096,20426,45,15,PM_RIVAS,SRV-NODE-7
ERP-00460,PROJ-9698,Arequipa,Project Mgmt,129,149,72240,132779,81943,50836,23,34,PM_VEGA,SRV-NODE-2
ERP-00461,PROJ-3085,Iquitos,Business Proc,124,159,53568,98543,69312,29231,5,7,PM_RIVAS,SRV-NODE-4
ERP-00462,PROJ-3011,Iquitos,Videoconference,20,20,4580,8275,6083,2192,6,4,PM_SOTO,SRV-NODE-5
ERP-00463,PROJ-3291,Arequipa,Videoconference,88,104,29216,64241,37623,26618,6,8,PM_RIVAS,SRV-NODE-1
ERP-00464,PROJ-5102,Arequipa,Business Proc,52,59,19760,34398,27292,7106,23,15,PM_PEREZ,SRV-NODE-6
ERP-00465,PROJ-4775,Puno,Audiovisual,175,201,65625,108496,73054,35442,12,14,PM_SOTO,SRV-NODE-6
ERP-00466,PROJ-1976,Trujillo,Business Proc,35,41,19460,39121,22370,16751,23,28,PM_MEZA,SRV-NODE-3
ERP-00467,PROJ-3413,Iquitos,Audiovisual,175,199,82775,174022,103524,70498,33,10,PM_SOTO,SRV-NODE-3
ERP-00468,PROJ-1256,Puno,Project Mgmt,75,85,20475,33259,25307,7952,4,6,PM_SOTO,SRV-NODE-9
ERP-00469,PROJ-1879,Tacna,Project Mgmt,61,65,34892,67772,39530,28242,21,30,PM_SOTO,SRV-NODE-4
ERP-00470,PROJ-5868,Piura,Project Mgmt,103,105,31827,63100,42583,20517,24,32,PM_PEREZ,SRV-NODE-5
ERP-00471,PROJ-8904,Arequipa,Business Proc,62,70,27156,57222,34851,22371,7,8,PM_RIVAS,SRV-NODE-4
ERP-00472,PROJ-3170,Tacna,Project Mgmt,178,181,59986,130852,73143,57709,33,25,PM_SOTO,SRV-NODE-8
ERP-00473,PROJ-9859,Puno,Business Proc,160,172,49760,89547,67030,22517,32,13,PM_PEREZ,SRV-NODE-2
ERP-00474,PROJ-9209,Tacna,Videoconference,128,157,35584,75591,41252,34339,37,6,PM_PEREZ,SRV-NODE-4
ERP-00475,PROJ-6634,Arequipa,Business Proc,46,60,14444,24286,19834,4452,49,6,PM_VEGA,SRV-NODE-7
ERP-00476,PROJ-4216,Arequipa,Videoconference,112,131,40544,82817,42012,40805,49,23,PM_RIVAS,SRV-NODE-10
ERP-00477,PROJ-9144,Trujillo,Videoconference,25,33,5025,9259,6676,2583,25,42,PM_VEGA,SRV-NODE-1
ERP-00478,PROJ-1557,Cajamarca,Project Mgmt,176,201,41712,86501,58320,28181,7,4,PM_MEZA,SRV-NODE-7
ERP-00479,PROJ-5876,Piura,Business Proc,94,115,50290,97403,55494,41909,22,9,PM_SOTO,SRV-NODE-6
ERP-00480,PROJ-8310,Huancayo,Project Mgmt,31,39,9517,15893,10960,4933,9,16,PM_RIVAS,SRV-NODE-5
ERP-00481,PROJ-2692,Tacna,Videoconference,161,213,91448,188629,115745,72884,34,15,PM_PEREZ,SRV-NODE-4
ERP-00482,PROJ-8981,Cajamarca,Business Proc,173,188,89095,159460,109758,49702,3,3,PM_VEGA,SRV-NODE-6
ERP-00483,PROJ-3532,Lima,Audiovisual,151,183,40317,71146,41967,29179,22,13,PM_PEREZ,SRV-NODE-6
ERP-00484,PROJ-1890,Iquitos,Project Mgmt,145,176,56405,98684,70082,28602,43,35,PM_MEZA,SRV-NODE-2
ERP-00485,PROJ-2678,Lima,Videoconference,180,229,46800,83322,48348,34974,44,33,PM_VEGA,SRV-NODE-9
ERP-00486,PROJ-9101,Huancayo,Project Mgmt,70,77,27720,47789,33847,13942,7,9,PM_RIVAS,SRV-NODE-7
ERP-00487,PROJ-3590,Arequipa,Videoconference,138,170,78384,152791,100215,52576,7,3,PM_RIVAS,SRV-NODE-7
ERP-00488,PROJ-8714,Cajamarca,Business Proc,36,39,21240,46182,26752,19430,26,23,PM_PEREZ,SRV-NODE-2
ERP-00489,PROJ-7687,Iquitos,Videoconference,102,130,26214,51315,27178,24137,35,39,PM_VEGA,SRV-NODE-4
ERP-00490,PROJ-4245,Lima,Videoconference,56,72,13104,23721,14849,8872,26,28,PM_RIVAS,SRV-NODE-7
ERP-00491,PROJ-6865,Arequipa,Project Mgmt,46,51,21252,35537,26098,9439,45,23,PM_VEGA,SRV-NODE-5
ERP-00492,PROJ-4703,Lima,Videoconference,59,76,31919,55021,35609,19412,34,33,PM_PEREZ,SRV-NODE-9
ERP-00493,PROJ-3422,Iquitos,Project Mgmt,25,33,9500,15988,11307,4681,49,47,PM_PEREZ,SRV-NODE-7
ERP-00494,PROJ-4617,Huancayo,Videoconference,83,88,18509,31047,20340,10707,33,8,PM_MEZA,SRV-NODE-8
ERP-00495,PROJ-3172,Piura,Videoconference,75,83,44775,87894,45091,42803,28,11,PM_SOTO,SRV-NODE-8
ERP-00496,PROJ-4166,Huancayo,Business Proc,101,113,42420,73510,59209,14301,23,10,PM_RIVAS,SRV-NODE-7
ERP-00497,PROJ-7178,Cusco,Business Proc,161,181,91931,201580,121890,79690,46,75,PM_VEGA,SRV-NODE-10
ERP-00498,PROJ-1594,Huancayo,Audiovisual,61,65,28182,54504,37064,17440,49,14,PM_RIVAS,SRV-NODE-3
ERP-00499,PROJ-5063,Lima,Videoconference,96,125,33504,60533,45286,15247,15,18,PM_SOTO,SRV-NODE-6
ERP-00500,PROJ-5331,Cajamarca,Videoconference,70,78,20300,37815,26509,11306,30,43,PM_MEZA,SRV-NODE-1
ERP-00501,PROJ-1273,Cajamarca,Business Proc,75,100,25050,50553,25160,25393,34,54,PM_RIVAS,SRV-NODE-4
ERP-00502,PROJ-3769,Lima,Project Mgmt,82,106,22304,45656,24165,21491,50,75,PM_SOTO,SRV-NODE-1
ERP-00503,PROJ-7069,Piura,Videoconference,105,118,47670,96773,60767,36006,44,7,PM_PEREZ,SRV-NODE-9
ERP-00504,PROJ-5118,Cusco,Videoconference,139,141,52403,88533,68444,20089,8,7,PM_PEREZ,SRV-NODE-9
ERP-00505,PROJ-5677,Lima,Videoconference,151,196,69460,138355,94028,44327,49,28,PM_RIVAS,SRV-NODE-2
ERP-00506,PROJ-7131,Tacna,Audiovisual,94,112,19552,41144,20705,20439,5,0,PM_PEREZ,SRV-NODE-6
ERP-00507,PROJ-2307,Piura,Videoconference,173,178,79753,137901,85980,51921,28,40,PM_RIVAS,SRV-NODE-6
ERP-00508,PROJ-6315,Huancayo,Business Proc,149,165,50064,99538,60643,38895,37,30,PM_MEZA,SRV-NODE-9
ERP-00509,PROJ-8076,Huancayo,Business Proc,90,114,37530,71797,43348,28449,33,16,PM_SOTO,SRV-NODE-8
ERP-00510,PROJ-4627,Cajamarca,Audiovisual,139,177,51430,111693,53534,58159,15,9,PM_RIVAS,SRV-NODE-4
ERP-00511,PROJ-8014,Arequipa,Audiovisual,93,114,49755,103663,52156,51507,21,19,PM_PEREZ,SRV-NODE-10
ERP-00512,PROJ-7599,Cajamarca,Videoconference,128,164,68992,132450,85177,47273,12,20,PM_PEREZ,SRV-NODE-4
ERP-00513,PROJ-4245,Iquitos,Project Mgmt,105,132,53235,107492,71329,36163,28,16,PM_MEZA,SRV-NODE-6
ERP-00514,PROJ-8173,Piura,Audiovisual,69,92,17526,36356,21311,15045,15,26,PM_VEGA,SRV-NODE-5
ERP-00515,PROJ-1160,Puno,Videoconference,35,41,20160,33836,20701,13135,12,6,PM_SOTO,SRV-NODE-4
ERP-00516,PROJ-1393,Iquitos,Business Proc,64,85,32384,68162,37054,31108,45,53,PM_SOTO,SRV-NODE-6
ERP-00517,PROJ-5440,Lima,Audiovisual,70,70,38990,80817,44517,36300,44,38,PM_MEZA,SRV-NODE-4
ERP-00518,PROJ-8063,Lima,Videoconference,171,216,88065,154950,109309,45641,18,18,PM_SOTO,SRV-NODE-10
ERP-00519,PROJ-5473,Cusco,Business Proc,170,212,40630,74253,50286,23967,32,10,PM_VEGA,SRV-NODE-10
ERP-00520,PROJ-2155,Tacna,Videoconference,148,184,33892,70336,38351,31985,4,3,PM_SOTO,SRV-NODE-1
ERP-00521,PROJ-1069,Piura,Audiovisual,122,129,47336,81659,62451,19208,8,1,PM_SOTO,SRV-NODE-9
ERP-00522,PROJ-9771,Trujillo,Videoconference,170,184,42160,86879,56157,30722,7,2,PM_RIVAS,SRV-NODE-8
ERP-00523,PROJ-6205,Puno,Audiovisual,128,171,58880,107998,60231,47767,27,13,PM_RIVAS,SRV-NODE-9
ERP-00524,PROJ-6761,Arequipa,Audiovisual,82,109,22304,42341,25416,16925,48,12,PM_PEREZ,SRV-NODE-1
ERP-00525,PROJ-4789,Trujillo,Business Proc,164,177,56252,94517,73077,21440,28,14,PM_PEREZ,SRV-NODE-3
ERP-00526,PROJ-5016,Trujillo,Project Mgmt,106,126,46322,90578,49240,41338,36,33,PM_SOTO,SRV-NODE-2
ERP-00527,PROJ-1141,Arequipa,Audiovisual,66,69,20064,33331,25521,7810,11,11,PM_SOTO,SRV-NODE-8
ERP-00528,PROJ-1556,Trujillo,Videoconference,128,157,41344,77212,43737,33475,8,4,PM_VEGA,SRV-NODE-9
ERP-00529,PROJ-9478,Cusco,Project Mgmt,23,25,12121,26324,13817,12507,27,37,PM_SOTO,SRV-NODE-9
ERP-00530,PROJ-7157,Arequipa,Audiovisual,174,188,74646,126780,93910,32870,47,63,PM_SOTO,SRV-NODE-3
ERP-00531,PROJ-8656,Trujillo,Videoconference,106,113,37312,68414,46768,21646,22,7,PM_VEGA,SRV-NODE-4
ERP-00532,PROJ-8768,Iquitos,Audiovisual,46,54,11224,21139,14406,6733,13,18,PM_MEZA,SRV-NODE-9
ERP-00533,PROJ-2962,Tacna,Business Proc,180,223,55620,118412,58369,60043,14,18,PM_PEREZ,SRV-NODE-1
ERP-00534,PROJ-5968,Arequipa,Project Mgmt,83,99,23572,44471,28892,15579,9,1,PM_VEGA,SRV-NODE-3
ERP-00535,PROJ-5462,Piura,Project Mgmt,119,137,37961,77460,51189,26271,31,31,PM_MEZA,SRV-NODE-5
ERP-00536,PROJ-2452,Cusco,Project Mgmt,150,170,64350,135570,81166,54404,28,16,PM_SOTO,SRV-NODE-9
ERP-00537,PROJ-3583,Tacna,Business Proc,137,137,78227,145043,102771,42272,20,17,PM_RIVAS,SRV-NODE-2
ERP-00538,PROJ-5673,Lima,Business Proc,121,153,58322,98171,80885,17286,31,28,PM_SOTO,SRV-NODE-3
ERP-00539,PROJ-4837,Tacna,Business Proc,178,221,62834,124333,78853,45480,49,54,PM_PEREZ,SRV-NODE-5
ERP-00540,PROJ-2200,Piura,Videoconference,121,141,49368,85228,50349,34879,23,35,PM_MEZA,SRV-NODE-3
ERP-00541,PROJ-8836,Trujillo,Audiovisual,171,213,96615,186683,113179,73504,22,13,PM_VEGA,SRV-NODE-4
ERP-00542,PROJ-7925,Huancayo,Videoconference,74,87,27750,59922,31985,27937,31,43,PM_PEREZ,SRV-NODE-5
ERP-00543,PROJ-1329,Tacna,Project Mgmt,73,81,34456,70970,37747,33223,22,19,PM_VEGA,SRV-NODE-5
ERP-00544,PROJ-2172,Lima,Audiovisual,178,199,75650,163059,97315,65744,12,8,PM_SOTO,SRV-NODE-8
ERP-00545,PROJ-4326,Piura,Business Proc,94,117,54332,101828,75388,26440,16,13,PM_RIVAS,SRV-NODE-2
ERP-00546,PROJ-8479,Piura,Business Proc,151,190,51189,96417,53186,43231,5,0,PM_SOTO,SRV-NODE-8
ERP-00547,PROJ-1471,Lima,Audiovisual,118,118,65490,118347,83875,34472,14,16,PM_VEGA,SRV-NODE-8
ERP-00548,PROJ-8453,Cajamarca,Project Mgmt,175,200,61600,113269,73886,39383,5,5,PM_VEGA,SRV-NODE-7
ERP-00549,PROJ-7808,Huancayo,Audiovisual,43,48,19608,37119,23654,13465,10,5,PM_MEZA,SRV-NODE-8
ERP-00550,PROJ-9082,Iquitos,Business Proc,161,178,69874,147130,83110,64020,35,38,PM_SOTO,SRV-NODE-7
ERP-00551,PROJ-3342,Trujillo,Audiovisual,143,190,81939,137215,87960,49255,4,1,PM_VEGA,SRV-NODE-7
ERP-00552,PROJ-1088,Lima,Audiovisual,115,152,57960,115695,69340,46355,32,45,PM_PEREZ,SRV-NODE-6
ERP-00553,PROJ-4403,Trujillo,Videoconference,128,141,61696,118683,71563,47120,39,34,PM_VEGA,SRV-NODE-4
ERP-00554,PROJ-2894,Cusco,Project Mgmt,34,41,11118,23486,14428,9058,21,9,PM_PEREZ,SRV-NODE-5
ERP-00555,PROJ-5309,Cajamarca,Audiovisual,135,138,52245,85188,67999,17189,49,11,PM_SOTO,SRV-NODE-6
ERP-00556,PROJ-6893,Piura,Project Mgmt,89,99,33464,58573,36105,22468,38,33,PM_SOTO,SRV-NODE-6
ERP-00557,PROJ-2512,Cusco,Business Proc,78,80,30966,53172,34145,19027,38,47,PM_SOTO,SRV-NODE-9
ERP-00558,PROJ-9815,Cusco,Audiovisual,120,127,64320,103183,86960,16223,41,36,PM_PEREZ,SRV-NODE-5
ERP-00559,PROJ-8895,Huancayo,Project Mgmt,164,184,49692,90471,50315,40156,16,25,PM_VEGA,SRV-NODE-4
ERP-00560,PROJ-5494,Huancayo,Business Proc,115,140,67505,110820,86103,24717,39,65,PM_VEGA,SRV-NODE-2
ERP-00561,PROJ-2550,Huancayo,Videoconference,37,39,12136,23896,13616,10280,49,11,PM_RIVAS,SRV-NODE-8
ERP-00562,PROJ-1541,Puno,Videoconference,120,121,35400,61127,42294,18833,10,8,PM_RIVAS,SRV-NODE-1
ERP-00563,PROJ-6909,Trujillo,Audiovisual,55,69,15345,28940,20207,8733,18,32,PM_MEZA,SRV-NODE-2
ERP-00564,PROJ-3787,Trujillo,Project Mgmt,68,75,35428,65498,39450,26048,23,22,PM_MEZA,SRV-NODE-1
ERP-00565,PROJ-1597,Piura,Videoconference,83,89,22410,38814,27215,11599,42,11,PM_PEREZ,SRV-NODE-10
ERP-00566,PROJ-1526,Puno,Videoconference,171,171,75411,147895,85849,62046,42,61,PM_PEREZ,SRV-NODE-5
ERP-00567,PROJ-6502,Puno,Project Mgmt,153,197,89505,194400,89521,104879,47,30,PM_RIVAS,SRV-NODE-10
ERP-00568,PROJ-8259,Cajamarca,Audiovisual,100,133,31300,54250,34765,19485,6,3,PM_RIVAS,SRV-NODE-2
ERP-00569,PROJ-9944,Cajamarca,Audiovisual,112,127,45584,82262,60328,21934,3,4,PM_RIVAS,SRV-NODE-1
ERP-00570,PROJ-8317,Puno,Business Proc,65,75,35880,71878,41328,30550,11,13,PM_SOTO,SRV-NODE-7
ERP-00571,PROJ-3289,Arequipa,Videoconference,155,179,75485,163050,96163,66887,49,69,PM_VEGA,SRV-NODE-7
ERP-00572,PROJ-8389,Cusco,Audiovisual,63,73,19530,40953,21407,19546,42,6,PM_RIVAS,SRV-NODE-4
ERP-00573,PROJ-9526,Trujillo,Videoconference,46,57,12374,22245,17135,5110,17,3,PM_SOTO,SRV-NODE-10
ERP-00574,PROJ-9162,Lima,Business Proc,41,45,12546,24895,13929,10966,37,61,PM_PEREZ,SRV-NODE-3
ERP-00575,PROJ-4805,Trujillo,Audiovisual,105,140,36330,62466,42098,20368,7,12,PM_VEGA,SRV-NODE-5
ERP-00576,PROJ-5830,Trujillo,Videoconference,67,72,25661,50103,34861,15242,7,11,PM_VEGA,SRV-NODE-9
ERP-00577,PROJ-9861,Puno,Project Mgmt,45,49,16785,27310,22693,4617,7,11,PM_MEZA,SRV-NODE-8
ERP-00578,PROJ-7821,Arequipa,Videoconference,79,86,16748,33738,19963,13775,13,12,PM_PEREZ,SRV-NODE-7
ERP-00579,PROJ-3565,Cajamarca,Project Mgmt,44,57,20020,40602,22700,17902,44,73,PM_SOTO,SRV-NODE-8
ERP-00580,PROJ-6142,Cajamarca,Business Proc,174,231,80388,140904,106419,34485,46,34,PM_RIVAS,SRV-NODE-2
ERP-00581,PROJ-1787,Iquitos,Business Proc,135,180,49275,79491,67656,11835,19,8,PM_RIVAS,SRV-NODE-8
ERP-00582,PROJ-7295,Lima,Project Mgmt,110,111,55880,106988,57525,49463,6,5,PM_RIVAS,SRV-NODE-10
ERP-00583,PROJ-1600,Cusco,Videoconference,43,51,10105,17551,10551,7000,18,21,PM_VEGA,SRV-NODE-1
ERP-00584,PROJ-5980,Lima,Audiovisual,150,163,55950,90387,67852,22535,19,29,PM_PEREZ,SRV-NODE-6
ERP-00585,PROJ-8285,Iquitos,Business Proc,129,159,56115,101231,56883,44348,43,52,PM_SOTO,SRV-NODE-6
ERP-00586,PROJ-6918,Iquitos,Videoconference,117,151,36738,68003,42092,25911,27,34,PM_RIVAS,SRV-NODE-2
ERP-00587,PROJ-5539,Cajamarca,Project Mgmt,177,191,48852,83165,50871,32294,32,38,PM_VEGA,SRV-NODE-8
ERP-00588,PROJ-6747,Cusco,Audiovisual,169,220,43264,76917,53345,23572,24,7,PM_VEGA,SRV-NODE-6
ERP-00589,PROJ-2254,Puno,Videoconference,53,68,31005,58098,35406,22692,43,46,PM_PEREZ,SRV-NODE-7
ERP-00590,PROJ-3041,Cajamarca,Audiovisual,26,34,8138,17140,10925,6215,11,12,PM_VEGA,SRV-NODE-7
ERP-00591,PROJ-7117,Trujillo,Audiovisual,119,144,28322,45914,38435,7479,24,42,PM_VEGA,SRV-NODE-9
ERP-00592,PROJ-4890,Iquitos,Business Proc,176,204,98384,208553,135457,73096,9,10,PM_PEREZ,SRV-NODE-2
ERP-00593,PROJ-6633,Trujillo,Audiovisual,96,122,26688,42895,33860,9035,27,41,PM_MEZA,SRV-NODE-2
ERP-00594,PROJ-3243,Cusco,Audiovisual,34,37,13430,28520,16090,12430,50,19,PM_PEREZ,SRV-NODE-4
ERP-00595,PROJ-9531,Puno,Audiovisual,33,44,15180,30172,16684,13488,32,21,PM_PEREZ,SRV-NODE-9
ERP-00596,PROJ-3040,Lima,Videoconference,165,215,88110,148902,92463,56439,4,3,PM_VEGA,SRV-NODE-3
ERP-00597,PROJ-5016,Cajamarca,Business Proc,98,121,19992,39795,22694,17101,20,8,PM_PEREZ,SRV-NODE-8
ERP-00598,PROJ-4531,Cusco,Videoconference,179,214,104715,191658,134119,57539,30,39,PM_SOTO,SRV-NODE-10
ERP-00599,PROJ-5207,Lima,Audiovisual,150,200,44250,88903,55738,33165,7,5,PM_MEZA,SRV-NODE-8
ERP-00600,PROJ-2710,Cusco,Project Mgmt,70,94,17360,28331,20434,7897,3,1,PM_RIVAS,SRV-NODE-2
ERP-00601,PROJ-3928,Lima,Audiovisual,135,153,47385,80519,52298,28221,29,44,PM_MEZA,SRV-NODE-10
ERP-00602,PROJ-2299,Piura,Project Mgmt,57,72,33915,73472,46134,27338,21,31,PM_RIVAS,SRV-NODE-3
ERP-00603,PROJ-3915,Tacna,Business Proc,164,202,68060,131420,85671,45749,10,12,PM_VEGA,SRV-NODE-3
ERP-00604,PROJ-6091,Trujillo,Audiovisual,23,26,8464,14526,10420,4106,29,21,PM_VEGA,SRV-NODE-10
ERP-00605,PROJ-1277,Lima,Audiovisual,119,151,44982,93446,48549,44897,26,20,PM_PEREZ,SRV-NODE-5
ERP-00606,PROJ-1496,Arequipa,Project Mgmt,117,127,54639,89305,71283,18022,27,38,PM_SOTO,SRV-NODE-8
ERP-00607,PROJ-8263,Cajamarca,Business Proc,74,78,16872,27444,23505,3939,39,25,PM_VEGA,SRV-NODE-7
ERP-00608,PROJ-1504,Iquitos,Project Mgmt,133,141,55860,96679,67140,29539,30,17,PM_PEREZ,SRV-NODE-1
ERP-00609,PROJ-1917,Iquitos,Audiovisual,64,83,37376,81993,41813,40180,15,3,PM_PEREZ,SRV-NODE-1
ERP-00610,PROJ-7046,Iquitos,Project Mgmt,150,193,38850,69170,44416,24754,17,12,PM_MEZA,SRV-NODE-5
ERP-00611,PROJ-7563,Trujillo,Project Mgmt,32,39,14016,28370,15997,12373,11,13,PM_VEGA,SRV-NODE-7
ERP-00612,PROJ-5249,Iquitos,Audiovisual,119,139,27846,50320,38020,12300,5,6,PM_RIVAS,SRV-NODE-10
ERP-00613,PROJ-2270,Tacna,Audiovisual,28,37,16184,29188,18392,10796,27,18,PM_RIVAS,SRV-NODE-7
ERP-00614,PROJ-9560,Cajamarca,Business Proc,98,126,58800,106750,70322,36428,13,5,PM_VEGA,SRV-NODE-8
ERP-00615,PROJ-1228,Iquitos,Videoconference,94,120,34968,71529,45599,25930,15,22,PM_PEREZ,SRV-NODE-1
ERP-00616,PROJ-3987,Cajamarca,Audiovisual,173,202,93939,159828,111345,48483,49,53,PM_VEGA,SRV-NODE-1
ERP-00617,PROJ-3558,Iquitos,Business Proc,55,63,27170,54814,28275,26539,4,4,PM_SOTO,SRV-NODE-6
ERP-00618,PROJ-4097,Puno,Business Proc,104,123,43784,74323,48582,25741,4,5,PM_PEREZ,SRV-NODE-9
ERP-00619,PROJ-6344,Cajamarca,Business Proc,37,38,16539,31006,20263,10743,36,60,PM_MEZA,SRV-NODE-7
ERP-00620,PROJ-7242,Piura,Project Mgmt,160,183,80320,152577,81610,70967,45,60,PM_MEZA,SRV-NODE-4
ERP-00621,PROJ-2121,Arequipa,Project Mgmt,176,183,83424,140065,87587,52478,39,47,PM_VEGA,SRV-NODE-4
ERP-00622,PROJ-1295,Arequipa,Videoconference,102,132,35088,58284,45751,12533,11,3,PM_RIVAS,SRV-NODE-8
ERP-00623,PROJ-1706,Lima,Audiovisual,154,185,87010,185560,88272,97288,50,83,PM_MEZA,SRV-NODE-5
ERP-00624,PROJ-3939,Iquitos,Audiovisual,154,185,58982,95343,74838,20505,24,20,PM_RIVAS,SRV-NODE-7
ERP-00625,PROJ-3364,Huancayo,Business Proc,158,176,54510,90552,66185,24367,36,23,PM_RIVAS,SRV-NODE-5
ERP-00626,PROJ-6107,Cusco,Videoconference,131,169,56854,110250,67273,42977,10,15,PM_PEREZ,SRV-NODE-4
ERP-00627,PROJ-9903,Cusco,Videoconference,85,105,41990,80848,57144,23704,4,6,PM_VEGA,SRV-NODE-5
ERP-00628,PROJ-4619,Lima,Project Mgmt,134,161,50116,81607,55209,26398,13,8,PM_RIVAS,SRV-NODE-5
ERP-00629,PROJ-2901,Trujillo,Project Mgmt,48,54,23520,38362,29417,8945,32,51,PM_PEREZ,SRV-NODE-2
ERP-00630,PROJ-1227,Iquitos,Videoconference,66,66,26466,56744,36463,20281,27,43,PM_MEZA,SRV-NODE-4
ERP-00631,PROJ-4079,Piura,Business Proc,108,119,51840,100765,56711,44054,25,14,PM_SOTO,SRV-NODE-4
ERP-00632,PROJ-8567,Lima,Business Proc,118,158,44840,83319,55611,27708,29,12,PM_PEREZ,SRV-NODE-4
ERP-00633,PROJ-5417,Huancayo,Project Mgmt,94,95,44086,93774,45618,48156,44,6,PM_RIVAS,SRV-NODE-1
ERP-00634,PROJ-8251,Huancayo,Project Mgmt,131,152,33274,66025,40182,25843,28,40,PM_SOTO,SRV-NODE-3
ERP-00635,PROJ-4399,Piura,Audiovisual,48,57,24288,40822,31041,9781,4,3,PM_SOTO,SRV-NODE-1
ERP-00636,PROJ-2164,Tacna,Audiovisual,33,43,7029,14749,9136,5613,27,8,PM_RIVAS,SRV-NODE-2
ERP-00637,PROJ-7092,Lima,Project Mgmt,135,140,50490,94458,68707,25751,32,41,PM_SOTO,SRV-NODE-3
ERP-00638,PROJ-7790,Trujillo,Project Mgmt,125,134,32375,70673,37844,32829,7,10,PM_VEGA,SRV-NODE-1
ERP-00639,PROJ-8159,Puno,Project Mgmt,89,109,49840,88854,68487,20367,6,7,PM_SOTO,SRV-NODE-5
ERP-00640,PROJ-2567,Puno,Project Mgmt,163,178,49715,81834,62109,19725,42,69,PM_PEREZ,SRV-NODE-7
ERP-00641,PROJ-9467,Piura,Videoconference,117,137,58383,101637,59912,41725,47,28,PM_PEREZ,SRV-NODE-10
ERP-00642,PROJ-6905,Lima,Business Proc,107,134,60883,120016,81538,38478,16,7,PM_RIVAS,SRV-NODE-10
ERP-00643,PROJ-4739,Huancayo,Project Mgmt,116,138,43616,84674,57175,27499,30,6,PM_MEZA,SRV-NODE-10
ERP-00644,PROJ-4881,Piura,Business Proc,100,132,21100,36619,22278,14341,35,8,PM_SOTO,SRV-NODE-1
ERP-00645,PROJ-3975,Iquitos,Videoconference,157,188,72063,139468,89420,50048,36,44,PM_PEREZ,SRV-NODE-10
ERP-00646,PROJ-7693,Lima,Business Proc,50,50,19300,35603,23234,12369,47,30,PM_PEREZ,SRV-NODE-1
ERP-00647,PROJ-1883,Cusco,Videoconference,141,148,54990,109433,68101,41332,22,21,PM_RIVAS,SRV-NODE-2
ERP-00648,PROJ-3121,Trujillo,Project Mgmt,173,187,93247,166368,93653,72715,7,2,PM_MEZA,SRV-NODE-9
ERP-00649,PROJ-9774,Puno,Audiovisual,158,185,44082,95742,56173,39569,30,45,PM_VEGA,SRV-NODE-6
ERP-00650,PROJ-7592,Huancayo,Business Proc,95,104,45695,91415,62113,29302,45,34,PM_MEZA,SRV-NODE-9
ERP-00651,PROJ-1396,Trujillo,Project Mgmt,56,72,26152,47106,26821,20285,5,8,PM_PEREZ,SRV-NODE-6
ERP-00652,PROJ-7373,Arequipa,Project Mgmt,102,133,40800,77330,50160,27170,3,0,PM_RIVAS,SRV-NODE-9
ERP-00653,PROJ-2887,Puno,Project Mgmt,87,87,35148,61868,44566,17302,28,32,PM_RIVAS,SRV-NODE-5
ERP-00654,PROJ-1788,Iquitos,Project Mgmt,86,94,32938,60308,41814,18494,49,8,PM_PEREZ,SRV-NODE-7
ERP-00655,PROJ-7797,Piura,Business Proc,122,164,33062,65547,33670,31877,11,2,PM_MEZA,SRV-NODE-1
ERP-00656,PROJ-8224,Lima,Project Mgmt,170,186,71060,148062,97427,50635,8,8,PM_VEGA,SRV-NODE-2
ERP-00657,PROJ-1059,Piura,Project Mgmt,70,78,23730,41128,27503,13625,50,64,PM_VEGA,SRV-NODE-9
ERP-00658,PROJ-4335,Puno,Videoconference,43,57,16125,33984,19441,14543,42,70,PM_VEGA,SRV-NODE-6
ERP-00659,PROJ-8462,Arequipa,Videoconference,64,67,14848,30440,17091,13349,42,12,PM_VEGA,SRV-NODE-8
ERP-00660,PROJ-1626,Cusco,Audiovisual,78,103,29016,52186,37940,14246,23,14,PM_RIVAS,SRV-NODE-1
ERP-00661,PROJ-7701,Trujillo,Project Mgmt,36,44,12816,27473,15721,11752,38,46,PM_RIVAS,SRV-NODE-7
ERP-00662,PROJ-3505,Huancayo,Videoconference,50,53,22250,46884,29836,17048,15,16,PM_RIVAS,SRV-NODE-4
ERP-00663,PROJ-9646,Cusco,Audiovisual,118,126,43424,88681,45441,43240,7,10,PM_RIVAS,SRV-NODE-8
ERP-00664,PROJ-2006,Arequipa,Business Proc,33,43,13035,25081,13070,12011,20,16,PM_SOTO,SRV-NODE-5
ERP-00665,PROJ-4614,Tacna,Project Mgmt,49,53,14063,25697,19628,6069,12,18,PM_VEGA,SRV-NODE-4
ERP-00666,PROJ-6053,Puno,Videoconference,122,124,50630,102052,70661,31391,15,19,PM_VEGA,SRV-NODE-4
ERP-00667,PROJ-7589,Lima,Project Mgmt,35,36,14945,30380,16191,14189,8,11,PM_MEZA,SRV-NODE-2
ERP-00668,PROJ-2234,Piura,Videoconference,74,77,30858,56879,35996,20883,49,5,PM_PEREZ,SRV-NODE-8
ERP-00669,PROJ-8782,Cusco,Business Proc,119,131,63427,138970,75971,62999,28,26,PM_MEZA,SRV-NODE-5
ERP-00670,PROJ-1098,Iquitos,Business Proc,67,75,31624,52067,38692,13375,49,66,PM_PEREZ,SRV-NODE-4
ERP-00671,PROJ-2737,Cusco,Videoconference,71,93,31879,52233,36568,15665,39,57,PM_VEGA,SRV-NODE-7
ERP-00672,PROJ-3619,Trujillo,Business Proc,152,193,38608,67500,47125,20375,3,0,PM_VEGA,SRV-NODE-9
ERP-00673,PROJ-4913,Tacna,Videoconference,37,42,9139,16371,10234,6137,50,5,PM_SOTO,SRV-NODE-1
ERP-00674,PROJ-9757,Iquitos,Business Proc,49,62,19943,41832,27122,14710,25,10,PM_VEGA,SRV-NODE-4
ERP-00675,PROJ-6748,Puno,Business Proc,159,191,55332,101523,73430,28093,5,8,PM_SOTO,SRV-NODE-4
ERP-00676,PROJ-6660,Arequipa,Business Proc,145,163,32190,56315,39524,16791,6,1,PM_VEGA,SRV-NODE-10
ERP-00677,PROJ-4950,Lima,Project Mgmt,105,137,42630,84582,48154,36428,23,19,PM_MEZA,SRV-NODE-3
ERP-00678,PROJ-5380,Lima,Videoconference,85,89,46495,77346,57131,20215,46,46,PM_RIVAS,SRV-NODE-8
ERP-00679,PROJ-3742,Cajamarca,Audiovisual,70,85,36330,63045,49160,13885,37,30,PM_VEGA,SRV-NODE-7
ERP-00680,PROJ-9413,Cajamarca,Business Proc,179,197,52447,101744,64698,37046,15,3,PM_MEZA,SRV-NODE-2
ERP-00681,PROJ-7561,Huancayo,Business Proc,60,75,22680,37699,29755,7944,19,25,PM_MEZA,SRV-NODE-1
ERP-00682,PROJ-6992,Cusco,Videoconference,26,31,7956,15788,9359,6429,35,45,PM_RIVAS,SRV-NODE-6
ERP-00683,PROJ-7225,Cajamarca,Videoconference,45,47,23580,45187,26849,18338,6,9,PM_PEREZ,SRV-NODE-7
ERP-00684,PROJ-9340,Iquitos,Audiovisual,35,37,18585,36253,20588,15665,6,5,PM_SOTO,SRV-NODE-9
ERP-00685,PROJ-5341,Puno,Audiovisual,145,186,45820,74101,46119,27982,39,6,PM_SOTO,SRV-NODE-4
ERP-00686,PROJ-8300,Tacna,Project Mgmt,113,115,23504,48144,27229,20915,47,29,PM_RIVAS,SRV-NODE-2
ERP-00687,PROJ-9376,Trujillo,Business Proc,144,182,66672,116376,71997,44379,9,3,PM_RIVAS,SRV-NODE-4
ERP-00688,PROJ-7891,Lima,Business Proc,175,232,103775,205769,136008,69761,3,3,PM_SOTO,SRV-NODE-7
ERP-00689,PROJ-5632,Puno,Project Mgmt,25,28,14650,24826,18379,6447,50,32,PM_SOTO,SRV-NODE-3
ERP-00690,PROJ-4101,Tacna,Audiovisual,140,153,49280,96958,64548,32410,24,18,PM_VEGA,SRV-NODE-3
ERP-00691,PROJ-9559,Cajamarca,Project Mgmt,171,198,44802,94782,45633,49149,26,43,PM_SOTO,SRV-NODE-1
ERP-00692,PROJ-5251,Piura,Videoconference,134,137,53868,99426,62566,36860,3,3,PM_MEZA,SRV-NODE-9
ERP-00693,PROJ-3416,Cajamarca,Project Mgmt,44,55,11660,20539,13666,6873,19,24,PM_PEREZ,SRV-NODE-8
ERP-00694,PROJ-4340,Iquitos,Business Proc,167,190,91349,188528,108846,79682,42,46,PM_MEZA,SRV-NODE-3
ERP-00695,PROJ-2771,Trujillo,Audiovisual,44,50,23628,46642,31136,15506,37,30,PM_RIVAS,SRV-NODE-9
ERP-00696,PROJ-7701,Huancayo,Project Mgmt,82,105,38130,74807,44373,30434,42,52,PM_RIVAS,SRV-NODE-6
ERP-00697,PROJ-4507,Cajamarca,Audiovisual,134,166,65660,121411,72668,48743,29,27,PM_PEREZ,SRV-NODE-10
ERP-00698,PROJ-8571,Trujillo,Videoconference,21,25,6111,11263,6343,4920,35,46,PM_VEGA,SRV-NODE-10
ERP-00699,PROJ-9279,Arequipa,Audiovisual,21,26,6909,11471,7573,3898,12,10,PM_RIVAS,SRV-NODE-5
ERP-00700,PROJ-5586,Cajamarca,Project Mgmt,26,29,5200,9747,5814,3933,43,41,PM_VEGA,SRV-NODE-9
ERP-00701,PROJ-4434,Cajamarca,Audiovisual,54,66,27162,53014,34464,18550,36,13,PM_SOTO,SRV-NODE-10
ERP-00702,PROJ-5659,Arequipa,Audiovisual,80,86,34400,73308,47570,25738,8,13,PM_RIVAS,SRV-NODE-6
ERP-00703,PROJ-1483,Tacna,Project Mgmt,150,156,89850,161748,107390,54358,35,10,PM_VEGA,SRV-NODE-1
ERP-00704,PROJ-3839,Puno,Videoconference,162,209,94122,194290,94363,99927,38,20,PM_PEREZ,SRV-NODE-4
ERP-00705,PROJ-2151,Cusco,Audiovisual,50,61,22050,36767,28246,8521,18,18,PM_VEGA,SRV-NODE-6
ERP-00706,PROJ-6450,Piura,Videoconference,118,125,24544,42952,30780,12172,20,21,PM_SOTO,SRV-NODE-10
ERP-00707,PROJ-5463,Iquitos,Business Proc,38,46,15808,26596,18441,8155,25,35,PM_RIVAS,SRV-NODE-3
ERP-00708,PROJ-3443,Huancayo,Videoconference,41,46,8774,14056,9414,4642,22,5,PM_MEZA,SRV-NODE-7
ERP-00709,PROJ-1153,Cusco,Videoconference,174,196,72210,125923,78083,47840,14,3,PM_MEZA,SRV-NODE-6
ERP-00710,PROJ-7072,Piura,Project Mgmt,127,154,55245,90055,67449,22606,34,19,PM_MEZA,SRV-NODE-2
ERP-00711,PROJ-1849,Lima,Project Mgmt,89,112,41118,88884,56915,31969,37,48,PM_MEZA,SRV-NODE-4
ERP-00712,PROJ-7628,Lima,Business Proc,165,166,43395,75788,52528,23260,49,22,PM_PEREZ,SRV-NODE-6
ERP-00713,PROJ-3689,Huancayo,Videoconference,27,35,12582,26203,16137,10066,12,20,PM_MEZA,SRV-NODE-6
ERP-00714,PROJ-5018,Arequipa,Project Mgmt,118,133,62422,119935,71121,48814,23,17,PM_PEREZ,SRV-NODE-3
ERP-00715,PROJ-1908,Trujillo,Business Proc,75,77,29775,57772,38476,19296,48,85,PM_VEGA,SRV-NODE-3
ERP-00716,PROJ-8043,Huancayo,Videoconference,101,111,53227,97226,71918,25308,40,45,PM_VEGA,SRV-NODE-2
ERP-00717,PROJ-8584,Huancayo,Audiovisual,60,80,35580,73136,43924,29212,7,9,PM_PEREZ,SRV-NODE-2
ERP-00718,PROJ-2866,Trujillo,Business Proc,107,135,33170,55296,36867,18429,6,4,PM_VEGA,SRV-NODE-4
ERP-00719,PROJ-8031,Lima,Audiovisual,104,109,43160,70971,47636,23335,34,50,PM_RIVAS,SRV-NODE-1
ERP-00720,PROJ-3346,Iquitos,Audiovisual,178,185,36668,66393,45771,20622,15,12,PM_VEGA,SRV-NODE-7
ERP-00721,PROJ-1096,Tacna,Project Mgmt,37,41,16243,31344,19400,11944,27,44,PM_PEREZ,SRV-NODE-4
ERP-00722,PROJ-5434,Piura,Audiovisual,142,179,37204,60714,48916,11798,16,10,PM_MEZA,SRV-NODE-9
ERP-00723,PROJ-5707,Cajamarca,Project Mgmt,115,147,41055,79044,51442,27602,46,61,PM_PEREZ,SRV-NODE-9
ERP-00724,PROJ-7455,Piura,Videoconference,57,60,14022,30432,18753,11679,5,8,PM_RIVAS,SRV-NODE-4
ERP-00725,PROJ-3328,Cusco,Videoconference,95,116,21090,36961,25192,11769,8,14,PM_PEREZ,SRV-NODE-1
ERP-00726,PROJ-7054,Puno,Business Proc,57,67,25707,52093,26473,25620,6,3,PM_MEZA,SRV-NODE-4
ERP-00727,PROJ-8418,Trujillo,Business Proc,76,97,18392,30364,24360,6004,49,57,PM_SOTO,SRV-NODE-5
ERP-00728,PROJ-6711,Lima,Videoconference,34,38,19584,31499,27389,4110,11,2,PM_PEREZ,SRV-NODE-7
ERP-00729,PROJ-1808,Trujillo,Project Mgmt,149,198,54683,119101,65686,53415,44,77,PM_SOTO,SRV-NODE-9
ERP-00730,PROJ-6238,Cajamarca,Audiovisual,180,188,85320,140796,92514,48282,8,4,PM_VEGA,SRV-NODE-4
ERP-00731,PROJ-3026,Trujillo,Business Proc,106,107,58724,119223,69584,49639,19,32,PM_PEREZ,SRV-NODE-9
ERP-00732,PROJ-3652,Tacna,Videoconference,146,164,77088,126507,103104,23403,33,20,PM_VEGA,SRV-NODE-3
ERP-00733,PROJ-7649,Cusco,Business Proc,114,152,65322,116079,65849,50230,30,17,PM_MEZA,SRV-NODE-1
ERP-00734,PROJ-2690,Puno,Videoconference,56,62,23968,47828,27015,20813,28,34,PM_PEREZ,SRV-NODE-7
ERP-00735,PROJ-7021,Trujillo,Videoconference,97,112,49664,84288,51176,33112,39,32,PM_RIVAS,SRV-NODE-6
ERP-00736,PROJ-1310,Trujillo,Business Proc,140,150,35000,61028,38857,22171,11,6,PM_MEZA,SRV-NODE-1
ERP-00737,PROJ-3440,Tacna,Audiovisual,121,134,71753,156277,74659,81618,11,13,PM_PEREZ,SRV-NODE-4
ERP-00738,PROJ-5331,Puno,Videoconference,180,226,89460,162222,101820,60402,15,25,PM_RIVAS,SRV-NODE-2
ERP-00739,PROJ-2573,Lima,Project Mgmt,31,32,12834,27451,15814,11637,42,26,PM_VEGA,SRV-NODE-10
ERP-00740,PROJ-7130,Huancayo,Project Mgmt,89,89,41919,76500,43746,32754,30,10,PM_PEREZ,SRV-NODE-4
ERP-00741,PROJ-4909,Arequipa,Videoconference,53,62,26182,54505,28259,26246,26,31,PM_RIVAS,SRV-NODE-8
ERP-00742,PROJ-1126,Tacna,Project Mgmt,107,118,42479,81780,47699,34081,36,27,PM_VEGA,SRV-NODE-7
ERP-00743,PROJ-7546,Iquitos,Project Mgmt,104,115,39936,79707,49936,29771,45,67,PM_VEGA,SRV-NODE-9
ERP-00744,PROJ-8480,Lima,Project Mgmt,179,208,98271,192653,131178,61475,42,22,PM_MEZA,SRV-NODE-8
ERP-00745,PROJ-7174,Cajamarca,Business Proc,56,62,19152,30993,20894,10099,18,21,PM_PEREZ,SRV-NODE-3
ERP-00746,PROJ-2894,Huancayo,Videoconference,107,139,23112,47746,31109,16637,38,32,PM_MEZA,SRV-NODE-10
ERP-00747,PROJ-5048,Trujillo,Audiovisual,162,172,77922,147005,103959,43046,25,37,PM_MEZA,SRV-NODE-9
ERP-00748,PROJ-2012,Iquitos,Business Proc,59,59,17523,30577,23654,6923,39,54,PM_VEGA,SRV-NODE-2
ERP-00749,PROJ-9609,Trujillo,Business Proc,75,98,42075,91759,53502,38257,21,22,PM_SOTO,SRV-NODE-1
ERP-00750,PROJ-3418,Huancayo,Business Proc,32,39,8320,15015,9977,5038,27,42,PM_RIVAS,SRV-NODE-9
ERP-00751,PROJ-5301,Arequipa,Business Proc,179,207,36516,64511,40444,24067,8,5,PM_RIVAS,SRV-NODE-3
ERP-00752,PROJ-5438,Piura,Business Proc,61,75,31415,61969,32574,29395,45,54,PM_MEZA,SRV-NODE-5
ERP-00753,PROJ-8988,Trujillo,Audiovisual,46,49,21850,45402,26969,18433,21,34,PM_VEGA,SRV-NODE-9
ERP-00754,PROJ-6081,Tacna,Audiovisual,74,96,39960,71651,50836,20815,15,26,PM_PEREZ,SRV-NODE-9
ERP-00755,PROJ-8747,Lima,Project Mgmt,156,160,61464,120388,79922,40466,8,3,PM_MEZA,SRV-NODE-6
ERP-00756,PROJ-6180,Lima,Audiovisual,97,123,46463,100912,47983,52929,46,24,PM_SOTO,SRV-NODE-4
ERP-00757,PROJ-8985,Trujillo,Audiovisual,162,168,52974,101716,52991,48725,45,24,PM_MEZA,SRV-NODE-6
ERP-00758,PROJ-2198,Puno,Audiovisual,42,49,16128,34958,17531,17427,10,8,PM_SOTO,SRV-NODE-3
ERP-00759,PROJ-4514,Huancayo,Videoconference,68,68,31756,65045,42029,23016,19,19,PM_RIVAS,SRV-NODE-3
ERP-00760,PROJ-7238,Cusco,Project Mgmt,90,119,18990,39572,20473,19099,37,7,PM_PEREZ,SRV-NODE-3
ERP-00761,PROJ-5099,Arequipa,Business Proc,136,138,53312,115486,60186,55300,47,45,PM_SOTO,SRV-NODE-9
ERP-00762,PROJ-7702,Trujillo,Audiovisual,115,153,60375,106561,76108,30453,24,4,PM_RIVAS,SRV-NODE-6
ERP-00763,PROJ-6966,Iquitos,Audiovisual,158,189,38078,74337,48680,25657,41,19,PM_MEZA,SRV-NODE-9
ERP-00764,PROJ-5908,Iquitos,Project Mgmt,70,76,21980,41391,25811,15580,9,9,PM_PEREZ,SRV-NODE-2
ERP-00765,PROJ-8947,Iquitos,Audiovisual,145,155,78155,139559,96492,43067,41,16,PM_SOTO,SRV-NODE-3
ERP-00766,PROJ-8012,Arequipa,Project Mgmt,171,211,90630,160469,107184,53285,45,6,PM_RIVAS,SRV-NODE-2
ERP-00767,PROJ-6928,Tacna,Business Proc,134,169,65794,125250,68318,56932,36,7,PM_PEREZ,SRV-NODE-6
ERP-00768,PROJ-8441,Arequipa,Project Mgmt,91,93,42952,76976,47653,29323,10,17,PM_VEGA,SRV-NODE-4
ERP-00769,PROJ-2903,Huancayo,Audiovisual,164,165,65436,132673,68823,63850,32,12,PM_VEGA,SRV-NODE-8
ERP-00770,PROJ-2265,Tacna,Videoconference,38,49,9082,19844,11387,8457,47,81,PM_RIVAS,SRV-NODE-7
ERP-00771,PROJ-3110,Cusco,Business Proc,176,182,39072,66240,53574,12666,41,16,PM_RIVAS,SRV-NODE-5
ERP-00772,PROJ-1709,Trujillo,Videoconference,69,80,16836,29466,18134,11332,10,16,PM_MEZA,SRV-NODE-8
ERP-00773,PROJ-8000,Cusco,Project Mgmt,51,55,24582,46228,29549,16679,37,10,PM_VEGA,SRV-NODE-2
ERP-00774,PROJ-2586,Cajamarca,Videoconference,78,83,16614,36215,20370,15845,28,18,PM_VEGA,SRV-NODE-1
ERP-00775,PROJ-8680,Cusco,Audiovisual,40,45,12960,22992,15576,7416,20,12,PM_PEREZ,SRV-NODE-2
ERP-00776,PROJ-2460,Tacna,Videoconference,120,150,45360,80623,56314,24309,32,12,PM_RIVAS,SRV-NODE-2
ERP-00777,PROJ-7395,Huancayo,Project Mgmt,30,37,7590,12405,9324,3081,46,48,PM_PEREZ,SRV-NODE-7
ERP-00778,PROJ-9870,Puno,Videoconference,111,139,35409,76104,37041,39063,41,60,PM_PEREZ,SRV-NODE-1
ERP-00779,PROJ-8817,Huancayo,Audiovisual,84,111,27468,46321,28215,18106,29,32,PM_PEREZ,SRV-NODE-3
ERP-00780,PROJ-4891,Arequipa,Videoconference,139,174,69639,126820,80059,46761,36,38,PM_MEZA,SRV-NODE-7
ERP-00781,PROJ-5287,Trujillo,Project Mgmt,48,63,18672,34502,25690,8812,4,4,PM_RIVAS,SRV-NODE-4
ERP-00782,PROJ-4327,Piura,Audiovisual,106,128,48124,77524,64081,13443,39,62,PM_RIVAS,SRV-NODE-1
ERP-00783,PROJ-7868,Puno,Audiovisual,43,52,11481,23251,12456,10795,47,21,PM_PEREZ,SRV-NODE-4
ERP-00784,PROJ-4821,Tacna,Audiovisual,26,33,12038,26298,13068,13230,34,43,PM_PEREZ,SRV-NODE-6
ERP-00785,PROJ-3371,Huancayo,Videoconference,33,34,6930,11647,7293,4354,16,24,PM_MEZA,SRV-NODE-4
ERP-00786,PROJ-9403,Cusco,Audiovisual,155,174,37820,68911,48222,20689,14,18,PM_SOTO,SRV-NODE-10
ERP-00787,PROJ-2202,Cusco,Project Mgmt,51,52,28101,46264,33669,12595,45,12,PM_PEREZ,SRV-NODE-5
ERP-00788,PROJ-7603,Cajamarca,Audiovisual,25,26,6875,11888,8927,2961,50,15,PM_RIVAS,SRV-NODE-3
ERP-00789,PROJ-5106,Cusco,Business Proc,32,35,9344,15646,12660,2986,48,6,PM_PEREZ,SRV-NODE-8
ERP-00790,PROJ-4562,Lima,Business Proc,178,182,78498,127691,98972,28719,22,28,PM_VEGA,SRV-NODE-7
ERP-00791,PROJ-6764,Piura,Audiovisual,57,60,33174,56756,42963,13793,11,3,PM_RIVAS,SRV-NODE-7
ERP-00792,PROJ-7083,Tacna,Project Mgmt,159,176,49608,105032,68636,36396,19,7,PM_SOTO,SRV-NODE-8
ERP-00793,PROJ-4157,Cajamarca,Audiovisual,153,164,81855,153217,97043,56174,48,81,PM_PEREZ,SRV-NODE-4
ERP-00794,PROJ-1399,Tacna,Business Proc,52,53,13156,23563,15777,7786,20,14,PM_SOTO,SRV-NODE-2
ERP-00795,PROJ-8202,Iquitos,Audiovisual,43,55,22145,39882,26928,12954,34,54,PM_PEREZ,SRV-NODE-6
ERP-00796,PROJ-4000,Trujillo,Project Mgmt,107,131,25573,47683,28089,19594,48,53,PM_PEREZ,SRV-NODE-10
ERP-00797,PROJ-3721,Puno,Audiovisual,172,228,67940,117308,87551,29757,33,41,PM_MEZA,SRV-NODE-10
ERP-00798,PROJ-6967,Puno,Business Proc,46,53,24886,51557,25028,26529,44,33,PM_SOTO,SRV-NODE-5
ERP-00799,PROJ-3199,Iquitos,Project Mgmt,75,78,34350,67377,46356,21021,39,60,PM_PEREZ,SRV-NODE-2
ERP-00800,PROJ-8941,Lima,Videoconference,98,107,27538,56392,32793,23599,45,40,PM_RIVAS,SRV-NODE-3
ERP-00801,PROJ-2020,Cusco,Project Mgmt,168,224,98448,179334,102532,76802,46,64,PM_MEZA,SRV-NODE-7
ERP-00802,PROJ-4792,Cusco,Project Mgmt,66,88,30756,64975,38517,26458,42,68,PM_MEZA,SRV-NODE-8
ERP-00803,PROJ-7475,Puno,Business Proc,149,186,83142,170754,94242,76512,41,52,PM_SOTO,SRV-NODE-5
ERP-00804,PROJ-6530,Arequipa,Videoconference,115,128,40825,80682,44797,35885,7,8,PM_RIVAS,SRV-NODE-9
ERP-00805,PROJ-2991,Tacna,Videoconference,98,103,44394,90406,61525,28881,25,6,PM_SOTO,SRV-NODE-6
ERP-00806,PROJ-1138,Iquitos,Videoconference,108,121,52272,109434,60450,48984,48,65,PM_VEGA,SRV-NODE-7
ERP-00807,PROJ-4292,Trujillo,Project Mgmt,48,58,26544,51699,27242,24457,39,47,PM_SOTO,SRV-NODE-4
ERP-00808,PROJ-2498,Arequipa,Audiovisual,168,185,73584,147168,102934,44234,48,46,PM_SOTO,SRV-NODE-6
ERP-00809,PROJ-8946,Cajamarca,Project Mgmt,161,208,73738,118915,92107,26808,20,5,PM_RIVAS,SRV-NODE-5
ERP-00810,PROJ-4423,Cusco,Videoconference,88,90,49896,83525,51040,32485,44,35,PM_VEGA,SRV-NODE-8
ERP-00811,PROJ-8191,Piura,Business Proc,164,201,93972,174383,121495,52888,37,47,PM_VEGA,SRV-NODE-7
ERP-00812,PROJ-8472,Piura,Business Proc,124,157,59148,108957,71308,37649,15,25,PM_MEZA,SRV-NODE-1
ERP-00813,PROJ-3729,Piura,Project Mgmt,166,177,33864,65426,39364,26062,14,22,PM_RIVAS,SRV-NODE-3
ERP-00814,PROJ-4151,Arequipa,Project Mgmt,107,111,34347,57048,46038,11010,36,33,PM_RIVAS,SRV-NODE-1
ERP-00815,PROJ-5359,Cusco,Business Proc,61,78,35868,70445,46955,23490,24,25,PM_RIVAS,SRV-NODE-2
ERP-00816,PROJ-4467,Piura,Audiovisual,143,146,64922,127578,75667,51911,38,54,PM_VEGA,SRV-NODE-10
ERP-00817,PROJ-6542,Lima,Audiovisual,150,152,36900,77756,42191,35565,15,2,PM_VEGA,SRV-NODE-8
ERP-00818,PROJ-3079,Huancayo,Business Proc,137,158,68911,151475,84980,66495,49,71,PM_VEGA,SRV-NODE-10
ERP-00819,PROJ-4178,Lima,Audiovisual,158,178,57354,120925,67640,53285,20,10,PM_VEGA,SRV-NODE-9
ERP-00820,PROJ-7369,Trujillo,Videoconference,139,161,72697,150328,97770,52558,30,45,PM_MEZA,SRV-NODE-5
ERP-00821,PROJ-1202,Iquitos,Project Mgmt,133,177,37107,72993,37592,35401,24,25,PM_SOTO,SRV-NODE-7
ERP-00822,PROJ-1167,Piura,Business Proc,66,86,32868,61199,32898,28301,27,23,PM_VEGA,SRV-NODE-7
ERP-00823,PROJ-5300,Cusco,Business Proc,140,152,61740,129775,75637,54138,43,50,PM_RIVAS,SRV-NODE-2
ERP-00824,PROJ-5870,Arequipa,Business Proc,85,105,45220,85931,59292,26639,6,10,PM_SOTO,SRV-NODE-5
ERP-00825,PROJ-4255,Cusco,Business Proc,113,120,28589,47736,35287,12449,28,36,PM_PEREZ,SRV-NODE-6
ERP-00826,PROJ-4123,Lima,Business Proc,86,94,44806,76871,50711,26160,21,4,PM_RIVAS,SRV-NODE-9
ERP-00827,PROJ-6664,Cajamarca,Project Mgmt,120,144,40320,79214,44614,34600,8,2,PM_PEREZ,SRV-NODE-1
ERP-00828,PROJ-5143,Tacna,Audiovisual,36,38,19080,31815,21861,9954,43,25,PM_RIVAS,SRV-NODE-3
ERP-00829,PROJ-2504,Piura,Audiovisual,55,69,23870,42578,28043,14535,21,32,PM_SOTO,SRV-NODE-3
ERP-00830,PROJ-4757,Cajamarca,Videoconference,154,189,87010,155880,110757,45123,31,4,PM_MEZA,SRV-NODE-5
ERP-00831,PROJ-3245,Trujillo,Business Proc,85,97,50405,110889,54768,56121,43,70,PM_SOTO,SRV-NODE-5
ERP-00832,PROJ-3742,Piura,Videoconference,122,161,57340,98777,58697,40080,19,20,PM_MEZA,SRV-NODE-8
ERP-00833,PROJ-6066,Puno,Audiovisual,64,77,27008,45140,32294,12846,50,16,PM_RIVAS,SRV-NODE-4
ERP-00834,PROJ-7712,Trujillo,Videoconference,37,42,17464,33893,18917,14976,5,1,PM_SOTO,SRV-NODE-7
ERP-00835,PROJ-9017,Lima,Project Mgmt,59,64,19470,34747,25567,9180,29,4,PM_PEREZ,SRV-NODE-5
ERP-00836,PROJ-3709,Cajamarca,Business Proc,129,164,54180,117122,75421,41701,11,19,PM_RIVAS,SRV-NODE-4
ERP-00837,PROJ-7202,Piura,Project Mgmt,169,218,94640,166569,118477,48092,37,47,PM_SOTO,SRV-NODE-10
ERP-00838,PROJ-6946,Tacna,Audiovisual,106,117,37630,71940,41503,30437,49,73,PM_MEZA,SRV-NODE-1
ERP-00839,PROJ-5236,Puno,Audiovisual,158,203,60198,97516,78391,19125,13,22,PM_MEZA,SRV-NODE-4
ERP-00840,PROJ-1237,Huancayo,Audiovisual,51,56,19533,40904,22140,18764,17,27,PM_SOTO,SRV-NODE-9
ERP-00841,PROJ-8152,Arequipa,Videoconference,110,132,44000,75423,57129,18294,34,46,PM_VEGA,SRV-NODE-8
ERP-00842,PROJ-6886,Tacna,Project Mgmt,179,210,101851,172345,114621,57724,38,33,PM_SOTO,SRV-NODE-10
ERP-00843,PROJ-2824,Huancayo,Business Proc,60,60,30960,65920,38927,26993,43,53,PM_RIVAS,SRV-NODE-8
ERP-00844,PROJ-9395,Lima,Audiovisual,20,22,11480,19666,11734,7932,11,8,PM_SOTO,SRV-NODE-3
ERP-00845,PROJ-9957,Arequipa,Videoconference,120,160,40800,68500,42573,25927,33,42,PM_PEREZ,SRV-NODE-3
ERP-00846,PROJ-1164,Puno,Project Mgmt,152,173,65512,111815,90648,21167,49,40,PM_SOTO,SRV-NODE-8
ERP-00847,PROJ-2594,Trujillo,Project Mgmt,139,182,36974,69435,44904,24531,14,7,PM_PEREZ,SRV-NODE-6
ERP-00848,PROJ-7844,Tacna,Project Mgmt,106,108,26182,43848,35402,8446,22,27,PM_VEGA,SRV-NODE-2
ERP-00849,PROJ-4818,Huancayo,Audiovisual,23,30,10718,20547,14193,6354,4,5,PM_MEZA,SRV-NODE-2
ERP-00850,PROJ-6371,Huancayo,Audiovisual,162,181,71604,133759,85200,48559,45,57,PM_PEREZ,SRV-NODE-2
ERP-00851,PROJ-1251,Iquitos,Project Mgmt,32,33,6912,12760,9476,3284,28,13,PM_MEZA,SRV-NODE-3
ERP-00852,PROJ-5176,Iquitos,Videoconference,99,132,56529,109340,61283,48057,24,30,PM_PEREZ,SRV-NODE-7
ERP-00853,PROJ-7069,Lima,Business Proc,130,155,69940,133797,81258,52539,20,7,PM_VEGA,SRV-NODE-2
ERP-00854,PROJ-3105,Arequipa,Project Mgmt,27,31,12096,21232,13959,7273,6,3,PM_RIVAS,SRV-NODE-8
ERP-00855,PROJ-8036,Huancayo,Videoconference,110,117,65010,119393,85894,33499,40,67,PM_VEGA,SRV-NODE-3
ERP-00856,PROJ-4683,Tacna,Project Mgmt,141,157,46389,97569,48011,49558,37,27,PM_MEZA,SRV-NODE-5
ERP-00857,PROJ-3311,Puno,Audiovisual,142,176,53676,111235,71910,39325,21,37,PM_PEREZ,SRV-NODE-7
ERP-00858,PROJ-6691,Tacna,Project Mgmt,171,204,83277,165898,87120,78778,48,74,PM_PEREZ,SRV-NODE-8
ERP-00859,PROJ-2425,Arequipa,Audiovisual,38,50,22800,41706,22803,18903,28,35,PM_VEGA,SRV-NODE-6
ERP-00860,PROJ-9368,Tacna,Business Proc,23,26,5359,11487,5450,6037,36,42,PM_PEREZ,SRV-NODE-3
ERP-00861,PROJ-6475,Huancayo,Audiovisual,170,219,76500,143822,100822,43000,15,20,PM_PEREZ,SRV-NODE-4
ERP-00862,PROJ-9891,Trujillo,Project Mgmt,27,32,7074,14870,7813,7057,29,43,PM_SOTO,SRV-NODE-9
ERP-00863,PROJ-3052,Piura,Project Mgmt,108,120,62424,124068,86854,37214,33,15,PM_VEGA,SRV-NODE-4
ERP-00864,PROJ-9135,Tacna,Audiovisual,147,172,69237,137220,80956,56264,29,27,PM_RIVAS,SRV-NODE-9
ERP-00865,PROJ-5273,Piura,Business Proc,133,145,53865,114424,63100,51324,43,11,PM_MEZA,SRV-NODE-1
ERP-00866,PROJ-8514,Piura,Business Proc,121,162,54571,90679,63221,27458,7,5,PM_SOTO,SRV-NODE-2
ERP-00867,PROJ-7225,Piura,Project Mgmt,112,141,48496,99163,60162,39001,15,5,PM_VEGA,SRV-NODE-5
ERP-00868,PROJ-1903,Lima,Business Proc,43,51,16770,34514,17343,17171,9,15,PM_VEGA,SRV-NODE-5
ERP-00869,PROJ-6338,Arequipa,Audiovisual,26,34,11518,22539,13698,8841,32,13,PM_RIVAS,SRV-NODE-3
ERP-00870,PROJ-6346,Puno,Audiovisual,74,98,26270,43883,27905,15978,22,20,PM_PEREZ,SRV-NODE-5
ERP-00871,PROJ-5141,Cajamarca,Project Mgmt,123,137,41820,74189,53708,20481,7,10,PM_PEREZ,SRV-NODE-4
ERP-00872,PROJ-8940,Puno,Audiovisual,177,208,62304,124622,69832,54790,19,5,PM_RIVAS,SRV-NODE-5
ERP-00873,PROJ-8371,Arequipa,Videoconference,56,61,30408,63670,35266,28404,38,53,PM_SOTO,SRV-NODE-10
ERP-00874,PROJ-9088,Piura,Business Proc,143,145,30888,51884,34274,17610,5,2,PM_RIVAS,SRV-NODE-5
ERP-00875,PROJ-9940,Lima,Project Mgmt,38,50,21204,46251,26776,19475,31,23,PM_PEREZ,SRV-NODE-1
ERP-00876,PROJ-6246,Tacna,Videoconference,94,95,46060,97930,51955,45975,5,4,PM_PEREZ,SRV-NODE-9
ERP-00877,PROJ-6193,Cajamarca,Videoconference,99,106,24849,43927,29546,14381,28,27,PM_PEREZ,SRV-NODE-7
ERP-00878,PROJ-2318,Cajamarca,Audiovisual,46,50,19366,31738,23865,7873,12,8,PM_SOTO,SRV-NODE-4
ERP-00879,PROJ-4165,Cajamarca,Business Proc,35,44,14595,25210,19405,5805,28,4,PM_VEGA,SRV-NODE-1
ERP-00880,PROJ-9194,Huancayo,Videoconference,26,34,9542,20022,9601,10421,16,3,PM_SOTO,SRV-NODE-9
ERP-00881,PROJ-3252,Piura,Business Proc,70,84,38780,63662,49637,14025,34,51,PM_PEREZ,SRV-NODE-5
ERP-00882,PROJ-8502,Cajamarca,Audiovisual,71,81,27051,49696,31341,18355,10,10,PM_VEGA,SRV-NODE-5
ERP-00883,PROJ-3693,Cajamarca,Project Mgmt,84,110,31920,60604,33746,26858,9,9,PM_SOTO,SRV-NODE-6
ERP-00884,PROJ-1359,Tacna,Project Mgmt,139,173,51708,99192,58178,41014,26,29,PM_RIVAS,SRV-NODE-6
ERP-00885,PROJ-5515,Huancayo,Audiovisual,163,177,61777,119125,84091,35034,42,56,PM_VEGA,SRV-NODE-5
ERP-00886,PROJ-6459,Cusco,Audiovisual,85,85,38335,77818,50438,27380,20,34,PM_SOTO,SRV-NODE-10
ERP-00887,PROJ-9418,Huancayo,Audiovisual,141,181,57669,99274,64356,34918,33,9,PM_SOTO,SRV-NODE-6
ERP-00888,PROJ-1062,Puno,Audiovisual,84,85,24024,45266,31937,13329,39,29,PM_PEREZ,SRV-NODE-4
ERP-00889,PROJ-9007,Cusco,Business Proc,139,163,29190,58639,40650,17989,48,58,PM_VEGA,SRV-NODE-4
ERP-00890,PROJ-2367,Piura,Audiovisual,164,214,66748,128808,74902,53906,47,71,PM_RIVAS,SRV-NODE-9
ERP-00891,PROJ-6293,Tacna,Project Mgmt,177,180,36462,76873,48772,28101,25,8,PM_MEZA,SRV-NODE-8
ERP-00892,PROJ-2969,Arequipa,Videoconference,130,144,29120,63878,36845,27033,11,7,PM_VEGA,SRV-NODE-8
ERP-00893,PROJ-5056,Lima,Audiovisual,118,133,47318,96847,63346,33501,30,14,PM_MEZA,SRV-NODE-9
ERP-00894,PROJ-9838,Huancayo,Videoconference,150,170,89100,146240,109651,36589,15,5,PM_PEREZ,SRV-NODE-5
ERP-00895,PROJ-3879,Cajamarca,Videoconference,38,47,20520,37208,24445,12763,30,43,PM_RIVAS,SRV-NODE-4
ERP-00896,PROJ-1901,Puno,Audiovisual,107,124,33919,60763,35117,25646,29,38,PM_PEREZ,SRV-NODE-1
ERP-00897,PROJ-3900,Arequipa,Videoconference,70,76,19600,37714,23610,14104,6,10,PM_SOTO,SRV-NODE-5
ERP-00898,PROJ-3626,Iquitos,Project Mgmt,137,165,40552,84794,46874,37920,5,2,PM_RIVAS,SRV-NODE-4
ERP-00899,PROJ-8605,Piura,Business Proc,108,109,24192,41153,33838,7315,18,20,PM_SOTO,SRV-NODE-6
ERP-00900,PROJ-2251,Lima,Business Proc,22,24,11132,23505,15103,8402,36,49,PM_MEZA,SRV-NODE-2
ERP-00901,PROJ-6485,Puno,Project Mgmt,171,228,64638,133233,71893,61340,38,37,PM_MEZA,SRV-NODE-3
ERP-00902,PROJ-5588,Cusco,Videoconference,127,155,60198,117773,63884,53889,29,23,PM_PEREZ,SRV-NODE-6
ERP-00903,PROJ-4125,Iquitos,Videoconference,77,101,37653,74726,47995,26731,6,3,PM_PEREZ,SRV-NODE-6
ERP-00904,PROJ-7859,Huancayo,Project Mgmt,153,187,45288,85338,57824,27514,47,18,PM_SOTO,SRV-NODE-7
ERP-00905,PROJ-6850,Lima,Business Proc,147,178,71442,128687,72109,56578,24,26,PM_MEZA,SRV-NODE-8
ERP-00906,PROJ-8693,Trujillo,Videoconference,49,64,18375,31903,24907,6996,13,9,PM_RIVAS,SRV-NODE-1
ERP-00907,PROJ-7495,Arequipa,Business Proc,161,193,72289,117988,85232,32756,37,43,PM_MEZA,SRV-NODE-2
ERP-00908,PROJ-2750,Lima,Business Proc,45,53,11970,26048,13539,12509,15,13,PM_VEGA,SRV-NODE-10
ERP-00909,PROJ-2355,Puno,Business Proc,165,180,79860,156783,85874,70909,21,8,PM_PEREZ,SRV-NODE-9
ERP-00910,PROJ-3719,Cusco,Project Mgmt,60,76,33780,55493,40527,14966,35,42,PM_VEGA,SRV-NODE-8
ERP-00911,PROJ-7433,Arequipa,Business Proc,46,58,24840,46705,31462,15243,32,36,PM_PEREZ,SRV-NODE-8
ERP-00912,PROJ-4803,Lima,Business Proc,65,67,33540,62755,41117,21638,39,43,PM_PEREZ,SRV-NODE-8
ERP-00913,PROJ-7501,Piura,Business Proc,86,97,23478,49989,30009,19980,9,6,PM_RIVAS,SRV-NODE-2
ERP-00914,PROJ-7115,Trujillo,Audiovisual,44,56,20812,35031,26631,8400,13,16,PM_RIVAS,SRV-NODE-1
ERP-00915,PROJ-2097,Piura,Audiovisual,48,53,15408,27897,17479,10418,6,7,PM_MEZA,SRV-NODE-8
ERP-00916,PROJ-2861,Tacna,Videoconference,167,173,51102,97611,68783,28828,46,14,PM_RIVAS,SRV-NODE-2
ERP-00917,PROJ-8431,Huancayo,Videoconference,33,37,9933,17583,13439,4144,26,28,PM_VEGA,SRV-NODE-10
ERP-00918,PROJ-1023,Piura,Videoconference,75,86,31425,50318,37054,13264,24,29,PM_VEGA,SRV-NODE-1
ERP-00919,PROJ-3980,Huancayo,Videoconference,132,163,64944,126647,88571,38076,8,0,PM_PEREZ,SRV-NODE-9
ERP-00920,PROJ-2511,Cajamarca,Business Proc,74,78,16724,30341,16901,13440,29,17,PM_VEGA,SRV-NODE-5
ERP-00921,PROJ-5591,Huancayo,Project Mgmt,133,170,62909,126319,79023,47296,42,31,PM_MEZA,SRV-NODE-9
ERP-00922,PROJ-7218,Cusco,Videoconference,108,128,56160,107963,59873,48090,36,58,PM_MEZA,SRV-NODE-2
ERP-00923,PROJ-8422,Cajamarca,Business Proc,41,44,22468,40447,24121,16326,13,2,PM_RIVAS,SRV-NODE-6
ERP-00924,PROJ-3735,Cajamarca,Business Proc,93,110,31062,67275,41903,25372,37,7,PM_PEREZ,SRV-NODE-10
ERP-00925,PROJ-7411,Trujillo,Audiovisual,62,70,20956,46043,27749,18294,37,36,PM_MEZA,SRV-NODE-4
ERP-00926,PROJ-1308,Lima,Business Proc,111,116,33078,57806,37245,20561,29,43,PM_PEREZ,SRV-NODE-6
ERP-00927,PROJ-4651,Iquitos,Videoconference,131,154,64845,120338,72934,47404,8,2,PM_MEZA,SRV-NODE-4
ERP-00928,PROJ-3096,Huancayo,Audiovisual,84,95,45696,97990,48904,49086,21,20,PM_MEZA,SRV-NODE-1
ERP-00929,PROJ-5571,Huancayo,Videoconference,144,184,49248,90964,51043,39921,25,37,PM_SOTO,SRV-NODE-8
ERP-00930,PROJ-4467,Cusco,Audiovisual,121,140,43681,71541,58671,12870,32,5,PM_SOTO,SRV-NODE-4
ERP-00931,PROJ-9852,Cusco,Project Mgmt,180,187,90000,180416,92033,88383,16,20,PM_MEZA,SRV-NODE-8
ERP-00932,PROJ-8145,Lima,Project Mgmt,144,173,52704,86501,67902,18599,22,39,PM_VEGA,SRV-NODE-10
ERP-00933,PROJ-9027,Piura,Audiovisual,38,45,9424,19449,10467,8982,39,66,PM_MEZA,SRV-NODE-3
ERP-00934,PROJ-3693,Lima,Audiovisual,153,194,71604,118231,99030,19201,32,26,PM_PEREZ,SRV-NODE-9
ERP-00935,PROJ-7893,Puno,Audiovisual,95,103,54055,114984,65109,49875,26,4,PM_VEGA,SRV-NODE-8
ERP-00936,PROJ-1562,Piura,Videoconference,165,202,44880,90795,57293,33502,16,28,PM_PEREZ,SRV-NODE-7
ERP-00937,PROJ-8280,Puno,Audiovisual,115,138,60835,132148,75628,56520,8,9,PM_SOTO,SRV-NODE-4
ERP-00938,PROJ-2762,Puno,Videoconference,41,41,23001,38181,28289,9892,42,45,PM_VEGA,SRV-NODE-7
ERP-00939,PROJ-8199,Trujillo,Project Mgmt,121,151,48400,86846,67482,19364,12,3,PM_VEGA,SRV-NODE-8
ERP-00940,PROJ-5485,Huancayo,Business Proc,58,68,12528,26286,14363,11923,40,39,PM_MEZA,SRV-NODE-7
ERP-00941,PROJ-3657,Puno,Videoconference,34,37,20298,36098,23526,12572,12,8,PM_SOTO,SRV-NODE-1
ERP-00942,PROJ-8076,Puno,Audiovisual,167,210,63627,103660,76856,26804,14,6,PM_VEGA,SRV-NODE-7
ERP-00943,PROJ-1519,Cusco,Project Mgmt,66,67,15972,33185,17169,16016,15,26,PM_PEREZ,SRV-NODE-4
ERP-00944,PROJ-1524,Tacna,Audiovisual,28,28,10808,19562,13902,5660,24,34,PM_RIVAS,SRV-NODE-5
ERP-00945,PROJ-4077,Piura,Videoconference,69,86,34638,73207,45862,27345,47,73,PM_MEZA,SRV-NODE-4
ERP-00946,PROJ-7153,Iquitos,Business Proc,175,216,84700,173891,94644,79247,18,14,PM_VEGA,SRV-NODE-10
ERP-00947,PROJ-4998,Cajamarca,Business Proc,45,53,16020,34084,22384,11700,42,38,PM_MEZA,SRV-NODE-5
ERP-00948,PROJ-9387,Cusco,Videoconference,92,95,45172,95558,54411,41147,19,7,PM_VEGA,SRV-NODE-6
ERP-00949,PROJ-8973,Tacna,Videoconference,140,161,80920,129749,83349,46400,40,65,PM_MEZA,SRV-NODE-6
ERP-00950,PROJ-1524,Iquitos,Business Proc,26,28,10842,17671,13752,3919,26,28,PM_SOTO,SRV-NODE-10
ERP-00951,PROJ-4065,Trujillo,Videoconference,103,125,53354,109932,54379,55553,4,5,PM_MEZA,SRV-NODE-4
ERP-00952,PROJ-6259,Tacna,Videoconference,69,82,15939,32097,21889,10208,13,11,PM_PEREZ,SRV-NODE-8
ERP-00953,PROJ-1730,Iquitos,Project Mgmt,65,67,22100,47348,26723,20625,4,5,PM_RIVAS,SRV-NODE-4
ERP-00954,PROJ-6997,Iquitos,Project Mgmt,66,70,13662,28299,16924,11375,37,8,PM_VEGA,SRV-NODE-7
ERP-00955,PROJ-2452,Piura,Videoconference,152,157,48944,100292,53009,47283,19,17,PM_VEGA,SRV-NODE-2
ERP-00956,PROJ-3452,Arequipa,Videoconference,139,179,34194,64573,44878,19695,12,12,PM_RIVAS,SRV-NODE-10
ERP-00957,PROJ-6444,Iquitos,Business Proc,163,170,91443,185035,120291,64744,30,11,PM_MEZA,SRV-NODE-10
ERP-00958,PROJ-8880,Cusco,Audiovisual,29,34,7714,14920,8233,6687,31,4,PM_MEZA,SRV-NODE-8
ERP-00959,PROJ-1033,Cajamarca,Videoconference,124,124,54932,101320,70322,30998,22,16,PM_MEZA,SRV-NODE-9
ERP-00960,PROJ-9396,Lima,Audiovisual,30,32,16410,32069,19527,12542,35,21,PM_SOTO,SRV-NODE-7
ERP-00961,PROJ-7989,Arequipa,Audiovisual,29,34,10295,19691,13521,6170,44,24,PM_PEREZ,SRV-NODE-1
ERP-00962,PROJ-8766,Cusco,Audiovisual,117,151,43173,83179,44376,38803,13,16,PM_VEGA,SRV-NODE-4
ERP-00963,PROJ-5573,Arequipa,Videoconference,25,26,12225,26059,14181,11878,25,30,PM_MEZA,SRV-NODE-10
ERP-00964,PROJ-6080,Cajamarca,Project Mgmt,66,69,24222,45464,27309,18155,34,32,PM_RIVAS,SRV-NODE-2
ERP-00965,PROJ-7411,Piura,Videoconference,145,172,66265,124900,76043,48857,16,23,PM_VEGA,SRV-NODE-1
ERP-00966,PROJ-1874,Cajamarca,Business Proc,34,45,10744,22522,10890,11632,24,19,PM_PEREZ,SRV-NODE-1
ERP-00967,PROJ-7344,Tacna,Business Proc,31,34,9083,15383,12012,3371,41,8,PM_MEZA,SRV-NODE-10
ERP-00968,PROJ-4451,Piura,Videoconference,137,168,31921,70080,34621,35459,35,5,PM_RIVAS,SRV-NODE-3
ERP-00969,PROJ-7189,Iquitos,Business Proc,59,61,18231,36958,19575,17383,27,26,PM_MEZA,SRV-NODE-7
ERP-00970,PROJ-7343,Iquitos,Videoconference,83,99,43824,71973,53690,18283,33,13,PM_SOTO,SRV-NODE-6
ERP-00971,PROJ-4328,Puno,Project Mgmt,52,65,18876,39798,23648,16150,5,6,PM_SOTO,SRV-NODE-7
ERP-00972,PROJ-1267,Piura,Business Proc,36,46,16416,32515,21126,11389,25,8,PM_RIVAS,SRV-NODE-2
ERP-00973,PROJ-5155,Cajamarca,Business Proc,123,145,49077,81077,66503,14574,47,72,PM_RIVAS,SRV-NODE-7
ERP-00974,PROJ-3272,Arequipa,Audiovisual,78,84,23946,50767,25687,25080,18,21,PM_VEGA,SRV-NODE-6
ERP-00975,PROJ-3413,Trujillo,Videoconference,145,173,74385,140617,97823,42794,16,14,PM_PEREZ,SRV-NODE-10
ERP-00976,PROJ-4814,Huancayo,Videoconference,51,53,22746,40380,28990,11390,4,5,PM_RIVAS,SRV-NODE-6
ERP-00977,PROJ-7855,Cajamarca,Business Proc,21,22,7497,14595,10001,4594,7,4,PM_MEZA,SRV-NODE-5
ERP-00978,PROJ-1682,Piura,Project Mgmt,78,93,32058,59444,43038,16406,40,20,PM_MEZA,SRV-NODE-4
ERP-00979,PROJ-6240,Huancayo,Videoconference,114,117,55746,112226,59189,53037,35,31,PM_VEGA,SRV-NODE-1
ERP-00980,PROJ-5360,Lima,Videoconference,101,113,56156,120799,57941,62858,26,32,PM_VEGA,SRV-NODE-4
ERP-00981,PROJ-9079,Huancayo,Videoconference,171,195,89433,188898,103339,85559,20,5,PM_PEREZ,SRV-NODE-5
ERP-00982,PROJ-6345,Puno,Business Proc,58,75,15602,28294,16144,12150,24,25,PM_VEGA,SRV-NODE-1
ERP-00983,PROJ-9296,Trujillo,Business Proc,116,122,68092,114028,90295,23733,50,31,PM_SOTO,SRV-NODE-2
ERP-00984,PROJ-5317,Puno,Business Proc,177,181,72039,132253,88782,43471,46,59,PM_MEZA,SRV-NODE-9
ERP-00985,PROJ-3912,Trujillo,Business Proc,156,201,84084,174213,104726,69487,17,9,PM_SOTO,SRV-NODE-7
ERP-00986,PROJ-4493,Huancayo,Project Mgmt,145,158,61335,130902,65938,64964,30,6,PM_SOTO,SRV-NODE-5
ERP-00987,PROJ-3041,Trujillo,Audiovisual,73,88,31390,53711,43425,10286,5,4,PM_MEZA,SRV-NODE-8
ERP-00988,PROJ-6860,Arequipa,Audiovisual,88,101,51744,104136,65911,38225,17,18,PM_RIVAS,SRV-NODE-9
ERP-00989,PROJ-8455,Iquitos,Project Mgmt,154,161,64372,124691,84466,40225,25,37,PM_MEZA,SRV-NODE-1
ERP-00990,PROJ-3266,Cajamarca,Project Mgmt,160,196,67840,113019,80596,32423,30,40,PM_MEZA,SRV-NODE-5
ERP-00991,PROJ-5921,Trujillo,Business Proc,71,75,37985,74531,43546,30985,29,48,PM_MEZA,SRV-NODE-7
ERP-00992,PROJ-5353,Huancayo,Business Proc,38,40,20254,33276,28153,5123,30,29,PM_SOTO,SRV-NODE-8
ERP-00993,PROJ-6961,Puno,Videoconference,76,88,20216,33684,21109,12575,7,10,PM_PEREZ,SRV-NODE-5
ERP-00994,PROJ-6023,Cusco,Videoconference,112,135,22624,44922,30988,13934,4,2,PM_RIVAS,SRV-NODE-8
ERP-00995,PROJ-7883,Lima,Audiovisual,45,48,23400,49857,26109,23748,42,72,PM_VEGA,SRV-NODE-10
ERP-00996,PROJ-3295,Tacna,Business Proc,116,151,66468,126599,83167,43432,44,63,PM_SOTO,SRV-NODE-8
ERP-00997,PROJ-1912,Tacna,Videoconference,131,135,66155,129080,78433,50647,35,4,PM_RIVAS,SRV-NODE-9
ERP-00998,PROJ-2752,Cusco,Business Proc,140,144,37940,69500,50512,18988,44,43,PM_SOTO,SRV-NODE-6
ERP-00999,PROJ-9628,Puno,Audiovisual,106,113,54484,91535,72277,19258,33,44,PM_VEGA,SRV-NODE-6
ERP-01000,PROJ-6855,Cajamarca,Project Mgmt,96,113,52896,101464,70718,30746,32,16,PM_VEGA,SRV-NODE-9
ERP-01001,PROJ-5674,Arequipa,Business Proc,143,178,43186,70166,54901,15265,17,20,PM_VEGA,SRV-NODE-4
ERP-01002,PROJ-4735,Cajamarca,Business Proc,64,67,31680,59766,36106,23660,47,39,PM_VEGA,SRV-NODE-3
ERP-01003,PROJ-5705,Cusco,Videoconference,69,91,20562,43983,22749,21234,15,24,PM_RIVAS,SRV-NODE-10
ERP-01004,PROJ-4621,Piura,Project Mgmt,120,136,66240,113539,83530,30009,49,77,PM_SOTO,SRV-NODE-3
ERP-01005,PROJ-4887,Tacna,Videoconference,62,71,27404,54185,34087,20098,12,11,PM_VEGA,SRV-NODE-7
ERP-01006,PROJ-2214,Iquitos,Project Mgmt,165,183,66165,117063,70436,46627,49,74,PM_SOTO,SRV-NODE-1
ERP-01007,PROJ-5174,Piura,Business Proc,30,37,6750,12714,8694,4020,11,3,PM_RIVAS,SRV-NODE-4
ERP-01008,PROJ-7691,Cusco,Videoconference,163,192,70905,129157,78643,50514,9,15,PM_RIVAS,SRV-NODE-4
ERP-01009,PROJ-8585,Tacna,Videoconference,132,148,78012,129530,105916,23614,39,38,PM_PEREZ,SRV-NODE-6
ERP-01010,PROJ-8716,Piura,Project Mgmt,96,114,33792,62700,35478,27222,9,3,PM_SOTO,SRV-NODE-8
ERP-01011,PROJ-2948,Lima,Audiovisual,55,73,23045,40531,23698,16833,21,35,PM_PEREZ,SRV-NODE-8
ERP-01012,PROJ-3467,Iquitos,Videoconference,20,26,7880,13513,10303,3210,10,9,PM_MEZA,SRV-NODE-4
ERP-01013,PROJ-9081,Lima,Business Proc,156,207,58500,115955,59314,56641,6,9,PM_RIVAS,SRV-NODE-6
ERP-01014,PROJ-2978,Cusco,Business Proc,105,112,56175,108358,71421,36937,16,9,PM_SOTO,SRV-NODE-1
ERP-01015,PROJ-9363,Puno,Business Proc,77,95,33110,60156,43187,16969,6,3,PM_SOTO,SRV-NODE-9
ERP-01016,PROJ-4155,Cajamarca,Audiovisual,124,147,30876,56731,40894,15837,38,20,PM_VEGA,SRV-NODE-8
ERP-01017,PROJ-2551,Tacna,Business Proc,85,85,28645,46300,34924,11376,16,27,PM_RIVAS,SRV-NODE-1
ERP-01018,PROJ-9824,Arequipa,Project Mgmt,127,161,54102,96364,55854,40510,34,15,PM_RIVAS,SRV-NODE-6
ERP-01019,PROJ-3344,Cajamarca,Business Proc,163,176,39446,84407,52238,32169,23,11,PM_VEGA,SRV-NODE-7
ERP-01020,PROJ-2114,Trujillo,Audiovisual,41,55,12628,24752,15195,9557,15,25,PM_SOTO,SRV-NODE-9
ERP-01021,PROJ-5071,Trujillo,Project Mgmt,124,149,45012,79448,57546,21902,48,32,PM_PEREZ,SRV-NODE-6
ERP-01022,PROJ-1790,Lima,Videoconference,31,33,14663,26662,16606,10056,10,2,PM_SOTO,SRV-NODE-3
ERP-01023,PROJ-7409,Huancayo,Audiovisual,31,33,8928,17412,11188,6224,19,34,PM_SOTO,SRV-NODE-9
ERP-01024,PROJ-8677,Trujillo,Videoconference,169,218,85514,156189,100785,55404,15,2,PM_PEREZ,SRV-NODE-4
ERP-01025,PROJ-7307,Puno,Audiovisual,63,71,35658,58381,43265,15116,31,22,PM_VEGA,SRV-NODE-5
ERP-01026,PROJ-3539,Trujillo,Project Mgmt,88,109,46288,82375,64090,18285,44,43,PM_MEZA,SRV-NODE-10
ERP-01027,PROJ-7541,Cusco,Videoconference,136,156,31960,55458,33327,22131,17,20,PM_RIVAS,SRV-NODE-2
ERP-01028,PROJ-1267,Iquitos,Audiovisual,164,200,82164,140600,113674,26926,39,3,PM_PEREZ,SRV-NODE-4
ERP-01029,PROJ-1672,Iquitos,Videoconference,179,225,69810,122002,73898,48104,31,38,PM_VEGA,SRV-NODE-6
ERP-01030,PROJ-4221,Arequipa,Project Mgmt,147,150,84672,143913,102458,41455,13,12,PM_VEGA,SRV-NODE-5
ERP-01031,PROJ-6992,Arequipa,Project Mgmt,127,143,33401,54095,46307,7788,42,56,PM_RIVAS,SRV-NODE-8
ERP-01032,PROJ-5450,Piura,Project Mgmt,24,26,5952,12663,8215,4448,10,7,PM_MEZA,SRV-NODE-8
ERP-01033,PROJ-1166,Cusco,Project Mgmt,166,199,92628,186561,100871,85690,13,10,PM_SOTO,SRV-NODE-9
ERP-01034,PROJ-8811,Tacna,Videoconference,146,148,45114,85515,57744,27771,24,28,PM_SOTO,SRV-NODE-3
ERP-01035,PROJ-4367,Iquitos,Project Mgmt,179,211,65514,140414,83307,57107,49,61,PM_RIVAS,SRV-NODE-2
ERP-01036,PROJ-7120,Arequipa,Videoconference,133,163,39368,75309,49754,25555,48,64,PM_RIVAS,SRV-NODE-3
ERP-01037,PROJ-9459,Arequipa,Videoconference,117,118,32877,71890,42937,28953,44,48,PM_RIVAS,SRV-NODE-10
ERP-01038,PROJ-8821,Arequipa,Project Mgmt,113,116,31414,59037,43324,15713,23,22,PM_RIVAS,SRV-NODE-5
ERP-01039,PROJ-1227,Iquitos,Videoconference,46,57,19688,32765,24791,7974,6,1,PM_VEGA,SRV-NODE-8
ERP-01040,PROJ-8271,Cajamarca,Project Mgmt,135,170,74115,133508,77944,55564,23,20,PM_PEREZ,SRV-NODE-2
ERP-01041,PROJ-1220,Lima,Audiovisual,37,48,17464,32646,23857,8789,6,1,PM_RIVAS,SRV-NODE-2
ERP-01042,PROJ-3102,Cajamarca,Videoconference,36,39,15372,25777,18983,6794,7,5,PM_PEREZ,SRV-NODE-5
ERP-01043,PROJ-1491,Arequipa,Videoconference,164,198,50840,107752,57514,50238,45,38,PM_PEREZ,SRV-NODE-2
ERP-01044,PROJ-1590,Piura,Project Mgmt,80,82,33920,58975,36547,22428,37,15,PM_MEZA,SRV-NODE-6
ERP-01045,PROJ-7640,Tacna,Audiovisual,24,29,14376,24715,18971,5744,20,27,PM_MEZA,SRV-NODE-6
ERP-01046,PROJ-9244,Trujillo,Audiovisual,86,100,46870,97135,65529,31606,21,32,PM_VEGA,SRV-NODE-1
ERP-01047,PROJ-2215,Piura,Videoconference,112,150,33040,66235,39722,26513,6,4,PM_PEREZ,SRV-NODE-9
ERP-01048,PROJ-3047,Puno,Audiovisual,113,133,38420,62694,50344,12350,41,29,PM_VEGA,SRV-NODE-2
ERP-01049,PROJ-8044,Huancayo,Videoconference,142,179,37488,69969,51676,18293,13,16,PM_RIVAS,SRV-NODE-9
ERP-01050,PROJ-4641,Puno,Audiovisual,59,61,14042,28197,17686,10511,7,5,PM_PEREZ,SRV-NODE-5
ERP-01051,PROJ-2637,Iquitos,Project Mgmt,132,166,70752,121409,93557,27852,12,4,PM_RIVAS,SRV-NODE-5
ERP-01052,PROJ-2045,Tacna,Audiovisual,115,146,38870,78278,46339,31939,36,39,PM_MEZA,SRV-NODE-2
ERP-01053,PROJ-2112,Cusco,Videoconference,26,31,15262,27142,16757,10385,35,34,PM_PEREZ,SRV-NODE-2
ERP-01054,PROJ-4202,Piura,Audiovisual,122,147,40138,73040,48060,24980,48,52,PM_RIVAS,SRV-NODE-8
ERP-01055,PROJ-6109,Tacna,Project Mgmt,176,214,66000,143934,77763,66171,8,6,PM_MEZA,SRV-NODE-10
ERP-01056,PROJ-3022,Lima,Business Proc,178,234,42008,72208,48498,23710,47,63,PM_SOTO,SRV-NODE-8
ERP-01057,PROJ-8674,Cusco,Videoconference,162,186,72090,131772,89942,41830,16,25,PM_VEGA,SRV-NODE-7
ERP-01058,PROJ-9715,Tacna,Videoconference,87,99,44283,93269,46535,46734,18,14,PM_PEREZ,SRV-NODE-8
ERP-01059,PROJ-8556,Puno,Project Mgmt,111,146,23754,48099,25035,23064,23,27,PM_SOTO,SRV-NODE-9
ERP-01060,PROJ-6212,Piura,Videoconference,111,140,33522,64037,38775,25262,4,5,PM_VEGA,SRV-NODE-9
ERP-01061,PROJ-3286,Piura,Audiovisual,36,40,9324,16744,10916,5828,20,2,PM_MEZA,SRV-NODE-6
ERP-01062,PROJ-9837,Trujillo,Business Proc,98,122,45864,94700,60875,33825,21,25,PM_SOTO,SRV-NODE-8
ERP-01063,PROJ-8730,Arequipa,Project Mgmt,83,87,21829,46494,26205,20289,7,2,PM_PEREZ,SRV-NODE-4
ERP-01064,PROJ-1018,Huancayo,Audiovisual,62,75,26970,55223,31976,23247,47,76,PM_RIVAS,SRV-NODE-6
ERP-01065,PROJ-9632,Cajamarca,Videoconference,165,203,90915,156779,102541,54238,9,4,PM_PEREZ,SRV-NODE-10
ERP-01066,PROJ-3716,Arequipa,Audiovisual,140,145,50680,98170,56987,41183,17,30,PM_SOTO,SRV-NODE-5
ERP-01067,PROJ-5292,Piura,Audiovisual,113,147,41132,80389,56229,24160,15,16,PM_SOTO,SRV-NODE-10
ERP-01068,PROJ-3605,Lima,Audiovisual,152,155,81776,144515,89384,55131,30,37,PM_RIVAS,SRV-NODE-10
ERP-01069,PROJ-8293,Puno,Videoconference,73,80,41026,73347,46743,26604,43,15,PM_PEREZ,SRV-NODE-3
ERP-01070,PROJ-9145,Lima,Audiovisual,144,192,29376,48905,32889,16016,8,2,PM_PEREZ,SRV-NODE-7
ERP-01071,PROJ-7449,Cusco,Project Mgmt,70,71,24920,43345,31457,11888,13,9,PM_PEREZ,SRV-NODE-8
ERP-01072,PROJ-7558,Cajamarca,Business Proc,179,232,46719,89979,48506,41473,8,5,PM_MEZA,SRV-NODE-10
ERP-01073,PROJ-5505,Piura,Videoconference,69,82,36570,76286,50582,25704,44,54,PM_VEGA,SRV-NODE-2
ERP-01074,PROJ-9219,Piura,Audiovisual,139,158,31275,68058,40514,27544,26,10,PM_PEREZ,SRV-NODE-10
ERP-01075,PROJ-5717,Huancayo,Business Proc,159,182,39432,71766,54632,17134,34,30,PM_RIVAS,SRV-NODE-5
ERP-01076,PROJ-3641,Puno,Project Mgmt,78,88,35802,63432,45237,18195,39,35,PM_SOTO,SRV-NODE-10
ERP-01077,PROJ-8474,Cajamarca,Business Proc,150,170,83250,165611,89715,75896,49,39,PM_MEZA,SRV-NODE-4
ERP-01078,PROJ-2288,Iquitos,Audiovisual,115,133,50830,86171,63974,22197,17,24,PM_SOTO,SRV-NODE-7
ERP-01079,PROJ-7924,Tacna,Business Proc,92,103,31280,50110,41836,8274,31,32,PM_MEZA,SRV-NODE-2
ERP-01080,PROJ-4150,Iquitos,Project Mgmt,178,183,82414,158887,112010,46877,26,23,PM_RIVAS,SRV-NODE-5
ERP-01081,PROJ-7117,Tacna,Project Mgmt,180,187,51300,103011,52723,50288,4,2,PM_PEREZ,SRV-NODE-9
ERP-01082,PROJ-1056,Cajamarca,Project Mgmt,53,61,29786,51731,29955,21776,15,16,PM_RIVAS,SRV-NODE-1
ERP-01083,PROJ-3486,Piura,Audiovisual,177,208,100182,215331,105492,109839,32,9,PM_PEREZ,SRV-NODE-9
ERP-01084,PROJ-8228,Lima,Project Mgmt,26,30,13806,28628,17432,11196,22,2,PM_PEREZ,SRV-NODE-10
ERP-01085,PROJ-4630,Piura,Project Mgmt,32,36,15296,31848,15562,16286,10,10,PM_RIVAS,SRV-NODE-6
ERP-01086,PROJ-4532,Lima,Audiovisual,157,203,93729,202031,111757,90274,5,1,PM_SOTO,SRV-NODE-1
ERP-01087,PROJ-9739,Cusco,Business Proc,128,130,46592,80683,54783,25900,34,22,PM_RIVAS,SRV-NODE-6
ERP-01088,PROJ-5656,Piura,Project Mgmt,43,51,22962,39803,32077,7726,4,3,PM_VEGA,SRV-NODE-7
ERP-01089,PROJ-9177,Piura,Audiovisual,134,173,67938,135261,80628,54633,47,25,PM_SOTO,SRV-NODE-5
ERP-01090,PROJ-8830,Piura,Business Proc,66,81,28512,60064,32995,27069,48,14,PM_MEZA,SRV-NODE-6
ERP-01091,PROJ-8199,Iquitos,Videoconference,52,68,20124,44264,23375,20889,16,28,PM_PEREZ,SRV-NODE-6
ERP-01092,PROJ-9928,Lima,Project Mgmt,56,67,22008,37961,22103,15858,32,41,PM_PEREZ,SRV-NODE-2
ERP-01093,PROJ-1116,Piura,Videoconference,155,204,51925,102185,56328,45857,38,34,PM_SOTO,SRV-NODE-10
ERP-01094,PROJ-5757,Huancayo,Audiovisual,176,231,47520,101796,48441,53355,35,29,PM_VEGA,SRV-NODE-5
ERP-01095,PROJ-2271,Puno,Business Proc,100,110,55000,88301,71178,17123,11,6,PM_PEREZ,SRV-NODE-6
ERP-01096,PROJ-4763,Puno,Audiovisual,68,88,20400,41525,23547,17978,6,7,PM_MEZA,SRV-NODE-4
ERP-01097,PROJ-9822,Puno,Videoconference,98,130,36554,59066,40234,18832,27,27,PM_RIVAS,SRV-NODE-1
ERP-01098,PROJ-2773,Cajamarca,Business Proc,120,151,36360,61814,45495,16319,36,30,PM_SOTO,SRV-NODE-2
ERP-01099,PROJ-5569,Cajamarca,Videoconference,124,165,50592,100760,69842,30918,22,20,PM_PEREZ,SRV-NODE-6
ERP-01100,PROJ-5641,Puno,Business Proc,150,172,33150,58385,36123,22262,8,6,PM_VEGA,SRV-NODE-8
ERP-01101,PROJ-1626,Arequipa,Audiovisual,74,94,15022,32385,17804,14581,7,5,PM_RIVAS,SRV-NODE-10
ERP-01102,PROJ-2725,Cajamarca,Audiovisual,99,127,38313,71637,43558,28079,36,52,PM_MEZA,SRV-NODE-4
ERP-01103,PROJ-9294,Cusco,Audiovisual,36,38,15228,28194,16337,11857,21,23,PM_MEZA,SRV-NODE-5
ERP-01104,PROJ-7386,Cusco,Business Proc,132,172,44484,92930,48497,44433,7,11,PM_PEREZ,SRV-NODE-5
ERP-01105,PROJ-5170,Arequipa,Project Mgmt,177,215,80181,153985,102841,51144,40,66,PM_MEZA,SRV-NODE-4
ERP-01106,PROJ-5127,Arequipa,Videoconference,125,133,55000,119450,56717,62733,37,47,PM_VEGA,SRV-NODE-4
ERP-01107,PROJ-9178,Huancayo,Videoconference,61,82,31232,60772,43151,17621,20,20,PM_PEREZ,SRV-NODE-5
ERP-01108,PROJ-9886,Lima,Audiovisual,96,122,28320,57444,31600,25844,4,2,PM_MEZA,SRV-NODE-10
ERP-01109,PROJ-9154,Trujillo,Project Mgmt,66,70,30690,67210,34080,33130,17,23,PM_PEREZ,SRV-NODE-5
ERP-01110,PROJ-2766,Iquitos,Business Proc,33,37,16203,26323,21963,4360,42,35,PM_PEREZ,SRV-NODE-1
ERP-01111,PROJ-2416,Puno,Project Mgmt,129,136,40635,68308,50383,17925,26,25,PM_SOTO,SRV-NODE-6
ERP-01112,PROJ-4137,Tacna,Audiovisual,145,165,84535,176766,117836,58930,20,2,PM_MEZA,SRV-NODE-5
ERP-01113,PROJ-9392,Arequipa,Project Mgmt,91,109,48230,80116,55337,24779,3,4,PM_VEGA,SRV-NODE-1
ERP-01114,PROJ-4536,Puno,Audiovisual,20,20,9880,20995,10513,10482,43,15,PM_MEZA,SRV-NODE-2
ERP-01115,PROJ-2362,Huancayo,Business Proc,112,146,36960,77234,40324,36910,35,8,PM_RIVAS,SRV-NODE-3
ERP-01116,PROJ-7781,Puno,Project Mgmt,39,41,14430,23678,18578,5100,46,55,PM_MEZA,SRV-NODE-9
ERP-01117,PROJ-3483,Trujillo,Business Proc,47,63,24957,52517,34848,17669,18,32,PM_PEREZ,SRV-NODE-10
ERP-01118,PROJ-4357,Iquitos,Project Mgmt,150,178,85500,177194,113075,64119,44,34,PM_SOTO,SRV-NODE-4
ERP-01119,PROJ-2795,Piura,Business Proc,84,92,19404,31375,23927,7448,15,20,PM_SOTO,SRV-NODE-8
ERP-01120,PROJ-4291,Piura,Videoconference,39,46,22386,39270,29406,9864,36,7,PM_SOTO,SRV-NODE-3
ERP-01121,PROJ-6274,Trujillo,Videoconference,62,65,29264,48486,33703,14783,27,34,PM_PEREZ,SRV-NODE-7
ERP-01122,PROJ-1599,Piura,Videoconference,140,169,77000,156374,103609,52765,47,59,PM_MEZA,SRV-NODE-8
ERP-01123,PROJ-9390,Iquitos,Business Proc,113,149,52997,102756,55181,47575,8,1,PM_VEGA,SRV-NODE-8
ERP-01124,PROJ-1779,Lima,Project Mgmt,156,167,90792,193303,115454,77849,16,7,PM_RIVAS,SRV-NODE-1
ERP-01125,PROJ-3737,Trujillo,Videoconference,66,82,32736,56415,40305,16110,41,41,PM_MEZA,SRV-NODE-8
ERP-01126,PROJ-8370,Tacna,Audiovisual,64,77,21248,42377,25113,17264,13,7,PM_MEZA,SRV-NODE-6
ERP-01127,PROJ-9962,Piura,Business Proc,159,210,85065,171393,97643,73750,10,6,PM_PEREZ,SRV-NODE-3
ERP-01128,PROJ-4873,Iquitos,Business Proc,157,164,54008,101330,67256,34074,18,26,PM_SOTO,SRV-NODE-6
ERP-01129,PROJ-8667,Trujillo,Project Mgmt,155,195,73625,143402,86648,56754,38,6,PM_MEZA,SRV-NODE-7
ERP-01130,PROJ-5369,Piura,Project Mgmt,116,147,56840,110902,70395,40507,31,36,PM_SOTO,SRV-NODE-8
ERP-01131,PROJ-4921,Arequipa,Videoconference,80,95,44400,85010,54684,30326,21,5,PM_SOTO,SRV-NODE-5
ERP-01132,PROJ-8736,Trujillo,Business Proc,139,160,55739,97409,56923,40486,8,11,PM_RIVAS,SRV-NODE-9
ERP-01133,PROJ-9466,Huancayo,Videoconference,84,89,44856,94008,51711,42297,9,1,PM_PEREZ,SRV-NODE-2
ERP-01134,PROJ-5801,Iquitos,Project Mgmt,120,149,49440,99040,62993,36047,26,15,PM_VEGA,SRV-NODE-7
ERP-01135,PROJ-4320,Puno,Business Proc,104,120,41288,74846,47208,27638,9,7,PM_PEREZ,SRV-NODE-10
ERP-01136,PROJ-5680,Tacna,Audiovisual,41,51,11685,21162,12704,8458,31,28,PM_SOTO,SRV-NODE-3
ERP-01137,PROJ-8214,Iquitos,Audiovisual,42,44,23688,39670,31515,8155,5,2,PM_RIVAS,SRV-NODE-5
ERP-01138,PROJ-2638,Iquitos,Audiovisual,74,77,38924,63969,43889,20080,23,14,PM_MEZA,SRV-NODE-6
ERP-01139,PROJ-5420,Piura,Business Proc,154,171,48202,102781,49899,52882,18,10,PM_SOTO,SRV-NODE-4
ERP-01140,PROJ-2978,Huancayo,Project Mgmt,115,119,24035,38628,30227,8401,50,60,PM_RIVAS,SRV-NODE-9
ERP-01141,PROJ-5488,Arequipa,Videoconference,92,122,40296,88411,48737,39674,18,22,PM_MEZA,SRV-NODE-9
ERP-01142,PROJ-6969,Puno,Videoconference,128,156,28160,47265,34156,13109,3,3,PM_MEZA,SRV-NODE-6
ERP-01143,PROJ-3179,Iquitos,Project Mgmt,50,54,10350,17095,12696,4399,42,26,PM_MEZA,SRV-NODE-7
ERP-01144,PROJ-5090,Piura,Business Proc,172,187,49192,88421,52517,35904,48,30,PM_RIVAS,SRV-NODE-8
ERP-01145,PROJ-7906,Cajamarca,Audiovisual,31,41,11470,21487,13632,7855,13,12,PM_PEREZ,SRV-NODE-6
ERP-01146,PROJ-3900,Cusco,Audiovisual,143,164,72930,128814,81465,47349,9,2,PM_PEREZ,SRV-NODE-6
ERP-01147,PROJ-6697,Cajamarca,Videoconference,118,118,41890,80053,55910,24143,43,53,PM_SOTO,SRV-NODE-9
ERP-01148,PROJ-4836,Huancayo,Business Proc,124,144,25420,53465,32599,20866,3,1,PM_SOTO,SRV-NODE-8
ERP-01149,PROJ-8505,Arequipa,Videoconference,159,197,33231,66604,35198,31406,14,19,PM_RIVAS,SRV-NODE-10
ERP-01150,PROJ-6673,Iquitos,Audiovisual,65,87,35035,65444,44732,20712,7,4,PM_RIVAS,SRV-NODE-3
ERP-01151,PROJ-1986,Huancayo,Videoconference,142,156,38624,62692,52702,9990,4,4,PM_VEGA,SRV-NODE-6
ERP-01152,PROJ-4275,Lima,Project Mgmt,98,110,42630,84910,58905,26005,26,24,PM_MEZA,SRV-NODE-2
ERP-01153,PROJ-7950,Huancayo,Videoconference,46,49,22540,47637,29876,17761,4,1,PM_RIVAS,SRV-NODE-10
ERP-01154,PROJ-5382,Huancayo,Videoconference,38,50,22192,41885,30826,11059,38,63,PM_MEZA,SRV-NODE-7
ERP-01155,PROJ-4958,Huancayo,Project Mgmt,178,195,45212,80712,47664,33048,13,11,PM_PEREZ,SRV-NODE-5
ERP-01156,PROJ-8355,Trujillo,Audiovisual,122,131,29890,56687,36657,20030,37,32,PM_PEREZ,SRV-NODE-9
ERP-01157,PROJ-1686,Lima,Videoconference,165,190,62700,110168,63753,46415,35,38,PM_PEREZ,SRV-NODE-2
ERP-01158,PROJ-6239,Huancayo,Project Mgmt,95,104,54530,105871,61471,44400,16,25,PM_VEGA,SRV-NODE-10
ERP-01159,PROJ-1726,Tacna,Audiovisual,153,200,54009,96182,71097,25085,25,18,PM_VEGA,SRV-NODE-7
ERP-01160,PROJ-8697,Puno,Business Proc,40,53,10760,23247,12974,10273,5,3,PM_MEZA,SRV-NODE-3
ERP-01161,PROJ-8194,Lima,Audiovisual,27,31,6075,12174,7289,4885,46,37,PM_PEREZ,SRV-NODE-3
ERP-01162,PROJ-5859,Puno,Business Proc,52,69,11856,23538,14365,9173,42,33,PM_PEREZ,SRV-NODE-5
ERP-01163,PROJ-7449,Puno,Audiovisual,52,56,27040,44715,31035,13680,47,50,PM_MEZA,SRV-NODE-4
ERP-01164,PROJ-4083,Piura,Project Mgmt,120,154,29160,63739,37262,26477,42,44,PM_VEGA,SRV-NODE-7
ERP-01165,PROJ-3974,Cusco,Business Proc,78,84,33540,73693,36193,37500,42,36,PM_SOTO,SRV-NODE-9
ERP-01166,PROJ-7239,Trujillo,Project Mgmt,154,201,43120,79398,47364,32034,14,24,PM_PEREZ,SRV-NODE-4
ERP-01167,PROJ-6056,Lima,Business Proc,151,184,42129,79989,52016,27973,45,28,PM_PEREZ,SRV-NODE-2
ERP-01168,PROJ-7176,Tacna,Videoconference,154,192,86394,158685,92615,66070,37,32,PM_RIVAS,SRV-NODE-5
ERP-01169,PROJ-3752,Arequipa,Project Mgmt,57,73,19494,37305,21690,15615,15,23,PM_SOTO,SRV-NODE-6
ERP-01170,PROJ-2425,Lima,Videoconference,111,115,46065,82421,56855,25566,24,16,PM_VEGA,SRV-NODE-6
ERP-01171,PROJ-7873,Iquitos,Audiovisual,148,174,83768,154890,97164,57726,39,31,PM_VEGA,SRV-NODE-5
ERP-01172,PROJ-3380,Iquitos,Videoconference,114,120,31236,51619,36118,15501,23,4,PM_MEZA,SRV-NODE-9
ERP-01173,PROJ-2948,Piura,Project Mgmt,70,90,30380,55215,35580,19635,4,0,PM_PEREZ,SRV-NODE-8
ERP-01174,PROJ-5549,Arequipa,Business Proc,136,150,32232,61541,38015,23526,5,7,PM_SOTO,SRV-NODE-7
ERP-01175,PROJ-9099,Arequipa,Videoconference,117,156,57213,94966,61398,33568,32,33,PM_PEREZ,SRV-NODE-7
ERP-01176,PROJ-2208,Piura,Videoconference,84,109,43512,82401,51668,30733,50,18,PM_RIVAS,SRV-NODE-6
ERP-01177,PROJ-3725,Cusco,Audiovisual,59,78,34633,61484,45178,16306,28,6,PM_VEGA,SRV-NODE-6
ERP-01178,PROJ-6644,Tacna,Business Proc,25,30,10325,17423,12665,4758,42,73,PM_MEZA,SRV-NODE-3
ERP-01179,PROJ-2430,Arequipa,Project Mgmt,96,110,56352,92183,73911,18272,11,13,PM_RIVAS,SRV-NODE-6
ERP-01180,PROJ-9563,Puno,Project Mgmt,117,121,36738,63402,49597,13805,40,62,PM_RIVAS,SRV-NODE-9
ERP-01181,PROJ-4225,Trujillo,Audiovisual,128,162,49536,103984,54215,49769,8,5,PM_PEREZ,SRV-NODE-8
ERP-01182,PROJ-6289,Cusco,Audiovisual,79,79,17933,32797,19263,13534,49,50,PM_VEGA,SRV-NODE-6
ERP-01183,PROJ-6266,Cajamarca,Audiovisual,34,39,14314,29435,17858,11577,9,15,PM_SOTO,SRV-NODE-5
ERP-01184,PROJ-8148,Piura,Business Proc,20,23,6260,12890,7787,5103,8,7,PM_MEZA,SRV-NODE-9
ERP-01185,PROJ-6719,Puno,Audiovisual,26,28,6240,13398,6879,6519,45,71,PM_RIVAS,SRV-NODE-10
ERP-01186,PROJ-3722,Huancayo,Videoconference,83,93,17430,29610,21600,8010,19,12,PM_SOTO,SRV-NODE-3
ERP-01187,PROJ-3225,Huancayo,Videoconference,175,193,87500,144406,118873,25533,43,75,PM_RIVAS,SRV-NODE-2
ERP-01188,PROJ-7895,Piura,Videoconference,107,142,54142,105937,66998,38939,46,53,PM_PEREZ,SRV-NODE-1
ERP-01189,PROJ-5095,Lima,Business Proc,130,135,65000,127870,65197,62673,35,45,PM_VEGA,SRV-NODE-10
ERP-01190,PROJ-5479,Huancayo,Business Proc,120,154,55080,100370,59586,40784,30,43,PM_VEGA,SRV-NODE-7
ERP-01191,PROJ-2596,Tacna,Business Proc,69,79,40158,78078,43333,34745,45,7,PM_MEZA,SRV-NODE-8
ERP-01192,PROJ-1868,Arequipa,Videoconference,135,168,80325,167685,96333,71352,22,34,PM_PEREZ,SRV-NODE-4
ERP-01193,PROJ-8163,Cajamarca,Project Mgmt,120,160,69960,127749,97294,30455,34,13,PM_RIVAS,SRV-NODE-2
ERP-01194,PROJ-7063,Piura,Project Mgmt,92,102,51244,107739,63062,44677,20,34,PM_PEREZ,SRV-NODE-6
ERP-01195,PROJ-1315,Iquitos,Audiovisual,107,133,58208,119998,79937,40061,31,5,PM_MEZA,SRV-NODE-7
ERP-01196,PROJ-6467,Piura,Business Proc,139,148,36974,76122,45397,30725,36,32,PM_RIVAS,SRV-NODE-7
ERP-01197,PROJ-6239,Tacna,Audiovisual,99,132,30492,52264,37413,14851,12,6,PM_RIVAS,SRV-NODE-6
ERP-01198,PROJ-2537,Puno,Audiovisual,117,155,58266,108202,62977,45225,18,28,PM_SOTO,SRV-NODE-2
ERP-01199,PROJ-2178,Iquitos,Business Proc,112,133,63392,118212,86542,31670,28,3,PM_PEREZ,SRV-NODE-3
ERP-01200,PROJ-9440,Cajamarca,Videoconference,74,78,39664,77078,52746,24332,27,26,PM_MEZA,SRV-NODE-5
ERP-01201,PROJ-2246,Puno,Audiovisual,134,180,48106,94273,61293,32980,16,23,PM_SOTO,SRV-NODE-2
ERP-01202,PROJ-2654,Huancayo,Business Proc,148,152,34336,71417,40432,30985,42,31,PM_MEZA,SRV-NODE-6
ERP-01203,PROJ-9877,Lima,Project Mgmt,86,105,28896,56325,38727,17598,35,43,PM_SOTO,SRV-NODE-6
ERP-01204,PROJ-2837,Iquitos,Videoconference,62,80,22010,41669,24855,16814,11,12,PM_SOTO,SRV-NODE-6
ERP-01205,PROJ-9283,Puno,Business Proc,119,150,32368,56592,37906,18686,47,22,PM_MEZA,SRV-NODE-7
ERP-01206,PROJ-7448,Tacna,Business Proc,71,83,18105,35158,19855,15303,31,55,PM_MEZA,SRV-NODE-3
ERP-01207,PROJ-2076,Cajamarca,Audiovisual,131,154,26593,44121,34548,9573,8,9,PM_MEZA,SRV-NODE-1
ERP-01208,PROJ-2077,Cusco,Videoconference,152,180,31464,57282,31758,25524,50,30,PM_VEGA,SRV-NODE-6
ERP-01209,PROJ-9122,Tacna,Project Mgmt,111,140,23088,48228,23205,25023,4,5,PM_MEZA,SRV-NODE-10
ERP-01210,PROJ-8784,Tacna,Business Proc,31,33,12090,22379,16408,5971,12,9,PM_PEREZ,SRV-NODE-8
ERP-01211,PROJ-1392,Tacna,Business Proc,57,57,33744,71597,45334,26263,46,19,PM_VEGA,SRV-NODE-7
ERP-01212,PROJ-7323,Piura,Business Proc,138,167,70518,142664,91452,51212,12,5,PM_PEREZ,SRV-NODE-4
ERP-01213,PROJ-5324,Puno,Audiovisual,156,179,58812,128238,63875,64363,49,54,PM_SOTO,SRV-NODE-6
ERP-01214,PROJ-8606,Arequipa,Project Mgmt,128,131,67456,124366,83695,40671,35,14,PM_RIVAS,SRV-NODE-1
ERP-01215,PROJ-8025,Piura,Audiovisual,167,220,77822,132068,103618,28450,47,48,PM_SOTO,SRV-NODE-3
ERP-01216,PROJ-9562,Puno,Videoconference,166,212,48472,80723,64121,16602,11,2,PM_PEREZ,SRV-NODE-2
ERP-01217,PROJ-5745,Cajamarca,Videoconference,75,96,22500,45270,26715,18555,30,22,PM_PEREZ,SRV-NODE-10
ERP-01218,PROJ-4217,Cusco,Business Proc,103,134,53354,112419,63082,49337,33,52,PM_SOTO,SRV-NODE-3
ERP-01219,PROJ-3936,Cajamarca,Project Mgmt,59,66,27907,58957,35269,23688,32,55,PM_VEGA,SRV-NODE-6
ERP-01220,PROJ-5387,Lima,Business Proc,36,48,8676,16492,10980,5512,21,31,PM_SOTO,SRV-NODE-1
ERP-01221,PROJ-8789,Tacna,Business Proc,110,111,27940,51981,37466,14515,25,4,PM_PEREZ,SRV-NODE-10
ERP-01222,PROJ-7460,Arequipa,Videoconference,98,125,36456,71228,48648,22580,26,19,PM_SOTO,SRV-NODE-4
ERP-01223,PROJ-4726,Huancayo,Videoconference,112,121,65968,118065,76274,41791,46,63,PM_VEGA,SRV-NODE-4
ERP-01224,PROJ-4614,Trujillo,Audiovisual,170,221,92480,180825,119194,61631,15,21,PM_PEREZ,SRV-NODE-6
ERP-01225,PROJ-6206,Cusco,Project Mgmt,36,45,13176,25446,16925,8521,11,13,PM_MEZA,SRV-NODE-2
ERP-01226,PROJ-1619,Puno,Project Mgmt,85,89,29835,58573,30613,27960,16,28,PM_VEGA,SRV-NODE-1
ERP-01227,PROJ-7026,Lima,Project Mgmt,151,154,34428,58688,35112,23576,32,21,PM_SOTO,SRV-NODE-4
ERP-01228,PROJ-2013,Iquitos,Videoconference,135,162,70875,138091,93456,44635,22,12,PM_VEGA,SRV-NODE-1
ERP-01229,PROJ-9946,Trujillo,Project Mgmt,155,178,46345,93983,56206,37777,3,5,PM_VEGA,SRV-NODE-6
ERP-01230,PROJ-6485,Arequipa,Project Mgmt,126,145,59976,126226,80004,46222,12,11,PM_VEGA,SRV-NODE-2
ERP-01231,PROJ-9425,Lima,Videoconference,106,131,50668,107872,60909,46963,33,25,PM_MEZA,SRV-NODE-7
ERP-01232,PROJ-1717,Trujillo,Audiovisual,118,147,42362,81843,54877,26966,34,23,PM_SOTO,SRV-NODE-9
ERP-01233,PROJ-3333,Iquitos,Videoconference,34,45,18122,32254,21983,10271,4,4,PM_MEZA,SRV-NODE-6
ERP-01234,PROJ-5823,Iquitos,Videoconference,36,45,11664,23125,14089,9036,46,79,PM_MEZA,SRV-NODE-2
ERP-01235,PROJ-4931,Tacna,Business Proc,161,172,42826,77673,51167,26506,23,39,PM_PEREZ,SRV-NODE-2
ERP-01236,PROJ-5448,Trujillo,Videoconference,86,86,43946,77932,49324,28608,47,46,PM_PEREZ,SRV-NODE-3
ERP-01237,PROJ-4302,Iquitos,Project Mgmt,126,168,37548,65347,43240,22107,15,6,PM_SOTO,SRV-NODE-4
ERP-01238,PROJ-4024,Cusco,Audiovisual,78,85,29328,61546,31090,30456,45,68,PM_RIVAS,SRV-NODE-2
ERP-01239,PROJ-6326,Iquitos,Videoconference,141,188,36237,76312,41387,34925,37,9,PM_SOTO,SRV-NODE-1
ERP-01240,PROJ-6623,Piura,Videoconference,162,205,91368,169268,92190,77078,28,43,PM_RIVAS,SRV-NODE-4
ERP-01241,PROJ-3468,Lima,Project Mgmt,38,46,9158,16894,10116,6778,37,52,PM_VEGA,SRV-NODE-9
ERP-01242,PROJ-3356,Piura,Audiovisual,50,67,18350,35124,21133,13991,5,7,PM_PEREZ,SRV-NODE-9
ERP-01243,PROJ-3698,Iquitos,Business Proc,77,103,42273,91684,50828,40856,48,54,PM_RIVAS,SRV-NODE-2
ERP-01244,PROJ-9472,Cajamarca,Videoconference,57,75,16302,31775,21589,10186,47,33,PM_VEGA,SRV-NODE-2
ERP-01245,PROJ-2638,Cusco,Audiovisual,50,50,18750,32165,19177,12988,44,44,PM_VEGA,SRV-NODE-9
ERP-01246,PROJ-3027,Cusco,Audiovisual,111,141,57720,109822,78547,31275,49,62,PM_RIVAS,SRV-NODE-10
ERP-01247,PROJ-2434,Cusco,Audiovisual,137,172,66582,110877,83593,27284,46,23,PM_PEREZ,SRV-NODE-10
ERP-01248,PROJ-9444,Tacna,Audiovisual,64,70,13568,23854,14366,9488,36,41,PM_RIVAS,SRV-NODE-3
ERP-01249,PROJ-5632,Iquitos,Business Proc,124,129,25172,41812,34361,7451,10,17,PM_MEZA,SRV-NODE-8
ERP-01250,PROJ-8577,Tacna,Videoconference,121,155,40656,74795,46245,28550,16,7,PM_VEGA,SRV-NODE-3
ERP-01251,PROJ-9616,Iquitos,Audiovisual,23,30,7291,13884,9265,4619,19,19,PM_SOTO,SRV-NODE-7
ERP-01252,PROJ-8727,Arequipa,Business Proc,128,159,40192,73490,54627,18863,45,5,PM_VEGA,SRV-NODE-2
ERP-01253,PROJ-4119,Lima,Audiovisual,113,139,24747,41465,31682,9783,11,19,PM_RIVAS,SRV-NODE-7
ERP-01254,PROJ-3380,Cusco,Business Proc,177,213,62304,113402,68539,44863,33,28,PM_RIVAS,SRV-NODE-4
ERP-01255,PROJ-7990,Puno,Audiovisual,36,38,20520,40128,24625,15503,22,20,PM_VEGA,SRV-NODE-4
ERP-01256,PROJ-1485,Lima,Project Mgmt,81,97,40419,70577,45147,25430,34,32,PM_MEZA,SRV-NODE-3
ERP-01257,PROJ-9361,Tacna,Project Mgmt,139,168,68944,121957,82989,38968,49,65,PM_MEZA,SRV-NODE-2
ERP-01258,PROJ-1397,Huancayo,Business Proc,93,119,41106,85463,44940,40523,21,30,PM_RIVAS,SRV-NODE-5
ERP-01259,PROJ-8559,Piura,Business Proc,142,185,37488,77157,43475,33682,27,36,PM_SOTO,SRV-NODE-8
ERP-01260,PROJ-8648,Trujillo,Videoconference,97,116,56066,115103,71024,44079,23,39,PM_RIVAS,SRV-NODE-10
ERP-01261,PROJ-6235,Tacna,Business Proc,74,94,18944,39949,24948,15001,50,35,PM_RIVAS,SRV-NODE-9
ERP-01262,PROJ-2165,Lima,Videoconference,126,149,49014,86360,53933,32427,30,29,PM_RIVAS,SRV-NODE-2
ERP-01263,PROJ-2995,Lima,Videoconference,100,120,33000,56194,44647,11547,6,7,PM_PEREZ,SRV-NODE-7
ERP-01264,PROJ-8637,Trujillo,Videoconference,173,216,98437,164279,122398,41881,30,26,PM_RIVAS,SRV-NODE-4
ERP-01265,PROJ-1010,Iquitos,Project Mgmt,57,62,17442,30569,19052,11517,36,52,PM_PEREZ,SRV-NODE-10
ERP-01266,PROJ-9966,Piura,Project Mgmt,180,209,61380,100979,71897,29082,9,6,PM_SOTO,SRV-NODE-8
ERP-01267,PROJ-5582,Puno,Project Mgmt,33,38,8844,19188,10332,8856,15,19,PM_MEZA,SRV-NODE-3
ERP-01268,PROJ-1672,Huancayo,Videoconference,91,93,39221,74540,51542,22998,12,7,PM_RIVAS,SRV-NODE-9
ERP-01269,PROJ-5493,Tacna,Business Proc,155,160,87110,188839,102778,86061,47,63,PM_MEZA,SRV-NODE-1
ERP-01270,PROJ-4297,Trujillo,Project Mgmt,173,229,73525,130556,78012,52544,13,4,PM_PEREZ,SRV-NODE-9
ERP-01271,PROJ-2313,Huancayo,Project Mgmt,130,175,56420,99825,78486,21339,3,1,PM_VEGA,SRV-NODE-1
ERP-01272,PROJ-8946,Piura,Audiovisual,80,98,28000,46720,38015,8705,16,9,PM_SOTO,SRV-NODE-3
ERP-01273,PROJ-5801,Piura,Business Proc,142,155,66598,137482,92404,45078,18,13,PM_RIVAS,SRV-NODE-7
ERP-01274,PROJ-5960,Arequipa,Business Proc,149,155,80758,133304,101455,31849,6,4,PM_MEZA,SRV-NODE-1
ERP-01275,PROJ-7461,Huancayo,Project Mgmt,93,121,30504,66636,38862,27774,23,15,PM_MEZA,SRV-NODE-6
ERP-01276,PROJ-5172,Puno,Business Proc,95,109,30495,59089,33645,25444,32,46,PM_PEREZ,SRV-NODE-2
ERP-01277,PROJ-6868,Puno,Videoconference,117,118,51714,104399,58597,45802,50,51,PM_SOTO,SRV-NODE-9
ERP-01278,PROJ-8570,Cusco,Business Proc,90,108,27180,50093,31057,19036,3,1,PM_RIVAS,SRV-NODE-8
ERP-01279,PROJ-2290,Puno,Project Mgmt,143,187,63778,107828,78300,29528,3,4,PM_VEGA,SRV-NODE-2
ERP-01280,PROJ-2989,Tacna,Audiovisual,103,136,56753,96280,64917,31363,25,16,PM_MEZA,SRV-NODE-9
ERP-01281,PROJ-7234,Huancayo,Audiovisual,31,37,17236,37576,23192,14384,6,9,PM_VEGA,SRV-NODE-6
ERP-01282,PROJ-1973,Cusco,Videoconference,91,122,47047,80102,47697,32405,17,19,PM_VEGA,SRV-NODE-5
ERP-01283,PROJ-8828,Cajamarca,Business Proc,169,174,70135,140110,88999,51111,45,57,PM_RIVAS,SRV-NODE-3
ERP-01284,PROJ-5902,Lima,Videoconference,174,231,63162,104266,71078,33188,32,16,PM_RIVAS,SRV-NODE-6
ERP-01285,PROJ-1774,Cusco,Videoconference,41,50,16769,34923,20674,14249,31,35,PM_MEZA,SRV-NODE-6
ERP-01286,PROJ-9823,Arequipa,Business Proc,138,170,38226,62258,40456,21802,22,10,PM_RIVAS,SRV-NODE-5
ERP-01287,PROJ-8011,Cajamarca,Project Mgmt,63,68,26334,42353,29178,13175,9,2,PM_VEGA,SRV-NODE-5
ERP-01288,PROJ-2288,Arequipa,Videoconference,34,39,9316,15813,12606,3207,8,2,PM_SOTO,SRV-NODE-4
ERP-01289,PROJ-1305,Lima,Project Mgmt,45,58,27000,50405,30547,19858,16,18,PM_PEREZ,SRV-NODE-5
ERP-01290,PROJ-9764,Trujillo,Videoconference,167,178,57615,118099,72337,45762,5,7,PM_SOTO,SRV-NODE-1
ERP-01291,PROJ-9458,Puno,Project Mgmt,144,165,74304,121737,75748,45989,12,15,PM_MEZA,SRV-NODE-2
ERP-01292,PROJ-4166,Arequipa,Videoconference,32,41,11680,24261,14025,10236,23,9,PM_MEZA,SRV-NODE-6
ERP-01293,PROJ-5383,Lima,Project Mgmt,97,114,42001,78469,53998,24471,37,7,PM_SOTO,SRV-NODE-3
ERP-01294,PROJ-1096,Tacna,Audiovisual,132,176,49500,94007,54921,39086,26,30,PM_MEZA,SRV-NODE-3
ERP-01295,PROJ-6108,Iquitos,Project Mgmt,44,46,23804,40375,27121,13254,42,20,PM_SOTO,SRV-NODE-2
ERP-01296,PROJ-9619,Iquitos,Audiovisual,90,115,19980,34076,26972,7104,21,2,PM_PEREZ,SRV-NODE-1
ERP-01297,PROJ-9325,Arequipa,Project Mgmt,87,96,51417,101201,61192,40009,41,19,PM_VEGA,SRV-NODE-1
ERP-01298,PROJ-8586,Trujillo,Business Proc,120,151,27720,56099,33771,22328,43,55,PM_VEGA,SRV-NODE-1
ERP-01299,PROJ-8072,Lima,Business Proc,39,46,10569,22067,12166,9901,39,58,PM_PEREZ,SRV-NODE-9
ERP-01300,PROJ-4779,Iquitos,Audiovisual,142,146,55522,103170,72769,30401,38,23,PM_RIVAS,SRV-NODE-9
ERP-01301,PROJ-9145,Huancayo,Project Mgmt,62,67,22630,43899,28975,14924,18,29,PM_RIVAS,SRV-NODE-7
ERP-01302,PROJ-5551,Tacna,Videoconference,42,44,13482,25661,14345,11316,13,8,PM_VEGA,SRV-NODE-3
ERP-01303,PROJ-2761,Huancayo,Business Proc,175,190,62825,129163,64499,64664,40,9,PM_PEREZ,SRV-NODE-3
ERP-01304,PROJ-6179,Arequipa,Videoconference,179,189,39022,74803,46434,28369,10,5,PM_RIVAS,SRV-NODE-4
ERP-01305,PROJ-9827,Trujillo,Audiovisual,133,147,55195,101384,69801,31583,44,19,PM_VEGA,SRV-NODE-8
ERP-01306,PROJ-1648,Trujillo,Project Mgmt,157,197,80070,133677,86931,46746,29,45,PM_MEZA,SRV-NODE-9
ERP-01307,PROJ-1123,Trujillo,Project Mgmt,70,93,35140,60245,39494,20751,24,7,PM_SOTO,SRV-NODE-1
ERP-01308,PROJ-7861,Cajamarca,Videoconference,139,175,39476,71182,46451,24731,3,1,PM_MEZA,SRV-NODE-9
ERP-01309,PROJ-2854,Puno,Videoconference,170,199,61030,116914,85079,31835,41,32,PM_VEGA,SRV-NODE-10
ERP-01310,PROJ-9205,Huancayo,Videoconference,34,44,15436,29097,20796,8301,20,10,PM_RIVAS,SRV-NODE-5
ERP-01311,PROJ-1208,Arequipa,Business Proc,175,185,80150,162659,89309,73350,28,42,PM_VEGA,SRV-NODE-9
ERP-01312,PROJ-3956,Puno,Project Mgmt,89,114,44411,86957,60155,26802,19,2,PM_MEZA,SRV-NODE-3
ERP-01313,PROJ-5918,Piura,Project Mgmt,103,108,21630,46231,26442,19789,36,50,PM_VEGA,SRV-NODE-1
ERP-01314,PROJ-2997,Arequipa,Videoconference,148,180,85692,174367,110200,64167,24,39,PM_VEGA,SRV-NODE-10
ERP-01315,PROJ-6601,Cusco,Project Mgmt,177,187,67083,115279,92941,22338,21,19,PM_VEGA,SRV-NODE-8
ERP-01316,PROJ-7635,Cajamarca,Videoconference,42,52,11214,22610,13217,9393,41,31,PM_RIVAS,SRV-NODE-6
ERP-01317,PROJ-5109,Puno,Project Mgmt,79,100,21646,40130,26323,13807,42,59,PM_MEZA,SRV-NODE-3
ERP-01318,PROJ-1325,Puno,Videoconference,113,124,66105,125966,91392,34574,28,11,PM_PEREZ,SRV-NODE-2
ERP-01319,PROJ-6760,Trujillo,Business Proc,81,92,20493,39484,24792,14692,33,9,PM_PEREZ,SRV-NODE-8
ERP-01320,PROJ-3063,Puno,Project Mgmt,93,114,50127,94693,59480,35213,19,6,PM_RIVAS,SRV-NODE-8
ERP-01321,PROJ-1653,Iquitos,Project Mgmt,21,23,5439,11632,6284,5348,27,33,PM_MEZA,SRV-NODE-5
ERP-01322,PROJ-9216,Tacna,Audiovisual,135,154,47115,78076,51815,26261,5,3,PM_PEREZ,SRV-NODE-9
ERP-01323,PROJ-9781,Huancayo,Project Mgmt,52,54,19812,32078,26665,5413,46,33,PM_MEZA,SRV-NODE-6
ERP-01324,PROJ-7802,Cusco,Videoconference,95,106,51395,84287,66379,17908,25,17,PM_MEZA,SRV-NODE-4
ERP-01325,PROJ-4513,Cusco,Videoconference,60,69,34020,74048,37274,36774,10,6,PM_MEZA,SRV-NODE-1
ERP-01326,PROJ-8834,Huancayo,Project Mgmt,104,113,28912,62711,31986,30725,23,11,PM_SOTO,SRV-NODE-2
ERP-01327,PROJ-9430,Puno,Audiovisual,72,90,15264,30160,20316,9844,23,31,PM_VEGA,SRV-NODE-9
ERP-01328,PROJ-9226,Puno,Audiovisual,111,118,57720,104684,70296,34388,18,15,PM_PEREZ,SRV-NODE-7
ERP-01329,PROJ-5683,Arequipa,Audiovisual,64,65,20096,38599,24592,14007,13,22,PM_MEZA,SRV-NODE-10
ERP-01330,PROJ-8469,Iquitos,Project Mgmt,160,203,84640,165551,90168,75383,12,19,PM_PEREZ,SRV-NODE-1
ERP-01331,PROJ-6545,Huancayo,Project Mgmt,88,114,36168,60471,43509,16962,5,3,PM_VEGA,SRV-NODE-1
ERP-01332,PROJ-5004,Cusco,Project Mgmt,24,28,10224,17064,13920,3144,38,66,PM_MEZA,SRV-NODE-5
ERP-01333,PROJ-4113,Puno,Business Proc,173,220,91344,154174,113222,40952,38,12,PM_MEZA,SRV-NODE-4
ERP-01334,PROJ-3605,Trujillo,Audiovisual,145,168,44950,97152,56271,40881,17,2,PM_SOTO,SRV-NODE-10
ERP-01335,PROJ-3268,Arequipa,Audiovisual,109,131,34771,71383,39718,31665,24,26,PM_SOTO,SRV-NODE-3
ERP-01336,PROJ-3304,Piura,Project Mgmt,144,158,79920,164968,105898,59070,4,4,PM_PEREZ,SRV-NODE-7
ERP-01337,PROJ-7072,Iquitos,Project Mgmt,154,175,54362,89265,74945,14320,16,10,PM_MEZA,SRV-NODE-8
ERP-01338,PROJ-3258,Puno,Videoconference,109,126,48723,79622,51639,27983,25,42,PM_VEGA,SRV-NODE-10
ERP-01339,PROJ-3587,Iquitos,Audiovisual,116,146,42456,81776,54751,27025,14,12,PM_MEZA,SRV-NODE-8
ERP-01340,PROJ-5972,Piura,Business Proc,159,161,69801,148431,77616,70815,20,33,PM_RIVAS,SRV-NODE-2
ERP-01341,PROJ-1712,Huancayo,Audiovisual,159,171,84429,135443,109592,25851,7,6,PM_PEREZ,SRV-NODE-6
ERP-01342,PROJ-4884,Tacna,Videoconference,26,33,15002,29328,18755,10573,46,34,PM_VEGA,SRV-NODE-3
ERP-01343,PROJ-1914,Huancayo,Videoconference,110,114,65890,111146,80096,31050,12,18,PM_MEZA,SRV-NODE-9
ERP-01344,PROJ-6977,Piura,Project Mgmt,157,173,33441,54554,42382,12172,36,18,PM_RIVAS,SRV-NODE-8
ERP-01345,PROJ-8706,Huancayo,Project Mgmt,46,56,24380,39411,28296,11115,10,3,PM_VEGA,SRV-NODE-1
ERP-01346,PROJ-5392,Huancayo,Project Mgmt,35,43,9240,18490,10954,7536,25,32,PM_PEREZ,SRV-NODE-3
ERP-01347,PROJ-5876,Puno,Videoconference,55,60,19635,43185,21695,21490,27,33,PM_MEZA,SRV-NODE-7
ERP-01348,PROJ-2500,Puno,Project Mgmt,107,127,52644,110404,55038,55366,20,17,PM_SOTO,SRV-NODE-9
ERP-01349,PROJ-2330,Tacna,Audiovisual,114,150,46854,100019,50019,50000,29,27,PM_VEGA,SRV-NODE-10
ERP-01350,PROJ-4928,Arequipa,Videoconference,79,92,19434,37654,25295,12359,36,33,PM_SOTO,SRV-NODE-10
ERP-01351,PROJ-1867,Trujillo,Videoconference,129,151,26187,50112,27742,22370,36,26,PM_SOTO,SRV-NODE-9
ERP-01352,PROJ-2452,Cajamarca,Business Proc,135,174,69930,125111,88516,36595,40,43,PM_MEZA,SRV-NODE-1
ERP-01353,PROJ-6706,Cusco,Audiovisual,56,58,11648,21118,15782,5336,12,3,PM_PEREZ,SRV-NODE-9
ERP-01354,PROJ-7456,Piura,Videoconference,93,107,49848,101418,54218,47200,9,11,PM_PEREZ,SRV-NODE-6
ERP-01355,PROJ-7327,Huancayo,Audiovisual,149,175,48574,98713,52428,46285,30,24,PM_PEREZ,SRV-NODE-1
ERP-01356,PROJ-6082,Arequipa,Project Mgmt,44,52,17512,28057,18242,9815,20,7,PM_SOTO,SRV-NODE-10
ERP-01357,PROJ-1994,Cajamarca,Project Mgmt,79,100,28993,51023,38932,12091,28,20,PM_SOTO,SRV-NODE-7
ERP-01358,PROJ-1578,Tacna,Business Proc,86,95,20468,37675,23587,14088,43,61,PM_RIVAS,SRV-NODE-6
ERP-01359,PROJ-1678,Cusco,Audiovisual,177,201,100182,205228,117858,87370,49,69,PM_MEZA,SRV-NODE-3
ERP-01360,PROJ-9686,Tacna,Videoconference,133,169,79800,159010,94993,64017,22,5,PM_SOTO,SRV-NODE-2
ERP-01361,PROJ-5095,Cajamarca,Audiovisual,35,37,7105,15506,8014,7492,18,9,PM_MEZA,SRV-NODE-1
ERP-01362,PROJ-2349,Huancayo,Videoconference,131,162,51221,90440,55964,34476,35,13,PM_VEGA,SRV-NODE-7
ERP-01363,PROJ-3782,Trujillo,Business Proc,155,188,53475,88167,58529,29638,35,62,PM_VEGA,SRV-NODE-4
ERP-01364,PROJ-8019,Huancayo,Project Mgmt,23,23,5267,9536,6267,3269,14,8,PM_VEGA,SRV-NODE-3
ERP-01365,PROJ-9400,Cusco,Project Mgmt,22,22,7744,13407,7848,5559,15,9,PM_SOTO,SRV-NODE-4
ERP-01366,PROJ-9916,Tacna,Business Proc,61,68,19520,36991,20096,16895,49,17,PM_SOTO,SRV-NODE-9
ERP-01367,PROJ-2209,Lima,Project Mgmt,61,72,16348,35132,21177,13955,3,3,PM_RIVAS,SRV-NODE-8
ERP-01368,PROJ-9568,Huancayo,Business Proc,134,174,28944,61002,34317,26685,50,23,PM_VEGA,SRV-NODE-1
ERP-01369,PROJ-8486,Huancayo,Videoconference,29,35,13543,27147,18606,8541,9,12,PM_PEREZ,SRV-NODE-8
ERP-01370,PROJ-8051,Tacna,Project Mgmt,105,138,36120,62858,36228,26630,10,4,PM_PEREZ,SRV-NODE-1
ERP-01371,PROJ-4006,Cusco,Audiovisual,114,118,34884,71910,39863,32047,45,48,PM_SOTO,SRV-NODE-10
ERP-01372,PROJ-7113,Cajamarca,Business Proc,53,56,17225,36791,20631,16160,24,41,PM_RIVAS,SRV-NODE-1
ERP-01373,PROJ-9780,Tacna,Videoconference,158,171,91482,188003,118774,69229,38,55,PM_SOTO,SRV-NODE-8
ERP-01374,PROJ-7243,Cajamarca,Project Mgmt,48,55,25632,48381,31666,16715,30,30,PM_SOTO,SRV-NODE-4
ERP-01375,PROJ-4358,Cusco,Project Mgmt,87,104,20358,43964,21718,22246,3,0,PM_SOTO,SRV-NODE-4
ERP-01376,PROJ-6442,Puno,Videoconference,178,189,94162,195558,126648,68910,8,9,PM_VEGA,SRV-NODE-2
ERP-01377,PROJ-6660,Trujillo,Audiovisual,76,95,36480,79263,49840,29423,32,44,PM_MEZA,SRV-NODE-7
ERP-01378,PROJ-5372,Huancayo,Audiovisual,167,181,71309,142337,74537,67800,48,7,PM_RIVAS,SRV-NODE-7
ERP-01379,PROJ-4781,Huancayo,Project Mgmt,54,66,29376,61409,39316,22093,39,67,PM_MEZA,SRV-NODE-1
ERP-01380,PROJ-2393,Puno,Videoconference,75,92,44700,97423,51385,46038,5,5,PM_PEREZ,SRV-NODE-5
ERP-01381,PROJ-3413,Piura,Project Mgmt,145,171,29725,63450,30776,32674,42,68,PM_RIVAS,SRV-NODE-4
ERP-01382,PROJ-7460,Lima,Project Mgmt,109,137,56789,91249,59011,32238,26,31,PM_SOTO,SRV-NODE-4
ERP-01383,PROJ-2351,Trujillo,Audiovisual,123,164,40344,79377,41636,37741,19,5,PM_MEZA,SRV-NODE-8
ERP-01384,PROJ-5616,Arequipa,Project Mgmt,157,208,54479,94382,69232,25150,50,15,PM_PEREZ,SRV-NODE-8
ERP-01385,PROJ-2474,Iquitos,Project Mgmt,61,62,29524,55681,32355,23326,38,27,PM_SOTO,SRV-NODE-9
ERP-01386,PROJ-3422,Cajamarca,Videoconference,91,108,24388,44002,31437,12565,13,19,PM_PEREZ,SRV-NODE-1
ERP-01387,PROJ-8049,Arequipa,Videoconference,175,202,77000,139923,89380,50543,22,19,PM_VEGA,SRV-NODE-3
ERP-01388,PROJ-7975,Trujillo,Videoconference,85,111,29920,64177,33675,30502,25,23,PM_VEGA,SRV-NODE-1
ERP-01389,PROJ-3296,Arequipa,Videoconference,55,69,25190,53750,30754,22996,19,29,PM_MEZA,SRV-NODE-6
ERP-01390,PROJ-4217,Iquitos,Audiovisual,23,25,5819,12273,6561,5712,24,29,PM_PEREZ,SRV-NODE-4
ERP-01391,PROJ-9039,Huancayo,Audiovisual,38,47,15770,28823,16689,12134,15,14,PM_RIVAS,SRV-NODE-10
ERP-01392,PROJ-3374,Tacna,Business Proc,103,114,45732,84158,46456,37702,22,12,PM_PEREZ,SRV-NODE-5
ERP-01393,PROJ-7414,Cusco,Project Mgmt,110,136,54890,117803,62293,55510,13,3,PM_SOTO,SRV-NODE-3
ERP-01394,PROJ-9500,Iquitos,Project Mgmt,86,103,48934,87208,49286,37922,17,8,PM_RIVAS,SRV-NODE-8
ERP-01395,PROJ-2796,Trujillo,Project Mgmt,29,34,9193,17582,9415,8167,42,63,PM_MEZA,SRV-NODE-1
ERP-01396,PROJ-4192,Cajamarca,Audiovisual,143,169,58344,103955,75715,28240,30,25,PM_PEREZ,SRV-NODE-3
ERP-01397,PROJ-8551,Lima,Videoconference,179,234,71600,133271,93409,39862,20,23,PM_RIVAS,SRV-NODE-5
ERP-01398,PROJ-1246,Trujillo,Business Proc,115,140,28635,60116,32815,27301,13,15,PM_PEREZ,SRV-NODE-10
ERP-01399,PROJ-3905,Cusco,Project Mgmt,29,31,14674,31800,17894,13906,4,3,PM_PEREZ,SRV-NODE-7
ERP-01400,PROJ-5312,Lima,Audiovisual,143,176,63492,122776,67652,55124,32,42,PM_VEGA,SRV-NODE-10
ERP-01401,PROJ-2508,Puno,Audiovisual,22,27,9878,17316,13113,4203,23,30,PM_RIVAS,SRV-NODE-2
ERP-01402,PROJ-3990,Iquitos,Audiovisual,146,154,71102,146887,80401,66486,24,27,PM_RIVAS,SRV-NODE-5
ERP-01403,PROJ-1659,Lima,Project Mgmt,82,103,45346,78624,60815,17809,46,14,PM_RIVAS,SRV-NODE-2
ERP-01404,PROJ-9330,Arequipa,Videoconference,167,207,58116,126931,58893,68038,33,52,PM_SOTO,SRV-NODE-6
ERP-01405,PROJ-6221,Lima,Business Proc,78,103,23010,48459,30531,17928,48,75,PM_MEZA,SRV-NODE-10
ERP-01406,PROJ-5395,Lima,Audiovisual,33,38,12870,24208,17404,6804,25,14,PM_RIVAS,SRV-NODE-6
ERP-01407,PROJ-9225,Cusco,Business Proc,27,33,7209,12435,8871,3564,7,1,PM_VEGA,SRV-NODE-3
ERP-01408,PROJ-7597,Puno,Videoconference,157,185,43175,83057,47130,35927,5,7,PM_SOTO,SRV-NODE-8
ERP-01409,PROJ-4700,Arequipa,Business Proc,31,36,7533,16061,7906,8155,23,20,PM_MEZA,SRV-NODE-3
ERP-01410,PROJ-9678,Huancayo,Project Mgmt,49,57,18816,40596,22177,18419,33,14,PM_SOTO,SRV-NODE-1
ERP-01411,PROJ-5802,Lima,Project Mgmt,125,139,28250,47265,36284,10981,11,4,PM_PEREZ,SRV-NODE-8
ERP-01412,PROJ-6141,Lima,Videoconference,105,120,26040,52185,34670,17515,46,32,PM_PEREZ,SRV-NODE-4
ERP-01413,PROJ-1831,Huancayo,Project Mgmt,149,174,46041,88764,54356,34408,11,9,PM_VEGA,SRV-NODE-9
ERP-01414,PROJ-7880,Cusco,Business Proc,83,91,39674,78097,54643,23454,11,5,PM_SOTO,SRV-NODE-1
ERP-01415,PROJ-4025,Arequipa,Videoconference,140,187,39060,73279,42143,31136,16,19,PM_PEREZ,SRV-NODE-7
ERP-01416,PROJ-5539,Tacna,Videoconference,46,55,18308,32655,25239,7416,26,28,PM_RIVAS,SRV-NODE-7
ERP-01417,PROJ-7924,Piura,Videoconference,126,164,27846,56003,35359,20644,12,1,PM_MEZA,SRV-NODE-8
ERP-01418,PROJ-7683,Piura,Project Mgmt,160,178,53920,116014,72241,43773,43,73,PM_PEREZ,SRV-NODE-2
ERP-01419,PROJ-6909,Iquitos,Videoconference,171,190,43605,86988,60728,26260,38,57,PM_MEZA,SRV-NODE-7
ERP-01420,PROJ-5491,Iquitos,Audiovisual,46,46,24656,48973,34303,14670,35,6,PM_PEREZ,SRV-NODE-2
ERP-01421,PROJ-4755,Piura,Business Proc,107,125,50932,89573,65893,23680,21,18,PM_RIVAS,SRV-NODE-8
ERP-01422,PROJ-2881,Tacna,Videoconference,30,39,13590,27000,13716,13284,9,13,PM_SOTO,SRV-NODE-10
ERP-01423,PROJ-6552,Arequipa,Videoconference,160,200,67360,109041,77248,31793,4,4,PM_MEZA,SRV-NODE-10
ERP-01424,PROJ-6556,Arequipa,Business Proc,129,148,51729,96425,70213,26212,12,14,PM_RIVAS,SRV-NODE-2
ERP-01425,PROJ-7793,Cajamarca,Project Mgmt,90,90,19800,37419,23704,13715,36,49,PM_SOTO,SRV-NODE-4
ERP-01426,PROJ-3494,Trujillo,Videoconference,155,208,72075,123393,88329,35064,9,1,PM_PEREZ,SRV-NODE-5
ERP-01427,PROJ-2884,Lima,Project Mgmt,24,26,9480,20597,10863,9734,28,28,PM_VEGA,SRV-NODE-10
ERP-01428,PROJ-1452,Puno,Audiovisual,94,120,28952,54716,39810,14906,8,2,PM_SOTO,SRV-NODE-5
ERP-01429,PROJ-3995,Piura,Business Proc,149,170,31737,52488,38432,14056,20,24,PM_PEREZ,SRV-NODE-3
ERP-01430,PROJ-6207,Cajamarca,Project Mgmt,38,41,18620,40440,23961,16479,32,43,PM_MEZA,SRV-NODE-3
ERP-01431,PROJ-8508,Tacna,Project Mgmt,52,65,28080,53500,30050,23450,39,33,PM_MEZA,SRV-NODE-3
ERP-01432,PROJ-1732,Cajamarca,Videoconference,141,189,69090,136923,88483,48440,16,20,PM_PEREZ,SRV-NODE-1
ERP-01433,PROJ-1549,Cusco,Project Mgmt,169,218,60333,123079,60573,62506,44,56,PM_VEGA,SRV-NODE-7
ERP-01434,PROJ-5779,Tacna,Business Proc,131,174,49256,101376,60655,40721,13,14,PM_PEREZ,SRV-NODE-9
ERP-01435,PROJ-3214,Cajamarca,Videoconference,134,160,75308,147884,103768,44116,36,35,PM_PEREZ,SRV-NODE-2
ERP-01436,PROJ-1566,Trujillo,Audiovisual,113,122,24182,49143,30972,18171,49,33,PM_SOTO,SRV-NODE-9
ERP-01437,PROJ-1919,Lima,Videoconference,99,101,56727,106794,67382,39412,6,8,PM_VEGA,SRV-NODE-2
ERP-01438,PROJ-2420,Iquitos,Business Proc,46,48,24380,40550,28208,12342,24,23,PM_MEZA,SRV-NODE-10
ERP-01439,PROJ-3570,Lima,Audiovisual,99,129,50688,104255,66835,37420,24,21,PM_SOTO,SRV-NODE-8
ERP-01440,PROJ-6223,Puno,Project Mgmt,52,63,28964,54168,35832,18336,16,2,PM_MEZA,SRV-NODE-6
ERP-01441,PROJ-2534,Huancayo,Project Mgmt,168,217,77448,133959,93153,40806,22,16,PM_RIVAS,SRV-NODE-1
ERP-01442,PROJ-8816,Lima,Videoconference,168,225,64176,125786,70455,55331,34,10,PM_RIVAS,SRV-NODE-10
ERP-01443,PROJ-8085,Cajamarca,Audiovisual,169,192,82979,179561,108395,71166,23,35,PM_MEZA,SRV-NODE-1
ERP-01444,PROJ-4764,Puno,Project Mgmt,46,50,22172,47938,31000,16938,20,17,PM_VEGA,SRV-NODE-9
ERP-01445,PROJ-9665,Arequipa,Audiovisual,57,60,12198,19579,14261,5318,6,6,PM_PEREZ,SRV-NODE-8
ERP-01446,PROJ-5372,Cajamarca,Business Proc,88,101,21296,34443,28655,5788,47,21,PM_MEZA,SRV-NODE-7
ERP-01447,PROJ-4356,Trujillo,Project Mgmt,170,198,88570,181105,100582,80523,27,4,PM_SOTO,SRV-NODE-6
ERP-01448,PROJ-8767,Piura,Audiovisual,128,160,53248,99658,69491,30167,19,14,PM_SOTO,SRV-NODE-2
ERP-01449,PROJ-5796,Huancayo,Audiovisual,180,192,44640,77323,56762,20561,30,34,PM_VEGA,SRV-NODE-5
ERP-01450,PROJ-7041,Puno,Business Proc,100,129,56200,104343,73148,31195,5,8,PM_SOTO,SRV-NODE-3
ERP-01451,PROJ-5591,Arequipa,Videoconference,47,58,10716,18712,12168,6544,42,10,PM_SOTO,SRV-NODE-4
ERP-01452,PROJ-2485,Iquitos,Audiovisual,143,163,55770,109683,69251,40432,23,39,PM_MEZA,SRV-NODE-8
ERP-01453,PROJ-1593,Cusco,Videoconference,158,168,46926,88340,61740,26600,47,32,PM_MEZA,SRV-NODE-10
ERP-01454,PROJ-5809,Piura,Audiovisual,138,165,35604,71369,42779,28590,10,16,PM_VEGA,SRV-NODE-6
ERP-01455,PROJ-2515,Tacna,Videoconference,162,163,55242,109457,65957,43500,44,28,PM_SOTO,SRV-NODE-9
ERP-01456,PROJ-5277,Arequipa,Project Mgmt,114,146,28272,46033,36851,9182,8,2,PM_MEZA,SRV-NODE-9
ERP-01457,PROJ-4484,Tacna,Project Mgmt,146,161,86578,178226,99776,78450,30,51,PM_PEREZ,SRV-NODE-5
ERP-01458,PROJ-1884,Tacna,Project Mgmt,142,155,75970,122926,82227,40699,3,2,PM_PEREZ,SRV-NODE-2
ERP-01459,PROJ-7888,Lima,Project Mgmt,36,47,11880,19926,15489,4437,13,1,PM_VEGA,SRV-NODE-2
ERP-01460,PROJ-8049,Tacna,Business Proc,84,109,37296,59920,38213,21707,8,12,PM_PEREZ,SRV-NODE-9
ERP-01461,PROJ-8514,Cusco,Videoconference,70,87,20930,38266,27028,11238,43,44,PM_MEZA,SRV-NODE-6
ERP-01462,PROJ-1354,Cusco,Project Mgmt,75,75,27900,45636,37787,7849,18,7,PM_RIVAS,SRV-NODE-3
ERP-01463,PROJ-1132,Trujillo,Business Proc,141,147,50196,80771,65813,14958,28,5,PM_SOTO,SRV-NODE-3
ERP-01464,PROJ-8030,Cajamarca,Project Mgmt,96,98,56160,104048,56882,47166,18,8,PM_SOTO,SRV-NODE-4
ERP-01465,PROJ-9358,Piura,Videoconference,36,48,9324,16177,12722,3455,27,11,PM_SOTO,SRV-NODE-1
ERP-01466,PROJ-8455,Piura,Project Mgmt,89,101,21894,36711,24834,11877,49,70,PM_PEREZ,SRV-NODE-7
ERP-01467,PROJ-5190,Cajamarca,Business Proc,71,83,14342,23938,19648,4290,42,58,PM_PEREZ,SRV-NODE-1
ERP-01468,PROJ-8785,Trujillo,Project Mgmt,174,176,81432,173563,84327,89236,41,24,PM_SOTO,SRV-NODE-7
ERP-01469,PROJ-7252,Lima,Business Proc,38,47,15884,29111,20423,8688,16,24,PM_VEGA,SRV-NODE-6
ERP-01470,PROJ-6000,Huancayo,Project Mgmt,25,32,9150,16775,12323,4452,8,1,PM_RIVAS,SRV-NODE-2
ERP-01471,PROJ-9024,Puno,Business Proc,79,88,16906,34297,23646,10651,34,35,PM_RIVAS,SRV-NODE-10
ERP-01472,PROJ-5130,Iquitos,Business Proc,173,174,94458,172374,109414,62960,44,16,PM_RIVAS,SRV-NODE-4
ERP-01473,PROJ-4922,Piura,Project Mgmt,23,28,10902,23681,11613,12068,14,17,PM_RIVAS,SRV-NODE-6
ERP-01474,PROJ-4263,Cusco,Videoconference,133,151,27265,47550,28137,19413,11,4,PM_MEZA,SRV-NODE-5
ERP-01475,PROJ-2795,Tacna,Audiovisual,75,85,25350,49667,28714,20953,46,57,PM_SOTO,SRV-NODE-7
ERP-01476,PROJ-2030,Piura,Business Proc,175,186,75250,134907,93511,41396,23,14,PM_VEGA,SRV-NODE-10
ERP-01477,PROJ-7892,Puno,Business Proc,63,68,35154,73625,39015,34610,8,6,PM_MEZA,SRV-NODE-7
ERP-01478,PROJ-2998,Arequipa,Videoconference,114,146,64182,124956,88912,36044,12,2,PM_MEZA,SRV-NODE-9
ERP-01479,PROJ-3312,Iquitos,Audiovisual,44,49,24156,53080,29567,23513,30,9,PM_VEGA,SRV-NODE-7
ERP-01480,PROJ-4174,Cajamarca,Videoconference,160,181,74400,119719,89490,30229,23,23,PM_PEREZ,SRV-NODE-1
ERP-01481,PROJ-6319,Lima,Audiovisual,25,33,14875,31618,20271,11347,10,6,PM_PEREZ,SRV-NODE-8
ERP-01482,PROJ-9565,Trujillo,Project Mgmt,40,42,16840,31477,17584,13893,7,6,PM_PEREZ,SRV-NODE-7
ERP-01483,PROJ-5526,Cajamarca,Business Proc,66,77,33924,58011,36073,21938,27,20,PM_RIVAS,SRV-NODE-7
ERP-01484,PROJ-4846,Huancayo,Project Mgmt,138,162,35328,59160,43025,16135,20,29,PM_RIVAS,SRV-NODE-9
ERP-01485,PROJ-2245,Huancayo,Project Mgmt,68,77,29648,49802,41428,8374,48,75,PM_MEZA,SRV-NODE-5
ERP-01486,PROJ-4312,Lima,Project Mgmt,46,55,16698,29697,22282,7415,46,53,PM_MEZA,SRV-NODE-8
ERP-01487,PROJ-2805,Cusco,Project Mgmt,110,140,64680,105117,66093,39024,26,32,PM_SOTO,SRV-NODE-7
ERP-01488,PROJ-7820,Tacna,Project Mgmt,158,192,82634,172542,114874,57668,25,17,PM_SOTO,SRV-NODE-5
ERP-01489,PROJ-3939,Tacna,Videoconference,115,145,23575,46948,25924,21024,11,15,PM_VEGA,SRV-NODE-6
ERP-01490,PROJ-5252,Tacna,Audiovisual,114,128,44346,75712,58778,16934,24,30,PM_VEGA,SRV-NODE-5
ERP-01491,PROJ-4484,Iquitos,Audiovisual,88,100,30448,65021,36549,28472,37,12,PM_MEZA,SRV-NODE-8
ERP-01492,PROJ-8680,Lima,Videoconference,72,80,30168,50879,38024,12855,28,45,PM_SOTO,SRV-NODE-5
ERP-01493,PROJ-2408,Puno,Audiovisual,94,109,33182,59149,39425,19724,42,48,PM_SOTO,SRV-NODE-8
ERP-01494,PROJ-4101,Cajamarca,Business Proc,140,166,30240,54463,32408,22055,29,46,PM_MEZA,SRV-NODE-9
ERP-01495,PROJ-6660,Cajamarca,Audiovisual,112,132,42336,74642,58168,16474,25,33,PM_RIVAS,SRV-NODE-3
ERP-01496,PROJ-7421,Cusco,Business Proc,67,86,26666,53782,27084,26698,50,53,PM_PEREZ,SRV-NODE-2
ERP-01497,PROJ-2267,Arequipa,Project Mgmt,123,156,51906,101748,68937,32811,47,47,PM_SOTO,SRV-NODE-1
ERP-01498,PROJ-5489,Tacna,Audiovisual,133,171,31521,51384,32762,18622,9,2,PM_MEZA,SRV-NODE-10
ERP-01499,PROJ-5244,Huancayo,Project Mgmt,74,76,25234,43254,26014,17240,37,44,PM_RIVAS,SRV-NODE-5
ERP-01500,PROJ-3188,Trujillo,Videoconference,170,199,77350,140966,104348,36618,17,3,PM_VEGA,SRV-NODE-7
ERP-01501,PROJ-1223,Iquitos,Audiovisual,172,221,75508,155360,91225,64135,35,40,PM_RIVAS,SRV-NODE-9
ERP-01502,PROJ-7410,Puno,Business Proc,91,115,37674,68687,43782,24905,25,2,PM_VEGA,SRV-NODE-8
ERP-01503,PROJ-2811,Iquitos,Audiovisual,180,210,70020,132644,76420,56224,14,11,PM_MEZA,SRV-NODE-3
ERP-01504,PROJ-6697,Puno,Project Mgmt,71,88,19028,38486,21726,16760,10,16,PM_PEREZ,SRV-NODE-4
ERP-01505,PROJ-7641,Piura,Videoconference,175,217,38325,66875,49821,17054,26,34,PM_RIVAS,SRV-NODE-6
ERP-01506,PROJ-4581,Cajamarca,Business Proc,54,71,13446,28475,14291,14184,11,3,PM_RIVAS,SRV-NODE-9
ERP-01507,PROJ-9881,Cajamarca,Business Proc,148,156,82732,141664,84768,56896,26,22,PM_SOTO,SRV-NODE-7
ERP-01508,PROJ-8345,Cajamarca,Project Mgmt,108,121,37584,76041,44892,31149,49,11,PM_SOTO,SRV-NODE-5
ERP-01509,PROJ-2143,Puno,Business Proc,96,118,48480,89916,48678,41238,20,12,PM_RIVAS,SRV-NODE-3
ERP-01510,PROJ-7123,Puno,Project Mgmt,92,95,50416,107729,58760,48969,44,38,PM_VEGA,SRV-NODE-7
ERP-01511,PROJ-6774,Trujillo,Audiovisual,21,21,5796,12149,7897,4252,40,52,PM_RIVAS,SRV-NODE-3
ERP-01512,PROJ-4837,Iquitos,Business Proc,156,190,47112,96897,53397,43500,25,35,PM_VEGA,SRV-NODE-6
ERP-01513,PROJ-3032,Cajamarca,Audiovisual,172,183,43172,74972,50871,24101,25,33,PM_MEZA,SRV-NODE-3
ERP-01514,PROJ-7810,Cajamarca,Business Proc,174,194,83172,134258,105257,29001,43,66,PM_MEZA,SRV-NODE-2
ERP-01515,PROJ-8127,Cusco,Business Proc,25,25,9200,17268,9330,7938,23,27,PM_PEREZ,SRV-NODE-4
ERP-01516,PROJ-2567,Huancayo,Videoconference,45,48,11385,18499,12304,6195,34,12,PM_SOTO,SRV-NODE-9
ERP-01517,PROJ-5191,Cusco,Business Proc,49,60,16513,34338,22271,12067,48,48,PM_SOTO,SRV-NODE-4
ERP-01518,PROJ-4738,Lima,Project Mgmt,149,168,84185,182826,107403,75423,19,7,PM_VEGA,SRV-NODE-3
ERP-01519,PROJ-7328,Lima,Business Proc,38,48,7866,14761,9003,5758,15,22,PM_PEREZ,SRV-NODE-9
ERP-01520,PROJ-3709,Tacna,Project Mgmt,178,196,38804,75630,43786,31844,34,24,PM_VEGA,SRV-NODE-9
ERP-01521,PROJ-5703,Puno,Videoconference,169,182,87711,147164,121971,25193,39,10,PM_VEGA,SRV-NODE-2
ERP-01522,PROJ-4440,Cusco,Audiovisual,159,194,67575,121311,68205,53106,47,72,PM_PEREZ,SRV-NODE-2
ERP-01523,PROJ-3218,Iquitos,Audiovisual,141,150,46530,76678,60722,15956,37,39,PM_PEREZ,SRV-NODE-2
ERP-01524,PROJ-9067,Cajamarca,Business Proc,96,116,48768,78279,57984,20295,18,21,PM_PEREZ,SRV-NODE-8
ERP-01525,PROJ-3736,Trujillo,Audiovisual,98,115,44590,78161,56398,21763,22,29,PM_VEGA,SRV-NODE-8
ERP-01526,PROJ-3512,Cusco,Audiovisual,112,146,42000,70867,42708,28159,48,72,PM_SOTO,SRV-NODE-8
ERP-01527,PROJ-5475,Huancayo,Videoconference,146,182,48764,102802,58670,44132,4,1,PM_SOTO,SRV-NODE-10
ERP-01528,PROJ-3695,Tacna,Project Mgmt,34,41,17442,35789,19472,16317,11,14,PM_PEREZ,SRV-NODE-6
ERP-01529,PROJ-8247,Lima,Business Proc,50,63,28550,54871,34920,19951,6,9,PM_MEZA,SRV-NODE-6
ERP-01530,PROJ-6274,Trujillo,Audiovisual,93,98,40362,84652,48331,36321,50,21,PM_RIVAS,SRV-NODE-3
ERP-01531,PROJ-4840,Arequipa,Project Mgmt,51,65,15402,33693,15979,17714,4,4,PM_MEZA,SRV-NODE-1
ERP-01532,PROJ-2470,Lima,Business Proc,76,90,35340,61402,47812,13590,27,5,PM_PEREZ,SRV-NODE-7
ERP-01533,PROJ-1121,Cusco,Project Mgmt,169,227,76895,143012,85578,57434,29,22,PM_PEREZ,SRV-NODE-8
ERP-01534,PROJ-7579,Puno,Business Proc,79,101,38789,72686,43767,28919,49,17,PM_VEGA,SRV-NODE-6
ERP-01535,PROJ-8482,Piura,Audiovisual,38,49,7752,15072,9808,5264,12,12,PM_SOTO,SRV-NODE-4
ERP-01536,PROJ-7978,Puno,Audiovisual,69,91,31602,54522,38758,15764,32,45,PM_SOTO,SRV-NODE-8
ERP-01537,PROJ-6976,Cajamarca,Project Mgmt,67,74,21105,38197,28849,9348,13,13,PM_VEGA,SRV-NODE-10
ERP-01538,PROJ-3017,Huancayo,Project Mgmt,146,165,53874,99736,65433,34303,6,7,PM_PEREZ,SRV-NODE-6
ERP-01539,PROJ-7857,Piura,Project Mgmt,141,174,54849,106548,66625,39923,19,2,PM_VEGA,SRV-NODE-4
ERP-01540,PROJ-1899,Cajamarca,Audiovisual,70,90,15330,25117,20299,4818,37,15,PM_VEGA,SRV-NODE-5
ERP-01541,PROJ-3994,Cajamarca,Audiovisual,63,66,15435,33526,19511,14015,31,49,PM_VEGA,SRV-NODE-4
ERP-01542,PROJ-4633,Cusco,Project Mgmt,125,166,56250,112714,72370,40344,43,29,PM_SOTO,SRV-NODE-6
ERP-01543,PROJ-1134,Huancayo,Business Proc,133,136,67564,115493,91212,24281,35,17,PM_MEZA,SRV-NODE-8
ERP-01544,PROJ-5073,Huancayo,Audiovisual,45,51,23715,44463,25316,19147,6,4,PM_VEGA,SRV-NODE-7
ERP-01545,PROJ-9752,Iquitos,Videoconference,159,177,60261,121903,66344,55559,7,0,PM_VEGA,SRV-NODE-6
ERP-01546,PROJ-2296,Iquitos,Business Proc,140,142,75180,122836,77647,45189,46,15,PM_PEREZ,SRV-NODE-6
ERP-01547,PROJ-7133,Lima,Audiovisual,110,139,59730,104200,82913,21287,30,4,PM_RIVAS,SRV-NODE-1
ERP-01548,PROJ-2111,Huancayo,Project Mgmt,70,90,33670,65890,44299,21591,40,22,PM_RIVAS,SRV-NODE-10
ERP-01549,PROJ-5890,Iquitos,Videoconference,25,25,7600,12661,8463,4198,28,18,PM_VEGA,SRV-NODE-2
ERP-01550,PROJ-9499,Arequipa,Project Mgmt,28,36,10136,20438,12249,8189,14,23,PM_MEZA,SRV-NODE-9
ERP-01551,PROJ-9498,Tacna,Videoconference,65,75,16900,28339,17172,11167,20,32,PM_RIVAS,SRV-NODE-2
ERP-01552,PROJ-7730,Tacna,Business Proc,40,52,20080,38924,20313,18611,14,25,PM_SOTO,SRV-NODE-7
ERP-01553,PROJ-8763,Puno,Videoconference,20,21,10220,20980,13762,7218,8,11,PM_VEGA,SRV-NODE-6
ERP-01554,PROJ-6512,Arequipa,Business Proc,162,188,70794,151780,78383,73397,8,13,PM_PEREZ,SRV-NODE-9
ERP-01555,PROJ-9402,Lima,Project Mgmt,90,118,23670,46877,26553,20324,20,27,PM_SOTO,SRV-NODE-4
ERP-01556,PROJ-3656,Cajamarca,Business Proc,141,153,38493,77950,47416,30534,4,6,PM_PEREZ,SRV-NODE-8
ERP-01557,PROJ-5659,Tacna,Audiovisual,111,126,33633,56036,39980,16056,19,5,PM_MEZA,SRV-NODE-6
ERP-01558,PROJ-2854,Tacna,Project Mgmt,164,206,80360,142805,85277,57528,6,9,PM_MEZA,SRV-NODE-6
ERP-01559,PROJ-1615,Huancayo,Business Proc,88,116,22088,37508,29343,8165,45,62,PM_SOTO,SRV-NODE-7
ERP-01560,PROJ-2191,Lima,Videoconference,89,101,22873,39805,24262,15543,37,35,PM_PEREZ,SRV-NODE-9
ERP-01561,PROJ-8876,Cusco,Project Mgmt,23,29,4692,7788,5628,2160,24,3,PM_RIVAS,SRV-NODE-1
ERP-01562,PROJ-8259,Tacna,Project Mgmt,106,123,29680,53545,29776,23769,10,16,PM_PEREZ,SRV-NODE-7
ERP-01563,PROJ-9773,Arequipa,Business Proc,95,102,25365,51236,28723,22513,27,33,PM_MEZA,SRV-NODE-5
ERP-01564,PROJ-1002,Cusco,Audiovisual,111,143,35298,64043,40222,23821,30,20,PM_RIVAS,SRV-NODE-9
ERP-01565,PROJ-6267,Iquitos,Project Mgmt,156,181,35724,77228,46672,30556,49,26,PM_VEGA,SRV-NODE-4
ERP-01566,PROJ-6854,Arequipa,Videoconference,110,131,40150,68730,52143,16587,39,50,PM_VEGA,SRV-NODE-6
ERP-01567,PROJ-6324,Piura,Audiovisual,126,167,54936,95951,69293,26658,15,5,PM_RIVAS,SRV-NODE-4
ERP-01568,PROJ-8880,Lima,Business Proc,47,48,13677,22789,16287,6502,5,7,PM_PEREZ,SRV-NODE-3
ERP-01569,PROJ-4112,Huancayo,Business Proc,43,57,17716,35803,21753,14050,32,44,PM_SOTO,SRV-NODE-8
ERP-01570,PROJ-2770,Piura,Audiovisual,89,94,24030,47291,30331,16960,24,36,PM_RIVAS,SRV-NODE-7
ERP-01571,PROJ-9447,Huancayo,Project Mgmt,133,177,40033,85959,41654,44305,36,45,PM_RIVAS,SRV-NODE-6
ERP-01572,PROJ-3920,Puno,Videoconference,114,151,65322,126563,72760,53803,18,25,PM_MEZA,SRV-NODE-10
ERP-01573,PROJ-1041,Lima,Project Mgmt,47,51,25897,53139,36235,16904,29,45,PM_RIVAS,SRV-NODE-3
ERP-01574,PROJ-9222,Cajamarca,Audiovisual,150,183,72600,158671,86623,72048,47,74,PM_MEZA,SRV-NODE-8
ERP-01575,PROJ-8642,Cusco,Audiovisual,54,54,15012,26578,15112,11466,21,21,PM_SOTO,SRV-NODE-9
ERP-01576,PROJ-1814,Piura,Videoconference,26,30,11336,22986,13378,9608,40,4,PM_PEREZ,SRV-NODE-10
ERP-01577,PROJ-6657,Iquitos,Business Proc,103,110,26780,46591,30183,16408,7,3,PM_VEGA,SRV-NODE-7
ERP-01578,PROJ-9061,Iquitos,Audiovisual,82,91,35916,74313,44771,29542,14,23,PM_RIVAS,SRV-NODE-8
ERP-01579,PROJ-1046,Lima,Business Proc,78,100,39780,86826,51826,35000,28,39,PM_PEREZ,SRV-NODE-3
ERP-01580,PROJ-8340,Tacna,Audiovisual,23,23,11845,24089,13664,10425,23,4,PM_MEZA,SRV-NODE-5
ERP-01581,PROJ-8133,Iquitos,Business Proc,176,232,79552,165928,98082,67846,15,17,PM_PEREZ,SRV-NODE-4
ERP-01582,PROJ-1706,Puno,Business Proc,117,137,61776,101217,85519,15698,32,55,PM_MEZA,SRV-NODE-9
ERP-01583,PROJ-2747,Cusco,Business Proc,39,50,20826,44828,27973,16855,49,70,PM_RIVAS,SRV-NODE-9
ERP-01584,PROJ-2641,Tacna,Videoconference,80,104,42080,92406,53330,39076,31,24,PM_RIVAS,SRV-NODE-8
ERP-01585,PROJ-2141,Huancayo,Videoconference,78,101,26598,44846,34623,10223,38,59,PM_VEGA,SRV-NODE-2
ERP-01586,PROJ-4959,Cajamarca,Audiovisual,116,153,39208,74353,46946,27407,48,61,PM_RIVAS,SRV-NODE-2
ERP-01587,PROJ-8007,Puno,Business Proc,28,35,8932,18206,11383,6823,11,18,PM_MEZA,SRV-NODE-10
ERP-01588,PROJ-2785,Arequipa,Videoconference,102,108,55182,89850,74660,15190,26,5,PM_SOTO,SRV-NODE-7
ERP-01589,PROJ-4826,Trujillo,Audiovisual,148,151,39812,72842,50566,22276,13,18,PM_PEREZ,SRV-NODE-9
ERP-01590,PROJ-7567,Arequipa,Project Mgmt,112,135,52192,86484,63333,23151,24,2,PM_MEZA,SRV-NODE-3
ERP-01591,PROJ-9436,Puno,Project Mgmt,31,34,7378,12520,9053,3467,5,1,PM_PEREZ,SRV-NODE-3
ERP-01592,PROJ-5518,Puno,Project Mgmt,100,111,32400,65935,44523,21412,25,2,PM_RIVAS,SRV-NODE-5
ERP-01593,PROJ-7747,Tacna,Business Proc,35,44,20370,35314,23149,12165,29,10,PM_RIVAS,SRV-NODE-9
ERP-01594,PROJ-6663,Trujillo,Audiovisual,171,219,35397,63967,46588,17379,49,34,PM_PEREZ,SRV-NODE-9
ERP-01595,PROJ-1056,Lima,Audiovisual,58,78,28652,61968,33753,28215,39,4,PM_PEREZ,SRV-NODE-10
ERP-01596,PROJ-9151,Piura,Videoconference,99,106,55737,115243,60017,55226,48,75,PM_SOTO,SRV-NODE-9
ERP-01597,PROJ-1253,Cajamarca,Business Proc,150,157,78900,137384,81118,56266,38,50,PM_VEGA,SRV-NODE-2
ERP-01598,PROJ-3230,Piura,Business Proc,81,86,35073,63338,44837,18501,25,16,PM_VEGA,SRV-NODE-2
ERP-01599,PROJ-4061,Huancayo,Project Mgmt,85,103,38165,81589,45675,35914,48,15,PM_SOTO,SRV-NODE-9
ERP-01600,PROJ-3290,Cusco,Videoconference,155,206,59985,129674,66021,63653,27,19,PM_VEGA,SRV-NODE-3
ERP-01601,PROJ-1859,Piura,Videoconference,159,206,78228,133752,83963,49789,50,48,PM_PEREZ,SRV-NODE-2
ERP-01602,PROJ-7759,Trujillo,Project Mgmt,31,33,7006,14633,8064,6569,45,9,PM_SOTO,SRV-NODE-10
ERP-01603,PROJ-1124,Arequipa,Project Mgmt,89,116,37469,79836,45731,34105,7,10,PM_RIVAS,SRV-NODE-4
ERP-01604,PROJ-2253,Trujillo,Videoconference,114,152,48222,88352,53124,35228,24,3,PM_PEREZ,SRV-NODE-6
ERP-01605,PROJ-1726,Tacna,Audiovisual,146,180,60590,125087,82075,43012,4,6,PM_MEZA,SRV-NODE-2
ERP-01606,PROJ-6548,Lima,Project Mgmt,105,127,54600,89592,56368,33224,24,10,PM_PEREZ,SRV-NODE-3
ERP-01607,PROJ-8069,Piura,Videoconference,150,163,40500,65980,42933,23047,47,59,PM_SOTO,SRV-NODE-1
ERP-01608,PROJ-3559,Puno,Business Proc,61,79,36417,62251,37826,24425,10,4,PM_SOTO,SRV-NODE-10
ERP-01609,PROJ-9203,Tacna,Project Mgmt,107,127,44940,79766,50369,29397,36,24,PM_PEREZ,SRV-NODE-4
ERP-01610,PROJ-3569,Puno,Audiovisual,147,162,43659,70978,48418,22560,12,16,PM_RIVAS,SRV-NODE-9
ERP-01611,PROJ-5228,Puno,Audiovisual,156,192,39468,70545,53717,16828,27,26,PM_RIVAS,SRV-NODE-8
ERP-01612,PROJ-5829,Lima,Business Proc,160,202,48960,96237,64927,31310,38,40,PM_MEZA,SRV-NODE-9
ERP-01613,PROJ-4371,Lima,Project Mgmt,22,22,9196,17436,10452,6984,37,19,PM_PEREZ,SRV-NODE-5
ERP-01614,PROJ-7117,Piura,Project Mgmt,116,154,38628,79607,52907,26700,47,64,PM_VEGA,SRV-NODE-2
ERP-01615,PROJ-1398,Trujillo,Videoconference,40,40,16920,31478,19244,12234,35,12,PM_RIVAS,SRV-NODE-3
ERP-01616,PROJ-6738,Tacna,Videoconference,179,209,76791,122945,98796,24149,22,7,PM_MEZA,SRV-NODE-9
ERP-01617,PROJ-3908,Cusco,Project Mgmt,64,78,32192,66020,35501,30519,10,16,PM_VEGA,SRV-NODE-7
ERP-01618,PROJ-2399,Lima,Videoconference,71,90,25560,43775,35176,8599,22,17,PM_SOTO,SRV-NODE-1
ERP-01619,PROJ-3132,Iquitos,Audiovisual,117,132,63648,116063,85056,31007,17,15,PM_PEREZ,SRV-NODE-3
ERP-01620,PROJ-5853,Puno,Business Proc,162,181,46008,91245,61916,29329,15,11,PM_RIVAS,SRV-NODE-6
ERP-01621,PROJ-4345,Iquitos,Business Proc,151,178,39864,82261,55179,27082,40,14,PM_PEREZ,SRV-NODE-4
ERP-01622,PROJ-7393,Iquitos,Project Mgmt,113,118,43053,92559,55793,36766,24,31,PM_RIVAS,SRV-NODE-5
ERP-01623,PROJ-2140,Cusco,Videoconference,124,134,62248,131966,76095,55871,17,25,PM_PEREZ,SRV-NODE-1
ERP-01624,PROJ-9433,Piura,Project Mgmt,37,47,18611,37061,23727,13334,27,32,PM_MEZA,SRV-NODE-2
ERP-01625,PROJ-5036,Piura,Videoconference,42,54,18354,39123,18655,20468,7,8,PM_MEZA,SRV-NODE-3
ERP-01626,PROJ-4895,Trujillo,Business Proc,39,49,17004,30673,17232,13441,20,7,PM_SOTO,SRV-NODE-5
ERP-01627,PROJ-7171,Cusco,Videoconference,59,73,18054,33522,18458,15064,11,17,PM_PEREZ,SRV-NODE-10
ERP-01628,PROJ-7110,Tacna,Audiovisual,59,66,25606,52597,27987,24610,49,46,PM_PEREZ,SRV-NODE-5
ERP-01629,PROJ-5406,Huancayo,Audiovisual,40,42,23480,43959,27570,16389,12,11,PM_VEGA,SRV-NODE-10
ERP-01630,PROJ-5160,Piura,Project Mgmt,53,59,22896,37817,28134,9683,45,33,PM_PEREZ,SRV-NODE-8
ERP-01631,PROJ-3555,Piura,Project Mgmt,174,182,97440,178295,114588,63707,36,27,PM_VEGA,SRV-NODE-8
ERP-01632,PROJ-8932,Trujillo,Audiovisual,133,154,76342,154032,85869,68163,35,44,PM_VEGA,SRV-NODE-3
ERP-01633,PROJ-7331,Arequipa,Project Mgmt,171,189,95931,165227,97209,68018,49,77,PM_RIVAS,SRV-NODE-1
ERP-01634,PROJ-2481,Puno,Audiovisual,174,210,49938,89710,61458,28252,39,41,PM_VEGA,SRV-NODE-2
ERP-01635,PROJ-7159,Lima,Business Proc,73,85,38690,79453,52132,27321,5,5,PM_VEGA,SRV-NODE-1
ERP-01636,PROJ-9509,Cusco,Videoconference,80,92,25120,51422,33224,18198,45,16,PM_VEGA,SRV-NODE-10
ERP-01637,PROJ-7793,Arequipa,Business Proc,52,57,16692,35116,20637,14479,20,7,PM_VEGA,SRV-NODE-4
ERP-01638,PROJ-2153,Piura,Business Proc,32,32,13440,25700,14656,11044,33,24,PM_VEGA,SRV-NODE-2
ERP-01639,PROJ-7692,Huancayo,Project Mgmt,154,157,42350,68175,58570,9605,23,39,PM_RIVAS,SRV-NODE-8
ERP-01640,PROJ-5591,Iquitos,Business Proc,152,163,31160,52656,39793,12863,32,21,PM_SOTO,SRV-NODE-8
ERP-01641,PROJ-3956,Huancayo,Videoconference,103,138,42539,82853,43409,39444,36,41,PM_SOTO,SRV-NODE-6
ERP-01642,PROJ-8155,Iquitos,Videoconference,116,139,52664,115245,60567,54678,8,10,PM_RIVAS,SRV-NODE-3
ERP-01643,PROJ-5226,Iquitos,Project Mgmt,47,50,20210,39077,21403,17674,8,5,PM_VEGA,SRV-NODE-9
ERP-01644,PROJ-8541,Lima,Audiovisual,134,174,66062,140761,71636,69125,6,1,PM_MEZA,SRV-NODE-9
ERP-01645,PROJ-3438,Arequipa,Project Mgmt,130,137,77480,126306,107401,18905,6,7,PM_SOTO,SRV-NODE-7
ERP-01646,PROJ-4302,Trujillo,Project Mgmt,50,60,10650,17504,12571,4933,6,10,PM_SOTO,SRV-NODE-6
ERP-01647,PROJ-9644,Trujillo,Business Proc,23,24,7015,11593,8104,3489,37,50,PM_PEREZ,SRV-NODE-1
ERP-01648,PROJ-3819,Lima,Business Proc,39,47,12753,22112,13394,8718,6,4,PM_VEGA,SRV-NODE-5
ERP-01649,PROJ-3477,Tacna,Business Proc,99,119,40491,88855,55712,33143,42,64,PM_MEZA,SRV-NODE-3
ERP-01650,PROJ-8626,Tacna,Business Proc,164,220,61664,98871,84202,14669,34,23,PM_PEREZ,SRV-NODE-9
ERP-01651,PROJ-3304,Trujillo,Business Proc,63,66,22680,42285,29189,13096,10,10,PM_MEZA,SRV-NODE-5
ERP-01652,PROJ-8043,Puno,Project Mgmt,130,135,61360,115142,81827,33315,29,45,PM_RIVAS,SRV-NODE-3
ERP-01653,PROJ-2892,Tacna,Project Mgmt,24,28,6240,11336,6295,5041,21,34,PM_PEREZ,SRV-NODE-4
ERP-01654,PROJ-8873,Cajamarca,Audiovisual,81,88,33534,73346,45908,27438,45,49,PM_PEREZ,SRV-NODE-8
ERP-01655,PROJ-2852,Cusco,Videoconference,36,48,18756,30211,23324,6887,3,2,PM_PEREZ,SRV-NODE-5
ERP-01656,PROJ-1343,Lima,Audiovisual,49,54,25039,46032,27479,18553,30,22,PM_SOTO,SRV-NODE-3
ERP-01657,PROJ-6361,Lima,Audiovisual,39,43,15444,31393,16647,14746,4,6,PM_RIVAS,SRV-NODE-10
ERP-01658,PROJ-2393,Arequipa,Project Mgmt,137,179,39867,78869,48118,30751,21,22,PM_VEGA,SRV-NODE-9
ERP-01659,PROJ-4360,Huancayo,Audiovisual,133,165,51205,110960,64682,46278,9,14,PM_VEGA,SRV-NODE-6
ERP-01660,PROJ-4365,Lima,Audiovisual,26,32,15184,29008,20166,8842,10,11,PM_SOTO,SRV-NODE-10
ERP-01661,PROJ-9815,Iquitos,Project Mgmt,134,152,74370,150984,95467,55517,12,10,PM_VEGA,SRV-NODE-7
ERP-01662,PROJ-7660,Puno,Audiovisual,100,127,33400,56292,35728,20564,24,22,PM_MEZA,SRV-NODE-3
ERP-01663,PROJ-4412,Trujillo,Videoconference,38,40,15960,32503,21035,11468,25,30,PM_MEZA,SRV-NODE-2
ERP-01664,PROJ-9873,Cajamarca,Project Mgmt,128,170,62976,135757,69840,65917,3,3,PM_PEREZ,SRV-NODE-1
ERP-01665,PROJ-7310,Iquitos,Audiovisual,171,194,48564,85593,51130,34463,14,13,PM_RIVAS,SRV-NODE-7
ERP-01666,PROJ-1651,Trujillo,Videoconference,128,169,35328,58064,44468,13596,9,14,PM_RIVAS,SRV-NODE-8
ERP-01667,PROJ-6362,Tacna,Business Proc,58,59,34394,70857,39079,31778,29,50,PM_PEREZ,SRV-NODE-3
ERP-01668,PROJ-6063,Tacna,Audiovisual,50,58,29250,47458,35111,12347,8,13,PM_VEGA,SRV-NODE-2
ERP-01669,PROJ-6774,Trujillo,Audiovisual,83,87,20086,37454,26145,11309,30,25,PM_PEREZ,SRV-NODE-10
ERP-01670,PROJ-1821,Arequipa,Project Mgmt,39,42,10140,18468,13868,4600,43,47,PM_MEZA,SRV-NODE-3
ERP-01671,PROJ-7766,Trujillo,Business Proc,35,39,10920,19867,15021,4846,47,45,PM_MEZA,SRV-NODE-6
ERP-01672,PROJ-7020,Tacna,Project Mgmt,97,104,38800,84099,43277,40822,22,15,PM_RIVAS,SRV-NODE-4
ERP-01673,PROJ-1085,Trujillo,Project Mgmt,101,114,54641,100063,61398,38665,43,46,PM_RIVAS,SRV-NODE-10
ERP-01674,PROJ-4049,Cajamarca,Videoconference,69,88,37605,73406,48895,24511,16,14,PM_RIVAS,SRV-NODE-8
ERP-01675,PROJ-4299,Tacna,Audiovisual,28,33,13132,24779,18383,6396,34,41,PM_MEZA,SRV-NODE-8
ERP-01676,PROJ-1674,Iquitos,Project Mgmt,178,183,94518,203634,111741,91893,7,7,PM_PEREZ,SRV-NODE-8
ERP-01677,PROJ-2436,Cusco,Audiovisual,119,126,25704,48667,34836,13831,19,23,PM_SOTO,SRV-NODE-2
ERP-01678,PROJ-4983,Huancayo,Videoconference,162,198,86670,179634,119961,59673,41,5,PM_VEGA,SRV-NODE-3
ERP-01679,PROJ-9052,Puno,Videoconference,100,130,47800,97546,50499,47047,30,8,PM_RIVAS,SRV-NODE-8
ERP-01680,PROJ-5451,Tacna,Business Proc,155,168,43710,94905,51161,43744,46,55,PM_PEREZ,SRV-NODE-5
ERP-01681,PROJ-9484,Cusco,Business Proc,144,170,45792,80395,52613,27782,7,8,PM_MEZA,SRV-NODE-10
ERP-01682,PROJ-6542,Cusco,Business Proc,22,28,6336,12819,6431,6388,28,2,PM_MEZA,SRV-NODE-5
ERP-01683,PROJ-6648,Arequipa,Business Proc,78,85,16302,31229,21205,10024,14,10,PM_SOTO,SRV-NODE-10
ERP-01684,PROJ-3333,Arequipa,Project Mgmt,21,26,9324,16207,9537,6670,4,5,PM_RIVAS,SRV-NODE-3
ERP-01685,PROJ-1620,Piura,Videoconference,104,115,46280,86922,61957,24965,38,21,PM_MEZA,SRV-NODE-9
ERP-01686,PROJ-6961,Tacna,Audiovisual,146,194,64386,126466,85854,40612,13,1,PM_RIVAS,SRV-NODE-9
ERP-01687,PROJ-4406,Iquitos,Project Mgmt,78,78,25506,47283,30932,16351,47,40,PM_VEGA,SRV-NODE-7
ERP-01688,PROJ-6719,Cusco,Project Mgmt,139,187,52542,87054,59107,27947,45,73,PM_MEZA,SRV-NODE-8
ERP-01689,PROJ-6942,Puno,Audiovisual,67,75,24656,53101,26315,26786,8,3,PM_VEGA,SRV-NODE-9
ERP-01690,PROJ-5202,Puno,Videoconference,148,191,67932,129281,94230,35051,31,45,PM_PEREZ,SRV-NODE-7
ERP-01691,PROJ-2549,Tacna,Business Proc,104,127,24232,38894,33363,5531,8,11,PM_SOTO,SRV-NODE-8
ERP-01692,PROJ-2006,Huancayo,Project Mgmt,169,198,37687,76876,52003,24873,48,52,PM_PEREZ,SRV-NODE-4
ERP-01693,PROJ-3459,Lima,Videoconference,121,131,24442,49583,31511,18072,50,65,PM_SOTO,SRV-NODE-1
ERP-01694,PROJ-7217,Lima,Audiovisual,130,150,36920,73094,50430,22664,27,8,PM_RIVAS,SRV-NODE-3
ERP-01695,PROJ-9716,Cusco,Videoconference,38,39,8284,16208,8965,7243,3,4,PM_RIVAS,SRV-NODE-8
ERP-01696,PROJ-8540,Tacna,Audiovisual,92,108,24564,45212,26626,18586,29,7,PM_VEGA,SRV-NODE-4
ERP-01697,PROJ-2324,Iquitos,Audiovisual,78,98,33462,70803,42179,28624,19,10,PM_PEREZ,SRV-NODE-3
ERP-01698,PROJ-9558,Cajamarca,Project Mgmt,91,93,36309,60416,49447,10969,24,4,PM_SOTO,SRV-NODE-5
ERP-01699,PROJ-3795,Cajamarca,Project Mgmt,127,162,46736,79015,53319,25696,9,3,PM_RIVAS,SRV-NODE-9
ERP-01700,PROJ-3174,Arequipa,Business Proc,138,153,57684,100636,72765,27871,12,14,PM_SOTO,SRV-NODE-9
ERP-01701,PROJ-5529,Iquitos,Audiovisual,124,127,57040,107330,64059,43271,33,57,PM_RIVAS,SRV-NODE-3
ERP-01702,PROJ-5833,Piura,Business Proc,161,166,77924,159066,87184,71882,3,3,PM_VEGA,SRV-NODE-9
ERP-01703,PROJ-3955,Arequipa,Business Proc,163,204,34067,68928,41411,27517,22,13,PM_VEGA,SRV-NODE-1
ERP-01704,PROJ-6356,Cajamarca,Videoconference,163,203,75632,133732,87368,46364,21,8,PM_MEZA,SRV-NODE-3
ERP-01705,PROJ-7172,Arequipa,Videoconference,141,185,73320,155945,97022,58923,37,34,PM_PEREZ,SRV-NODE-6
ERP-01706,PROJ-9832,Iquitos,Project Mgmt,142,180,74692,135341,76357,58984,22,36,PM_RIVAS,SRV-NODE-2
ERP-01707,PROJ-6765,Iquitos,Audiovisual,78,82,43290,71065,60301,10764,43,65,PM_MEZA,SRV-NODE-2
ERP-01708,PROJ-4001,Cusco,Audiovisual,62,65,25792,49199,30103,19096,25,11,PM_RIVAS,SRV-NODE-8
ERP-01709,PROJ-6740,Trujillo,Business Proc,39,49,21060,40513,21098,19415,22,30,PM_RIVAS,SRV-NODE-9
ERP-01710,PROJ-8030,Puno,Project Mgmt,58,70,18560,33760,19743,14017,17,3,PM_VEGA,SRV-NODE-6
ERP-01711,PROJ-9752,Trujillo,Audiovisual,91,95,46319,79169,57629,21540,41,24,PM_MEZA,SRV-NODE-1
ERP-01712,PROJ-7931,Piura,Audiovisual,119,129,34391,63337,39051,24286,44,13,PM_SOTO,SRV-NODE-9
ERP-01713,PROJ-4232,Iquitos,Project Mgmt,112,115,40096,84462,51669,32793,36,37,PM_RIVAS,SRV-NODE-10
ERP-01714,PROJ-2702,Puno,Videoconference,46,52,15594,33082,18108,14974,33,20,PM_RIVAS,SRV-NODE-10
ERP-01715,PROJ-2946,Cajamarca,Videoconference,30,37,11250,18180,15592,2588,21,19,PM_VEGA,SRV-NODE-7
ERP-01716,PROJ-3766,Lima,Business Proc,146,185,76650,128503,81822,46681,33,15,PM_MEZA,SRV-NODE-5
ERP-01717,PROJ-8493,Lima,Project Mgmt,62,71,24738,49224,31296,17928,15,18,PM_SOTO,SRV-NODE-5
ERP-01718,PROJ-3801,Tacna,Business Proc,130,130,73580,157495,78257,79238,45,28,PM_PEREZ,SRV-NODE-6
ERP-01719,PROJ-7963,Trujillo,Business Proc,47,57,9917,20614,10287,10327,27,44,PM_RIVAS,SRV-NODE-4
ERP-01720,PROJ-1016,Puno,Project Mgmt,167,177,89846,186906,90880,96026,10,5,PM_SOTO,SRV-NODE-3
ERP-01721,PROJ-9102,Trujillo,Videoconference,137,148,51512,102079,69363,32716,30,17,PM_SOTO,SRV-NODE-8
ERP-01722,PROJ-7728,Iquitos,Videoconference,67,67,17889,37451,22951,14500,10,3,PM_MEZA,SRV-NODE-8
ERP-01723,PROJ-9548,Lima,Project Mgmt,164,177,34932,76668,46307,30361,29,11,PM_RIVAS,SRV-NODE-8
ERP-01724,PROJ-7745,Cusco,Business Proc,127,142,46101,82350,59037,23313,3,0,PM_PEREZ,SRV-NODE-7
ERP-01725,PROJ-4408,Trujillo,Videoconference,113,136,55596,105342,71589,33753,11,15,PM_VEGA,SRV-NODE-3
ERP-01726,PROJ-7699,Arequipa,Business Proc,154,158,66374,120577,91988,28589,27,10,PM_VEGA,SRV-NODE-9
ERP-01727,PROJ-5633,Arequipa,Videoconference,23,28,8901,18454,10093,8361,50,58,PM_SOTO,SRV-NODE-6
ERP-01728,PROJ-7421,Tacna,Videoconference,85,108,33490,55239,41628,13611,45,67,PM_RIVAS,SRV-NODE-3
ERP-01729,PROJ-4279,Arequipa,Videoconference,150,193,78000,163636,88184,75452,14,21,PM_PEREZ,SRV-NODE-8
ERP-01730,PROJ-3391,Lima,Videoconference,71,85,35429,75995,43672,32323,32,36,PM_MEZA,SRV-NODE-6
ERP-01731,PROJ-1796,Huancayo,Videoconference,120,146,31680,55991,43315,12676,41,48,PM_PEREZ,SRV-NODE-4
ERP-01732,PROJ-1299,Cusco,Audiovisual,89,116,40050,82208,50301,31907,12,1,PM_RIVAS,SRV-NODE-8
ERP-01733,PROJ-3303,Tacna,Business Proc,177,228,45843,91193,53173,38020,13,7,PM_PEREZ,SRV-NODE-8
ERP-01734,PROJ-9339,Huancayo,Project Mgmt,88,107,20328,44294,23167,21127,31,16,PM_SOTO,SRV-NODE-1
ERP-01735,PROJ-1307,Cajamarca,Videoconference,74,74,21164,34998,29606,5392,8,11,PM_MEZA,SRV-NODE-10
ERP-01736,PROJ-7495,Arequipa,Project Mgmt,169,189,44278,74704,49178,25526,15,16,PM_SOTO,SRV-NODE-9
ERP-01737,PROJ-7589,Piura,Business Proc,154,206,37268,75205,43021,32184,9,4,PM_PEREZ,SRV-NODE-7
ERP-01738,PROJ-9651,Piura,Audiovisual,100,100,34300,70238,38625,31613,32,27,PM_RIVAS,SRV-NODE-3
ERP-01739,PROJ-8579,Cajamarca,Videoconference,27,33,6426,10507,6914,3593,14,11,PM_VEGA,SRV-NODE-7
ERP-01740,PROJ-9948,Arequipa,Business Proc,124,162,59644,119542,81629,37913,19,8,PM_PEREZ,SRV-NODE-10
ERP-01741,PROJ-8074,Cajamarca,Videoconference,124,151,46128,82605,57444,25161,21,26,PM_SOTO,SRV-NODE-2
ERP-01742,PROJ-1717,Arequipa,Videoconference,169,209,36166,68176,42136,26040,18,2,PM_MEZA,SRV-NODE-10
ERP-01743,PROJ-4068,Lima,Business Proc,83,87,24153,40037,30984,9053,6,8,PM_RIVAS,SRV-NODE-10
ERP-01744,PROJ-1771,Huancayo,Business Proc,54,65,16632,29146,21399,7747,12,6,PM_PEREZ,SRV-NODE-6
ERP-01745,PROJ-3819,Lima,Business Proc,159,159,94128,164996,131313,33683,11,5,PM_MEZA,SRV-NODE-6
ERP-01746,PROJ-6761,Trujillo,Project Mgmt,115,121,54395,103219,73129,30090,22,23,PM_RIVAS,SRV-NODE-6
ERP-01747,PROJ-5464,Cajamarca,Audiovisual,168,181,70728,121182,81664,39518,19,9,PM_RIVAS,SRV-NODE-2
ERP-01748,PROJ-3115,Trujillo,Project Mgmt,32,38,14080,29639,14139,15500,50,54,PM_PEREZ,SRV-NODE-8
ERP-01749,PROJ-6315,Huancayo,Audiovisual,109,143,64855,110899,82315,28584,5,4,PM_SOTO,SRV-NODE-8
ERP-01750,PROJ-9060,Lima,Videoconference,64,69,31808,58871,34384,24487,34,56,PM_SOTO,SRV-NODE-7
ERP-01751,PROJ-9752,Cusco,Videoconference,57,59,11742,21733,12207,9526,12,1,PM_VEGA,SRV-NODE-9
ERP-01752,PROJ-9726,Puno,Audiovisual,95,99,50635,83915,64357,19558,43,16,PM_SOTO,SRV-NODE-6
ERP-01753,PROJ-8594,Piura,Videoconference,21,24,9177,16964,11110,5854,14,6,PM_MEZA,SRV-NODE-9
ERP-01754,PROJ-5433,Lima,Business Proc,31,33,10540,19588,12702,6886,29,21,PM_MEZA,SRV-NODE-3
ERP-01755,PROJ-6649,Trujillo,Videoconference,176,229,87648,170441,90401,80040,5,3,PM_SOTO,SRV-NODE-3
ERP-01756,PROJ-3151,Lima,Business Proc,22,26,7524,13886,7659,6227,14,8,PM_SOTO,SRV-NODE-7
ERP-01757,PROJ-9361,Lima,Project Mgmt,43,56,12857,21284,16697,4587,44,7,PM_MEZA,SRV-NODE-10
ERP-01758,PROJ-8089,Cajamarca,Project Mgmt,42,48,22344,40710,29543,11167,38,44,PM_RIVAS,SRV-NODE-7
ERP-01759,PROJ-8353,Lima,Audiovisual,36,36,18108,38118,20678,17440,22,21,PM_RIVAS,SRV-NODE-4
ERP-01760,PROJ-9183,Piura,Project Mgmt,142,186,38908,76993,53836,23157,19,26,PM_RIVAS,SRV-NODE-5
ERP-01761,PROJ-1298,Piura,Project Mgmt,47,62,27213,48608,32674,15934,5,5,PM_MEZA,SRV-NODE-7
ERP-01762,PROJ-1493,Iquitos,Audiovisual,48,60,18096,38812,18948,19864,4,5,PM_VEGA,SRV-NODE-9
ERP-01763,PROJ-7140,Lima,Videoconference,25,32,12875,21277,14673,6604,26,46,PM_PEREZ,SRV-NODE-5
ERP-01764,PROJ-9610,Cajamarca,Project Mgmt,80,91,39120,79646,52826,26820,37,42,PM_MEZA,SRV-NODE-2
ERP-01765,PROJ-3296,Tacna,Business Proc,146,187,58692,96191,80052,16139,43,47,PM_VEGA,SRV-NODE-3
ERP-01766,PROJ-1002,Tacna,Audiovisual,110,122,45980,98718,62872,35846,38,16,PM_SOTO,SRV-NODE-10
ERP-01767,PROJ-2216,Arequipa,Project Mgmt,94,118,22466,43763,24235,19528,21,12,PM_RIVAS,SRV-NODE-4
ERP-01768,PROJ-8909,Iquitos,Business Proc,62,80,32550,62804,36725,26079,16,27,PM_SOTO,SRV-NODE-5
ERP-01769,PROJ-8676,Puno,Audiovisual,82,101,29438,62386,37455,24931,31,9,PM_RIVAS,SRV-NODE-10
ERP-01770,PROJ-7588,Iquitos,Project Mgmt,160,173,89600,189674,124206,65468,21,14,PM_SOTO,SRV-NODE-1
ERP-01771,PROJ-2555,Piura,Audiovisual,113,140,45200,85405,45950,39455,20,19,PM_RIVAS,SRV-NODE-9
ERP-01772,PROJ-5733,Iquitos,Audiovisual,125,142,56875,104154,77946,26208,5,2,PM_PEREZ,SRV-NODE-8
ERP-01773,PROJ-8725,Arequipa,Videoconference,178,236,40940,81158,49671,31487,16,18,PM_PEREZ,SRV-NODE-3
ERP-01774,PROJ-2338,Iquitos,Audiovisual,163,172,86716,148364,117283,31081,19,3,PM_PEREZ,SRV-NODE-9
ERP-01775,PROJ-5001,Puno,Project Mgmt,71,93,14484,30327,19436,10891,45,44,PM_PEREZ,SRV-NODE-5
ERP-01776,PROJ-9765,Trujillo,Business Proc,45,47,15885,30084,16890,13194,29,12,PM_VEGA,SRV-NODE-4
ERP-01777,PROJ-1950,Cajamarca,Audiovisual,126,137,37296,73922,46616,27306,49,56,PM_RIVAS,SRV-NODE-3
ERP-01778,PROJ-3959,Cajamarca,Project Mgmt,146,191,60736,114497,60942,53555,21,22,PM_RIVAS,SRV-NODE-10
ERP-01779,PROJ-4675,Cajamarca,Videoconference,27,32,11178,21950,14221,7729,23,32,PM_PEREZ,SRV-NODE-6
ERP-01780,PROJ-6311,Cajamarca,Business Proc,94,94,54426,98951,70874,28077,28,11,PM_MEZA,SRV-NODE-1
ERP-01781,PROJ-7137,Huancayo,Videoconference,160,211,53760,101233,61809,39424,17,15,PM_PEREZ,SRV-NODE-5
ERP-01782,PROJ-8183,Huancayo,Business Proc,101,111,35047,65521,41683,23838,31,37,PM_VEGA,SRV-NODE-4
ERP-01783,PROJ-9857,Arequipa,Business Proc,151,197,74292,150531,101831,48700,48,78,PM_SOTO,SRV-NODE-8
ERP-01784,PROJ-5757,Lima,Project Mgmt,21,25,9744,16108,9957,6151,17,11,PM_SOTO,SRV-NODE-9
ERP-01785,PROJ-4300,Lima,Videoconference,149,164,57514,111950,70531,41419,45,17,PM_RIVAS,SRV-NODE-7
ERP-01786,PROJ-9990,Puno,Project Mgmt,23,28,12604,22967,14035,8932,39,48,PM_PEREZ,SRV-NODE-3
ERP-01787,PROJ-7893,Trujillo,Audiovisual,131,160,26200,43519,30870,12649,16,26,PM_MEZA,SRV-NODE-2
ERP-01788,PROJ-2256,Huancayo,Business Proc,118,158,62540,121106,84554,36552,8,3,PM_VEGA,SRV-NODE-3
ERP-01789,PROJ-8462,Piura,Project Mgmt,96,105,42240,89484,43574,45910,4,3,PM_SOTO,SRV-NODE-3
ERP-01790,PROJ-2000,Piura,Business Proc,94,121,28200,51946,36591,15355,45,48,PM_VEGA,SRV-NODE-7
ERP-01791,PROJ-2459,Huancayo,Business Proc,63,67,14049,23380,14801,8579,37,49,PM_SOTO,SRV-NODE-1
ERP-01792,PROJ-8099,Iquitos,Videoconference,79,88,47242,90550,64560,25990,9,7,PM_RIVAS,SRV-NODE-8
ERP-01793,PROJ-3645,Cusco,Videoconference,28,33,8512,17093,9042,8051,3,0,PM_PEREZ,SRV-NODE-2
ERP-01794,PROJ-2804,Arequipa,Business Proc,89,107,40851,88913,41371,47542,40,32,PM_VEGA,SRV-NODE-4
ERP-01795,PROJ-1544,Huancayo,Project Mgmt,180,196,69840,147127,83184,63943,20,18,PM_RIVAS,SRV-NODE-8
ERP-01796,PROJ-7247,Huancayo,Business Proc,23,27,12489,20617,15767,4850,18,31,PM_RIVAS,SRV-NODE-5
ERP-01797,PROJ-2796,Puno,Project Mgmt,37,45,7511,13509,9230,4279,12,17,PM_RIVAS,SRV-NODE-1
ERP-01798,PROJ-3349,Arequipa,Project Mgmt,36,40,14040,22606,17587,5019,20,12,PM_VEGA,SRV-NODE-4
ERP-01799,PROJ-8853,Huancayo,Business Proc,156,207,46800,85247,52872,32375,42,53,PM_SOTO,SRV-NODE-8
ERP-01800,PROJ-5431,Cusco,Videoconference,31,31,13454,26213,13636,12577,6,7,PM_SOTO,SRV-NODE-10
ERP-01801,PROJ-7198,Arequipa,Videoconference,74,78,15244,26813,21138,5675,33,55,PM_MEZA,SRV-NODE-1
ERP-01802,PROJ-5046,Lima,Videoconference,108,128,49572,95680,53407,42273,7,4,PM_PEREZ,SRV-NODE-5
ERP-01803,PROJ-3648,Huancayo,Project Mgmt,164,183,50840,102066,64116,37950,3,0,PM_VEGA,SRV-NODE-6
ERP-01804,PROJ-4971,Trujillo,Videoconference,31,38,12214,23548,12590,10958,6,4,PM_VEGA,SRV-NODE-1
ERP-01805,PROJ-3834,Arequipa,Videoconference,44,56,25388,53326,27250,26076,3,4,PM_PEREZ,SRV-NODE-5
ERP-01806,PROJ-4722,Arequipa,Project Mgmt,61,79,17141,35066,20610,14456,24,9,PM_RIVAS,SRV-NODE-4
ERP-01807,PROJ-5512,Puno,Audiovisual,118,151,39058,62562,51111,11451,12,7,PM_MEZA,SRV-NODE-2
ERP-01808,PROJ-3684,Iquitos,Business Proc,60,69,29760,56983,40434,16549,7,4,PM_PEREZ,SRV-NODE-3
ERP-01809,PROJ-2189,Huancayo,Audiovisual,113,129,23391,49563,25491,24072,17,4,PM_MEZA,SRV-NODE-5
ERP-01810,PROJ-8045,Cajamarca,Videoconference,165,201,52635,101664,72159,29505,36,63,PM_VEGA,SRV-NODE-5
ERP-01811,PROJ-4391,Lima,Project Mgmt,26,34,7956,14352,9177,5175,10,14,PM_VEGA,SRV-NODE-5
ERP-01812,PROJ-6233,Cajamarca,Audiovisual,103,113,32445,64575,45224,19351,8,12,PM_MEZA,SRV-NODE-2
ERP-01813,PROJ-8445,Iquitos,Audiovisual,42,45,24738,46386,32554,13832,6,4,PM_MEZA,SRV-NODE-8
ERP-01814,PROJ-3367,Arequipa,Audiovisual,136,178,36040,65681,47693,17988,36,39,PM_MEZA,SRV-NODE-2
ERP-01815,PROJ-7587,Trujillo,Project Mgmt,156,209,41184,89133,56811,32322,14,22,PM_MEZA,SRV-NODE-5
ERP-01816,PROJ-1322,Tacna,Audiovisual,92,113,45632,85144,57217,27927,46,32,PM_MEZA,SRV-NODE-10
ERP-01817,PROJ-7316,Cusco,Audiovisual,64,64,37632,73130,41317,31813,37,28,PM_RIVAS,SRV-NODE-10
ERP-01818,PROJ-7290,Iquitos,Business Proc,117,139,68562,119806,95273,24533,15,18,PM_MEZA,SRV-NODE-6
ERP-01819,PROJ-1946,Arequipa,Videoconference,89,117,26077,49159,26547,22612,15,22,PM_VEGA,SRV-NODE-5
ERP-01820,PROJ-1183,Puno,Videoconference,134,172,77586,149946,95636,54310,15,24,PM_SOTO,SRV-NODE-2
ERP-01821,PROJ-2070,Iquitos,Videoconference,89,99,43076,88991,59113,29878,23,3,PM_MEZA,SRV-NODE-3
ERP-01822,PROJ-8406,Piura,Business Proc,34,35,7446,13818,8280,5538,43,11,PM_VEGA,SRV-NODE-7
ERP-01823,PROJ-7254,Cajamarca,Business Proc,159,213,43248,88032,48660,39372,21,20,PM_MEZA,SRV-NODE-3
ERP-01824,PROJ-1240,Cusco,Project Mgmt,46,53,14536,25653,14593,11060,6,9,PM_MEZA,SRV-NODE-10
ERP-01825,PROJ-4243,Arequipa,Business Proc,163,176,51019,92348,70955,21393,30,23,PM_MEZA,SRV-NODE-7
ERP-01826,PROJ-9259,Iquitos,Videoconference,161,202,50876,89914,62552,27362,50,18,PM_PEREZ,SRV-NODE-8
ERP-01827,PROJ-8036,Cusco,Videoconference,163,163,60310,105989,76235,29754,16,16,PM_RIVAS,SRV-NODE-8
ERP-01828,PROJ-5017,Tacna,Audiovisual,164,170,35916,64634,43686,20948,28,13,PM_RIVAS,SRV-NODE-1
ERP-01829,PROJ-6359,Iquitos,Audiovisual,71,93,25489,44845,31210,13635,43,6,PM_RIVAS,SRV-NODE-9
ERP-01830,PROJ-8987,Cusco,Business Proc,80,90,20720,44655,25376,19279,37,36,PM_RIVAS,SRV-NODE-10
ERP-01831,PROJ-6535,Lima,Videoconference,55,56,29865,61276,39367,21909,17,9,PM_SOTO,SRV-NODE-10
ERP-01832,PROJ-5436,Cajamarca,Project Mgmt,98,125,30282,64146,40109,24037,46,71,PM_MEZA,SRV-NODE-5
ERP-01833,PROJ-7167,Iquitos,Audiovisual,99,108,57816,111207,63162,48045,19,22,PM_RIVAS,SRV-NODE-4
ERP-01834,PROJ-7519,Arequipa,Videoconference,92,107,27876,56389,33977,22412,12,14,PM_MEZA,SRV-NODE-9
ERP-01835,PROJ-3261,Tacna,Project Mgmt,130,142,58240,97758,62653,35105,41,42,PM_RIVAS,SRV-NODE-2
ERP-01836,PROJ-2327,Cusco,Audiovisual,101,109,37067,65863,41621,24242,28,20,PM_PEREZ,SRV-NODE-9
ERP-01837,PROJ-4750,Cajamarca,Project Mgmt,116,121,55332,116920,67308,49612,12,19,PM_SOTO,SRV-NODE-7
ERP-01838,PROJ-1714,Cajamarca,Project Mgmt,83,89,46895,100481,56128,44353,11,2,PM_SOTO,SRV-NODE-2
ERP-01839,PROJ-1144,Tacna,Videoconference,172,223,68800,122686,93607,29079,27,3,PM_RIVAS,SRV-NODE-9
ERP-01840,PROJ-7176,Arequipa,Audiovisual,27,33,9261,19074,11551,7523,27,18,PM_RIVAS,SRV-NODE-5
ERP-01841,PROJ-1956,Piura,Business Proc,57,76,21489,36328,24886,11442,17,3,PM_MEZA,SRV-NODE-8
ERP-01842,PROJ-1974,Puno,Videoconference,166,208,59594,99332,76583,22749,3,4,PM_PEREZ,SRV-NODE-8
ERP-01843,PROJ-4579,Tacna,Project Mgmt,159,198,50403,100904,64405,36499,3,0,PM_PEREZ,SRV-NODE-7
ERP-01844,PROJ-8499,Arequipa,Videoconference,150,190,88350,144986,101218,43768,21,24,PM_MEZA,SRV-NODE-2
ERP-01845,PROJ-6771,Cajamarca,Project Mgmt,122,151,33428,72317,45069,27248,29,7,PM_RIVAS,SRV-NODE-8
ERP-01846,PROJ-5874,Piura,Business Proc,36,45,14004,24598,18524,6074,3,1,PM_PEREZ,SRV-NODE-5
ERP-01847,PROJ-5507,Arequipa,Audiovisual,157,170,54479,89803,55257,34546,8,10,PM_RIVAS,SRV-NODE-3
ERP-01848,PROJ-7754,Trujillo,Audiovisual,44,48,11836,25237,16305,8932,42,63,PM_SOTO,SRV-NODE-9
ERP-01849,PROJ-5938,Cajamarca,Audiovisual,114,135,48792,97717,61660,36057,6,9,PM_PEREZ,SRV-NODE-9
ERP-01850,PROJ-5138,Cajamarca,Audiovisual,133,153,73017,152821,81950,70871,29,43,PM_RIVAS,SRV-NODE-10
ERP-01851,PROJ-2124,Arequipa,Project Mgmt,109,136,33572,64038,34512,29526,25,25,PM_MEZA,SRV-NODE-4
ERP-01852,PROJ-7453,Puno,Audiovisual,169,217,93626,151694,104478,47216,35,19,PM_SOTO,SRV-NODE-4
ERP-01853,PROJ-8467,Trujillo,Project Mgmt,83,95,27639,56804,37460,19344,15,23,PM_MEZA,SRV-NODE-8
ERP-01854,PROJ-8817,Cusco,Audiovisual,163,218,36512,67360,39638,27722,14,19,PM_RIVAS,SRV-NODE-8
ERP-01855,PROJ-1092,Puno,Business Proc,89,117,34354,67239,45833,21406,22,15,PM_VEGA,SRV-NODE-6
ERP-01856,PROJ-3141,Iquitos,Audiovisual,159,189,86814,187453,94277,93176,34,27,PM_RIVAS,SRV-NODE-2
ERP-01857,PROJ-1451,Arequipa,Audiovisual,57,64,16644,31465,23119,8346,35,53,PM_MEZA,SRV-NODE-8
ERP-01858,PROJ-1205,Lima,Audiovisual,31,35,7719,15181,10218,4963,47,32,PM_PEREZ,SRV-NODE-4
ERP-01859,PROJ-5192,Piura,Business Proc,41,54,21402,45935,24394,21541,12,15,PM_MEZA,SRV-NODE-3
ERP-01860,PROJ-1658,Trujillo,Videoconference,125,141,64625,114362,71608,42754,17,5,PM_MEZA,SRV-NODE-3
ERP-01861,PROJ-9585,Tacna,Business Proc,129,144,34830,73249,37637,35612,25,14,PM_SOTO,SRV-NODE-4
ERP-01862,PROJ-6287,Lima,Audiovisual,67,86,20234,44000,23700,20300,43,49,PM_RIVAS,SRV-NODE-4
ERP-01863,PROJ-5889,Piura,Business Proc,97,99,40740,73028,47233,25795,39,24,PM_SOTO,SRV-NODE-10
ERP-01864,PROJ-8449,Iquitos,Videoconference,58,76,23548,38980,32811,6169,19,31,PM_MEZA,SRV-NODE-4
ERP-01865,PROJ-5129,Cajamarca,Business Proc,40,53,20400,38343,25294,13049,37,5,PM_MEZA,SRV-NODE-4
ERP-01866,PROJ-3629,Trujillo,Audiovisual,73,77,18980,35412,22021,13391,19,31,PM_VEGA,SRV-NODE-9
ERP-01867,PROJ-3086,Lima,Business Proc,29,29,9918,21296,10111,11185,7,12,PM_MEZA,SRV-NODE-7
ERP-01868,PROJ-6737,Lima,Audiovisual,169,182,85176,172786,98223,74563,50,12,PM_RIVAS,SRV-NODE-6
ERP-01869,PROJ-9846,Cusco,Videoconference,180,202,102060,208812,139762,69050,13,11,PM_MEZA,SRV-NODE-9
ERP-01870,PROJ-1243,Cusco,Audiovisual,113,150,57178,110543,64103,46440,21,10,PM_MEZA,SRV-NODE-4
ERP-01871,PROJ-9989,Iquitos,Audiovisual,90,118,28890,46882,29117,17765,14,14,PM_SOTO,SRV-NODE-9
ERP-01872,PROJ-5568,Cajamarca,Business Proc,161,184,76314,134626,96020,38606,24,26,PM_RIVAS,SRV-NODE-5
ERP-01873,PROJ-1289,Cusco,Business Proc,87,104,37410,78227,42192,36035,4,6,PM_MEZA,SRV-NODE-5
ERP-01874,PROJ-8194,Huancayo,Videoconference,22,26,12496,23613,14728,8885,45,12,PM_MEZA,SRV-NODE-3
ERP-01875,PROJ-7119,Huancayo,Project Mgmt,140,142,51800,97564,59778,37786,23,21,PM_SOTO,SRV-NODE-4
ERP-01876,PROJ-2492,Huancayo,Videoconference,123,152,31857,55937,34016,21921,38,17,PM_VEGA,SRV-NODE-5
ERP-01877,PROJ-1518,Trujillo,Business Proc,38,46,8208,14383,8576,5807,35,29,PM_PEREZ,SRV-NODE-10
ERP-01878,PROJ-9865,Puno,Videoconference,180,216,51660,103393,53093,50300,26,29,PM_RIVAS,SRV-NODE-1
ERP-01879,PROJ-3039,Arequipa,Project Mgmt,102,109,32742,61672,38454,23218,34,23,PM_MEZA,SRV-NODE-6
ERP-01880,PROJ-2305,Huancayo,Videoconference,50,66,25400,46920,27291,19629,33,22,PM_VEGA,SRV-NODE-10
ERP-01881,PROJ-8539,Cajamarca,Project Mgmt,137,184,68500,111980,90960,21020,12,3,PM_SOTO,SRV-NODE-2
ERP-01882,PROJ-4061,Cusco,Videoconference,154,168,45892,83542,46531,37011,15,11,PM_PEREZ,SRV-NODE-10
ERP-01883,PROJ-8167,Cusco,Videoconference,75,77,33675,54920,41563,13357,44,31,PM_SOTO,SRV-NODE-1
ERP-01884,PROJ-8021,Iquitos,Audiovisual,170,209,43010,72002,50433,21569,21,14,PM_VEGA,SRV-NODE-6
ERP-01885,PROJ-8257,Cusco,Audiovisual,99,111,28017,48022,32912,15110,30,11,PM_RIVAS,SRV-NODE-9
ERP-01886,PROJ-5704,Cajamarca,Audiovisual,68,74,31484,66220,41646,24574,39,5,PM_VEGA,SRV-NODE-5
ERP-01887,PROJ-4501,Cusco,Project Mgmt,101,105,28684,50300,36989,13311,17,13,PM_PEREZ,SRV-NODE-2
ERP-01888,PROJ-8818,Cusco,Audiovisual,27,34,12933,22104,13447,8657,34,9,PM_SOTO,SRV-NODE-3
ERP-01889,PROJ-3842,Arequipa,Project Mgmt,50,64,23250,38975,24545,14430,28,47,PM_MEZA,SRV-NODE-9
ERP-01890,PROJ-7089,Arequipa,Project Mgmt,25,29,10525,22646,13141,9505,28,24,PM_SOTO,SRV-NODE-8
ERP-01891,PROJ-4158,Tacna,Audiovisual,107,127,39804,85935,47191,38744,31,36,PM_RIVAS,SRV-NODE-3
ERP-01892,PROJ-1637,Cajamarca,Project Mgmt,22,24,11198,24158,11954,12204,38,3,PM_MEZA,SRV-NODE-9
ERP-01893,PROJ-5219,Puno,Videoconference,152,154,70072,137360,73193,64167,27,27,PM_RIVAS,SRV-NODE-9
ERP-01894,PROJ-4215,Huancayo,Audiovisual,153,163,50337,101954,51635,50319,28,18,PM_MEZA,SRV-NODE-1
ERP-01895,PROJ-4057,Puno,Videoconference,21,24,4263,8711,5099,3612,33,32,PM_SOTO,SRV-NODE-3
ERP-01896,PROJ-1154,Cajamarca,Audiovisual,116,144,45124,87423,55701,31722,27,43,PM_RIVAS,SRV-NODE-5
ERP-01897,PROJ-9719,Tacna,Business Proc,32,34,17024,31815,18199,13616,38,66,PM_VEGA,SRV-NODE-7
ERP-01898,PROJ-2955,Lima,Project Mgmt,168,222,56448,122357,63352,59005,21,13,PM_VEGA,SRV-NODE-10
ERP-01899,PROJ-4464,Trujillo,Audiovisual,168,212,65688,113313,65966,47347,19,14,PM_VEGA,SRV-NODE-8
ERP-01900,PROJ-3445,Lima,Business Proc,126,155,57582,106430,64945,41485,28,36,PM_MEZA,SRV-NODE-9
ERP-01901,PROJ-2921,Tacna,Videoconference,175,185,59325,105588,61808,43780,28,26,PM_VEGA,SRV-NODE-5
ERP-01902,PROJ-3755,Tacna,Audiovisual,47,50,21291,38807,29512,9295,31,35,PM_MEZA,SRV-NODE-5
ERP-01903,PROJ-4235,Puno,Videoconference,76,76,45372,85901,57130,28771,48,66,PM_VEGA,SRV-NODE-8
ERP-01904,PROJ-1156,Puno,Business Proc,52,62,16224,32343,20757,11586,11,5,PM_RIVAS,SRV-NODE-2
ERP-01905,PROJ-5565,Tacna,Project Mgmt,71,75,32447,58498,43445,15053,5,4,PM_VEGA,SRV-NODE-1
ERP-01906,PROJ-4552,Tacna,Project Mgmt,138,139,61410,107931,65221,42710,34,7,PM_PEREZ,SRV-NODE-2
ERP-01907,PROJ-5195,Puno,Audiovisual,20,26,6980,12445,9570,2875,33,35,PM_RIVAS,SRV-NODE-5
ERP-01908,PROJ-5081,Huancayo,Videoconference,139,174,56156,91071,73003,18068,45,65,PM_VEGA,SRV-NODE-9
ERP-01909,PROJ-8295,Cusco,Audiovisual,167,174,48096,80806,61474,19332,11,19,PM_PEREZ,SRV-NODE-10
ERP-01910,PROJ-9916,Iquitos,Videoconference,69,82,35190,63448,46964,16484,5,7,PM_VEGA,SRV-NODE-6
ERP-01911,PROJ-7947,Piura,Business Proc,23,24,11224,21713,15656,6057,22,17,PM_PEREZ,SRV-NODE-1
ERP-01912,PROJ-2969,Arequipa,Videoconference,46,61,19044,37717,22188,15529,22,2,PM_SOTO,SRV-NODE-7
ERP-01913,PROJ-6450,Cusco,Business Proc,126,133,63756,117485,77657,39828,10,10,PM_SOTO,SRV-NODE-5
ERP-01914,PROJ-8428,Cajamarca,Business Proc,172,202,45064,77428,48481,28947,29,28,PM_PEREZ,SRV-NODE-10
ERP-01915,PROJ-3323,Trujillo,Audiovisual,58,77,26854,45641,28947,16694,20,26,PM_VEGA,SRV-NODE-8
ERP-01916,PROJ-3657,Tacna,Audiovisual,60,71,34620,74707,46708,27999,42,6,PM_MEZA,SRV-NODE-8
ERP-01917,PROJ-8561,Cajamarca,Project Mgmt,180,240,79380,146660,94296,52364,17,29,PM_MEZA,SRV-NODE-6
ERP-01918,PROJ-4780,Iquitos,Audiovisual,130,159,40430,86833,50577,36256,10,17,PM_SOTO,SRV-NODE-2
ERP-01919,PROJ-5098,Arequipa,Project Mgmt,118,152,53218,92778,73126,19652,39,39,PM_VEGA,SRV-NODE-10
ERP-01920,PROJ-8794,Lima,Business Proc,173,221,91171,150535,98943,51592,12,8,PM_RIVAS,SRV-NODE-8
ERP-01921,PROJ-1473,Piura,Videoconference,67,74,24120,49533,28179,21354,23,36,PM_PEREZ,SRV-NODE-7
ERP-01922,PROJ-6681,Huancayo,Project Mgmt,81,90,19278,35467,25469,9998,45,29,PM_VEGA,SRV-NODE-3
ERP-01923,PROJ-2425,Huancayo,Business Proc,28,31,8568,17825,9772,8053,38,16,PM_SOTO,SRV-NODE-8
ERP-01924,PROJ-7575,Tacna,Audiovisual,20,22,4240,7814,4387,3427,32,6,PM_RIVAS,SRV-NODE-9
ERP-01925,PROJ-5546,Huancayo,Audiovisual,130,155,32110,67067,33461,33606,4,2,PM_PEREZ,SRV-NODE-3
ERP-01926,PROJ-3659,Arequipa,Business Proc,99,124,45441,91187,47137,44050,10,10,PM_SOTO,SRV-NODE-1
ERP-01927,PROJ-6156,Huancayo,Audiovisual,154,192,90090,153462,112306,41156,44,31,PM_MEZA,SRV-NODE-9
ERP-01928,PROJ-9447,Iquitos,Audiovisual,20,25,6200,10794,6370,4424,39,13,PM_VEGA,SRV-NODE-9
ERP-01929,PROJ-2755,Cajamarca,Videoconference,125,165,35000,58823,42546,16277,26,30,PM_RIVAS,SRV-NODE-9
ERP-01930,PROJ-7378,Trujillo,Videoconference,123,142,55719,116988,70451,46537,31,49,PM_RIVAS,SRV-NODE-6
ERP-01931,PROJ-6703,Puno,Videoconference,52,61,22100,46509,23078,23431,24,18,PM_MEZA,SRV-NODE-7
ERP-01932,PROJ-5250,Iquitos,Project Mgmt,121,149,29040,63588,33741,29847,4,0,PM_SOTO,SRV-NODE-3
ERP-01933,PROJ-8029,Arequipa,Project Mgmt,49,54,18571,32800,23853,8947,48,56,PM_RIVAS,SRV-NODE-4
ERP-01934,PROJ-1578,Iquitos,Audiovisual,107,134,24610,48800,26310,22490,20,30,PM_MEZA,SRV-NODE-4
ERP-01935,PROJ-2408,Iquitos,Videoconference,58,61,28362,45979,32147,13832,26,25,PM_MEZA,SRV-NODE-5
ERP-01936,PROJ-7303,Arequipa,Audiovisual,93,112,53103,107401,60196,47205,50,52,PM_SOTO,SRV-NODE-10
ERP-01937,PROJ-7612,Cusco,Business Proc,150,181,78150,139799,108862,30937,12,15,PM_PEREZ,SRV-NODE-8
ERP-01938,PROJ-4517,Huancayo,Project Mgmt,151,201,39109,67556,52165,15391,31,27,PM_VEGA,SRV-NODE-2
ERP-01939,PROJ-9201,Cusco,Business Proc,151,153,66138,115772,66527,49245,23,38,PM_PEREZ,SRV-NODE-10
ERP-01940,PROJ-7181,Cusco,Business Proc,171,208,93024,170724,130014,40710,28,35,PM_VEGA,SRV-NODE-5
ERP-01941,PROJ-5383,Lima,Audiovisual,34,45,13260,23749,18514,5235,38,34,PM_PEREZ,SRV-NODE-6
ERP-01942,PROJ-9701,Iquitos,Project Mgmt,98,131,30478,49869,31098,18771,44,8,PM_RIVAS,SRV-NODE-10
ERP-01943,PROJ-1399,Arequipa,Project Mgmt,129,150,65790,117284,71851,45433,22,2,PM_MEZA,SRV-NODE-1
ERP-01944,PROJ-1944,Piura,Project Mgmt,150,155,78900,136656,82400,54256,3,0,PM_VEGA,SRV-NODE-4
ERP-01945,PROJ-6568,Puno,Business Proc,31,33,13981,27877,15671,12206,7,9,PM_VEGA,SRV-NODE-9
ERP-01946,PROJ-4134,Tacna,Project Mgmt,31,41,16740,33690,17941,15749,31,41,PM_SOTO,SRV-NODE-8
ERP-01947,PROJ-8666,Trujillo,Project Mgmt,156,203,59592,110306,76826,33480,41,54,PM_VEGA,SRV-NODE-6
ERP-01948,PROJ-7984,Trujillo,Business Proc,61,73,32269,51925,42141,9784,46,10,PM_MEZA,SRV-NODE-6
ERP-01949,PROJ-5361,Lima,Project Mgmt,152,181,70072,153290,83810,69480,37,46,PM_MEZA,SRV-NODE-2
ERP-01950,PROJ-9327,Cajamarca,Videoconference,81,93,32481,67174,44004,23170,11,16,PM_PEREZ,SRV-NODE-5
ERP-01951,PROJ-4333,Piura,Project Mgmt,128,170,67456,117841,88554,29287,5,7,PM_VEGA,SRV-NODE-4
ERP-01952,PROJ-7150,Piura,Business Proc,136,136,34680,73691,42757,30934,10,13,PM_RIVAS,SRV-NODE-8
ERP-01953,PROJ-2980,Tacna,Business Proc,22,26,6468,11822,7379,4443,23,41,PM_SOTO,SRV-NODE-5
ERP-01954,PROJ-4007,Iquitos,Project Mgmt,147,198,88053,143496,107698,35798,23,30,PM_VEGA,SRV-NODE-1
ERP-01955,PROJ-2762,Huancayo,Audiovisual,49,57,20335,40424,21088,19336,43,19,PM_PEREZ,SRV-NODE-1
ERP-01956,PROJ-5517,Puno,Videoconference,128,153,49792,90309,54869,35440,29,5,PM_MEZA,SRV-NODE-1
ERP-01957,PROJ-3693,Arequipa,Audiovisual,121,125,55418,100953,73175,27778,47,74,PM_PEREZ,SRV-NODE-8
ERP-01958,PROJ-4304,Arequipa,Audiovisual,73,96,18177,37844,20656,17188,17,5,PM_MEZA,SRV-NODE-10
ERP-01959,PROJ-7981,Huancayo,Business Proc,96,109,19392,36765,21080,15685,15,25,PM_RIVAS,SRV-NODE-5
ERP-01960,PROJ-5359,Cusco,Videoconference,106,138,41764,84534,52218,32316,18,18,PM_VEGA,SRV-NODE-2
ERP-01961,PROJ-2808,Arequipa,Project Mgmt,144,146,82224,136319,90195,46124,32,38,PM_SOTO,SRV-NODE-10
ERP-01962,PROJ-3087,Cusco,Business Proc,48,62,22464,41744,23013,18731,34,37,PM_RIVAS,SRV-NODE-7
ERP-01963,PROJ-9787,Tacna,Project Mgmt,45,51,26190,53080,34141,18939,21,15,PM_RIVAS,SRV-NODE-9
ERP-01964,PROJ-1183,Piura,Business Proc,59,73,27258,54102,35977,18125,10,10,PM_VEGA,SRV-NODE-1
ERP-01965,PROJ-3964,Trujillo,Project Mgmt,77,81,25872,44307,36039,8268,43,75,PM_SOTO,SRV-NODE-3
ERP-01966,PROJ-5833,Iquitos,Videoconference,150,194,52500,100644,65100,35544,29,27,PM_VEGA,SRV-NODE-3
ERP-01967,PROJ-7318,Lima,Audiovisual,94,95,43804,72237,57411,14826,36,29,PM_SOTO,SRV-NODE-4
ERP-01968,PROJ-9854,Arequipa,Audiovisual,93,118,36363,59050,46909,12141,8,14,PM_RIVAS,SRV-NODE-5
ERP-01969,PROJ-7028,Huancayo,Videoconference,103,127,31003,60223,35070,25153,43,28,PM_SOTO,SRV-NODE-9
ERP-01970,PROJ-1707,Tacna,Project Mgmt,85,106,22525,46860,27193,19667,9,7,PM_PEREZ,SRV-NODE-6
ERP-01971,PROJ-2083,Arequipa,Business Proc,147,181,35427,69435,40239,29196,6,0,PM_RIVAS,SRV-NODE-8
ERP-01972,PROJ-6418,Arequipa,Project Mgmt,147,147,66003,144562,84892,59670,33,59,PM_SOTO,SRV-NODE-7
ERP-01973,PROJ-3922,Lima,Videoconference,61,65,28914,59896,31356,28540,28,21,PM_RIVAS,SRV-NODE-1
ERP-01974,PROJ-8475,Arequipa,Videoconference,78,90,26754,51833,36015,15818,5,1,PM_PEREZ,SRV-NODE-7
ERP-01975,PROJ-5981,Cajamarca,Business Proc,35,47,18865,39259,25975,13284,39,48,PM_VEGA,SRV-NODE-7
ERP-01976,PROJ-8162,Piura,Project Mgmt,137,169,39593,82993,52194,30799,20,17,PM_MEZA,SRV-NODE-9
ERP-01977,PROJ-7002,Cusco,Business Proc,32,42,16768,28362,21008,7354,19,8,PM_VEGA,SRV-NODE-10
ERP-01978,PROJ-5148,Huancayo,Project Mgmt,38,48,17480,35996,20637,15359,37,10,PM_RIVAS,SRV-NODE-1
ERP-01979,PROJ-5241,Iquitos,Audiovisual,175,230,69125,121965,81435,40530,46,78,PM_SOTO,SRV-NODE-5
ERP-01980,PROJ-6222,Tacna,Audiovisual,55,64,11935,23360,14786,8574,48,8,PM_PEREZ,SRV-NODE-5
ERP-01981,PROJ-3271,Tacna,Project Mgmt,101,114,44541,74128,58602,15526,13,14,PM_PEREZ,SRV-NODE-5
ERP-01982,PROJ-2370,Arequipa,Business Proc,71,72,32802,63670,36325,27345,22,17,PM_RIVAS,SRV-NODE-8
ERP-01983,PROJ-5722,Tacna,Project Mgmt,81,102,45603,80833,53588,27245,43,26,PM_RIVAS,SRV-NODE-4
ERP-01984,PROJ-2170,Cusco,Audiovisual,36,46,11880,22199,14342,7857,41,13,PM_MEZA,SRV-NODE-6
ERP-01985,PROJ-4675,Cusco,Videoconference,84,108,29232,48438,38741,9697,29,27,PM_MEZA,SRV-NODE-6
ERP-01986,PROJ-9090,Cusco,Project Mgmt,46,54,26266,44728,28539,16189,30,52,PM_PEREZ,SRV-NODE-6
ERP-01987,PROJ-7095,Cusco,Audiovisual,171,202,41211,73554,41621,31933,44,33,PM_SOTO,SRV-NODE-8
ERP-01988,PROJ-1454,Trujillo,Videoconference,45,55,14265,27287,15511,11776,33,42,PM_PEREZ,SRV-NODE-3
ERP-01989,PROJ-2625,Iquitos,Business Proc,56,64,23800,45877,26832,19045,4,2,PM_VEGA,SRV-NODE-10
ERP-01990,PROJ-9103,Iquitos,Business Proc,81,108,35640,77595,41485,36110,18,25,PM_RIVAS,SRV-NODE-9
ERP-01991,PROJ-7168,Tacna,Project Mgmt,130,166,26260,50941,34246,16695,40,36,PM_MEZA,SRV-NODE-2
ERP-01992,PROJ-1112,Cajamarca,Audiovisual,166,211,35192,73245,43886,29359,36,31,PM_PEREZ,SRV-NODE-1
ERP-01993,PROJ-5363,Puno,Audiovisual,24,30,9936,19770,13630,6140,22,3,PM_PEREZ,SRV-NODE-2
ERP-01994,PROJ-2881,Cusco,Audiovisual,129,144,42054,80616,44657,35959,22,26,PM_MEZA,SRV-NODE-10
ERP-01995,PROJ-4883,Arequipa,Videoconference,44,57,18876,41301,22582,18719,42,70,PM_MEZA,SRV-NODE-7
ERP-01996,PROJ-4757,Tacna,Audiovisual,101,122,25250,42090,34990,7100,22,6,PM_RIVAS,SRV-NODE-9
ERP-01997,PROJ-9990,Cajamarca,Project Mgmt,74,88,41884,73573,57914,15659,4,5,PM_PEREZ,SRV-NODE-8
ERP-01998,PROJ-2100,Lima,Videoconference,121,150,67397,114285,92472,21813,29,23,PM_MEZA,SRV-NODE-1
ERP-01999,PROJ-3564,Cusco,Audiovisual,148,198,48692,82905,54301,28604,9,3,PM_VEGA,SRV-NODE-7
ERP-02000,PROJ-3952,Iquitos,Project Mgmt,124,145,62496,128021,83582,44439,24,28,PM_RIVAS,SRV-NODE-8
ERP-02001,PROJ-4736,Huancayo,Project Mgmt,77,88,30954,50555,39598,10957,40,50,PM_MEZA,SRV-NODE-8
ERP-02002,PROJ-4318,Puno,Business Proc,117,149,35802,71981,39190,32791,40,20,PM_PEREZ,SRV-NODE-8
ERP-02003,PROJ-2974,Iquitos,Business Proc,21,21,10437,18866,13414,5452,26,24,PM_RIVAS,SRV-NODE-8
ERP-02004,PROJ-6330,Cajamarca,Audiovisual,25,33,8450,14841,10139,4702,34,60,PM_MEZA,SRV-NODE-10
ERP-02005,PROJ-8692,Arequipa,Audiovisual,22,29,7414,16013,9458,6555,4,3,PM_MEZA,SRV-NODE-5
ERP-02006,PROJ-7456,Puno,Audiovisual,66,75,35376,66024,43844,22180,31,43,PM_RIVAS,SRV-NODE-7
ERP-02007,PROJ-8228,Arequipa,Videoconference,85,106,49385,97421,52277,45144,32,15,PM_MEZA,SRV-NODE-6
ERP-02008,PROJ-1421,Cusco,Audiovisual,127,144,71628,139605,73176,66429,15,20,PM_PEREZ,SRV-NODE-3
ERP-02009,PROJ-1608,Iquitos,Project Mgmt,134,169,43014,93648,52648,41000,37,5,PM_SOTO,SRV-NODE-6
ERP-02010,PROJ-5279,Lima,Audiovisual,108,135,64152,133771,66342,67429,40,47,PM_MEZA,SRV-NODE-1
ERP-02011,PROJ-6873,Arequipa,Videoconference,45,59,15300,26721,15632,11089,17,2,PM_SOTO,SRV-NODE-4
ERP-02012,PROJ-7622,Piura,Videoconference,67,67,37319,69987,44229,25758,47,61,PM_VEGA,SRV-NODE-10
ERP-02013,PROJ-6103,Arequipa,Project Mgmt,59,60,34043,73876,47159,26717,32,13,PM_MEZA,SRV-NODE-6
ERP-02014,PROJ-1763,Puno,Audiovisual,50,55,26050,42825,29132,13693,39,30,PM_PEREZ,SRV-NODE-3
ERP-02015,PROJ-7722,Puno,Business Proc,139,183,82844,144338,115084,29254,27,29,PM_RIVAS,SRV-NODE-1
ERP-02016,PROJ-7294,Huancayo,Videoconference,54,68,11070,18774,11539,7235,17,10,PM_VEGA,SRV-NODE-5
ERP-02017,PROJ-2859,Tacna,Project Mgmt,147,163,42336,90959,51052,39907,8,4,PM_MEZA,SRV-NODE-1
ERP-02018,PROJ-1949,Arequipa,Project Mgmt,160,211,83680,155846,88132,67714,47,36,PM_PEREZ,SRV-NODE-4
ERP-02019,PROJ-9495,Tacna,Business Proc,33,40,11682,25465,13019,12446,9,11,PM_RIVAS,SRV-NODE-9
ERP-02020,PROJ-8382,Arequipa,Audiovisual,86,100,32938,57455,39165,18290,41,52,PM_PEREZ,SRV-NODE-9
ERP-02021,PROJ-9816,Tacna,Project Mgmt,75,85,41550,67350,57149,10201,29,24,PM_RIVAS,SRV-NODE-9
ERP-02022,PROJ-3310,Iquitos,Videoconference,74,74,30266,59789,33528,26261,44,16,PM_MEZA,SRV-NODE-7
ERP-02023,PROJ-9695,Cajamarca,Project Mgmt,163,190,88020,176754,113452,63302,15,20,PM_VEGA,SRV-NODE-5
ERP-02024,PROJ-7564,Piura,Project Mgmt,98,130,35966,62130,50026,12104,46,73,PM_VEGA,SRV-NODE-7
ERP-02025,PROJ-6579,Puno,Audiovisual,163,169,76121,139045,94129,44916,31,32,PM_SOTO,SRV-NODE-5
ERP-02026,PROJ-6937,Cusco,Audiovisual,80,89,33600,56065,34392,21673,27,16,PM_SOTO,SRV-NODE-5
ERP-02027,PROJ-8151,Trujillo,Business Proc,56,57,21504,35764,22582,13182,25,22,PM_PEREZ,SRV-NODE-10
ERP-02028,PROJ-4316,Puno,Videoconference,40,51,23280,41925,23706,18219,9,4,PM_VEGA,SRV-NODE-3
ERP-02029,PROJ-3193,Tacna,Business Proc,108,143,44712,94885,60854,34031,33,27,PM_RIVAS,SRV-NODE-9
ERP-02030,PROJ-6615,Puno,Business Proc,30,36,11790,19488,15224,4264,26,42,PM_RIVAS,SRV-NODE-7
ERP-02031,PROJ-4489,Piura,Business Proc,123,135,57933,106163,73352,32811,36,31,PM_SOTO,SRV-NODE-4
ERP-02032,PROJ-5991,Cusco,Audiovisual,149,180,85526,139312,105130,34182,10,6,PM_RIVAS,SRV-NODE-8
ERP-02033,PROJ-4178,Tacna,Business Proc,133,169,50407,106866,67807,39059,39,61,PM_PEREZ,SRV-NODE-1
ERP-02034,PROJ-3612,Puno,Project Mgmt,115,139,23805,45477,26103,19374,25,2,PM_RIVAS,SRV-NODE-8
ERP-02035,PROJ-6917,Tacna,Business Proc,100,127,50700,108095,55406,52689,4,0,PM_VEGA,SRV-NODE-4
ERP-02036,PROJ-8409,Iquitos,Audiovisual,99,119,34848,56911,39576,17335,17,3,PM_MEZA,SRV-NODE-9
ERP-02037,PROJ-5303,Piura,Audiovisual,96,101,28704,50360,30874,19486,40,39,PM_SOTO,SRV-NODE-8
ERP-02038,PROJ-6001,Cajamarca,Business Proc,133,136,37905,61016,39175,21841,25,6,PM_MEZA,SRV-NODE-6
ERP-02039,PROJ-7968,Puno,Videoconference,47,53,26555,55756,31645,24111,35,26,PM_RIVAS,SRV-NODE-8
ERP-02040,PROJ-3192,Iquitos,Business Proc,58,59,21924,35532,24566,10966,23,7,PM_MEZA,SRV-NODE-5
ERP-02041,PROJ-4756,Piura,Audiovisual,159,188,71550,150604,87905,62699,32,36,PM_RIVAS,SRV-NODE-3
ERP-02042,PROJ-6563,Cajamarca,Project Mgmt,44,46,26356,52460,28518,23942,16,17,PM_MEZA,SRV-NODE-1
ERP-02043,PROJ-4850,Piura,Business Proc,102,111,21828,42591,27456,15135,9,9,PM_VEGA,SRV-NODE-10
ERP-02044,PROJ-8072,Arequipa,Videoconference,178,185,66216,128801,90924,37877,11,1,PM_MEZA,SRV-NODE-10
ERP-02045,PROJ-2824,Cajamarca,Project Mgmt,33,34,19635,38852,26303,12549,34,13,PM_PEREZ,SRV-NODE-10
ERP-02046,PROJ-7876,Trujillo,Business Proc,32,33,16704,35374,17327,18047,36,60,PM_VEGA,SRV-NODE-7
ERP-02047,PROJ-7442,Lima,Videoconference,83,101,32453,70969,40667,30302,47,73,PM_PEREZ,SRV-NODE-1
ERP-02048,PROJ-8453,Huancayo,Videoconference,152,178,55480,102591,73214,29377,38,38,PM_RIVAS,SRV-NODE-9
ERP-02049,PROJ-9506,Huancayo,Videoconference,150,168,58800,111171,61726,49445,4,0,PM_MEZA,SRV-NODE-2
ERP-02050,PROJ-5376,Iquitos,Project Mgmt,115,142,61640,104689,77021,27668,34,4,PM_SOTO,SRV-NODE-6
ERP-02051,PROJ-3456,Iquitos,Audiovisual,64,67,28352,50778,36937,13841,38,53,PM_VEGA,SRV-NODE-8
ERP-02052,PROJ-5577,Puno,Videoconference,61,66,12749,25497,15045,10452,36,41,PM_PEREZ,SRV-NODE-6
ERP-02053,PROJ-6135,Lima,Audiovisual,144,160,73152,158163,78799,79364,10,9,PM_RIVAS,SRV-NODE-7
ERP-02054,PROJ-4879,Iquitos,Business Proc,149,166,77033,128979,97863,31116,31,22,PM_PEREZ,SRV-NODE-1
ERP-02055,PROJ-1411,Trujillo,Business Proc,40,52,20720,43576,27568,16008,35,50,PM_PEREZ,SRV-NODE-4
ERP-02056,PROJ-9350,Tacna,Business Proc,139,146,44897,75160,46097,29063,4,5,PM_RIVAS,SRV-NODE-2
ERP-02057,PROJ-5486,Trujillo,Audiovisual,64,83,37184,69699,51919,17780,41,24,PM_VEGA,SRV-NODE-4
ERP-02058,PROJ-7321,Lima,Business Proc,28,35,7308,13519,8975,4544,14,16,PM_MEZA,SRV-NODE-3
ERP-02059,PROJ-3008,Huancayo,Videoconference,103,103,34093,63177,38139,25038,49,76,PM_VEGA,SRV-NODE-5
ERP-02060,PROJ-1948,Arequipa,Project Mgmt,30,30,13230,21687,14578,7109,44,6,PM_VEGA,SRV-NODE-8
ERP-02061,PROJ-7756,Tacna,Videoconference,124,143,67704,138043,71502,66541,4,5,PM_VEGA,SRV-NODE-8
ERP-02062,PROJ-2451,Puno,Project Mgmt,150,170,49200,91573,50771,40802,43,57,PM_SOTO,SRV-NODE-5
ERP-02063,PROJ-5149,Iquitos,Audiovisual,72,75,41256,68855,44297,24558,41,5,PM_RIVAS,SRV-NODE-1
ERP-02064,PROJ-1372,Arequipa,Audiovisual,50,59,16450,26418,20585,5833,23,25,PM_VEGA,SRV-NODE-2
ERP-02065,PROJ-3356,Huancayo,Business Proc,52,55,14508,30100,19853,10247,34,13,PM_VEGA,SRV-NODE-2
ERP-02066,PROJ-3485,Trujillo,Videoconference,67,70,26934,50201,29461,20740,40,58,PM_PEREZ,SRV-NODE-7
ERP-02067,PROJ-4721,Iquitos,Videoconference,133,179,72352,157900,82443,75457,3,3,PM_VEGA,SRV-NODE-7
ERP-02068,PROJ-4590,Cajamarca,Project Mgmt,134,158,64052,121805,76952,44853,8,13,PM_VEGA,SRV-NODE-1
ERP-02069,PROJ-5903,Puno,Business Proc,166,170,73040,134978,99096,35882,47,6,PM_VEGA,SRV-NODE-4
ERP-02070,PROJ-9121,Tacna,Audiovisual,159,205,70596,137923,89008,48915,46,25,PM_PEREZ,SRV-NODE-4
ERP-02071,PROJ-8255,Cajamarca,Project Mgmt,164,170,93644,177912,107803,70109,45,49,PM_VEGA,SRV-NODE-3
ERP-02072,PROJ-4174,Lima,Business Proc,177,235,58941,118909,64195,54714,4,2,PM_SOTO,SRV-NODE-1
ERP-02073,PROJ-3891,Cajamarca,Videoconference,39,39,8697,18471,11739,6732,39,16,PM_PEREZ,SRV-NODE-2
ERP-02074,PROJ-6068,Cajamarca,Business Proc,73,82,37741,66888,39260,27628,8,5,PM_SOTO,SRV-NODE-8
ERP-02075,PROJ-7990,Tacna,Videoconference,49,59,13916,23640,19256,4384,7,1,PM_VEGA,SRV-NODE-5
ERP-02076,PROJ-3337,Iquitos,Business Proc,60,67,30900,61863,34885,26978,30,5,PM_VEGA,SRV-NODE-9
ERP-02077,PROJ-7118,Iquitos,Audiovisual,21,24,4410,8892,5409,3483,43,43,PM_RIVAS,SRV-NODE-10
ERP-02078,PROJ-9849,Cusco,Project Mgmt,62,76,36146,67400,45181,22219,29,42,PM_VEGA,SRV-NODE-4
ERP-02079,PROJ-6673,Cusco,Videoconference,46,50,25990,53339,33107,20232,8,6,PM_MEZA,SRV-NODE-4
ERP-02080,PROJ-4651,Puno,Business Proc,136,157,67320,136423,69385,67038,4,2,PM_VEGA,SRV-NODE-6
ERP-02081,PROJ-6789,Tacna,Business Proc,68,76,38896,64454,40547,23907,10,6,PM_SOTO,SRV-NODE-2
ERP-02082,PROJ-4879,Lima,Project Mgmt,59,75,16166,31955,22411,9544,33,36,PM_SOTO,SRV-NODE-10
ERP-02083,PROJ-7700,Iquitos,Videoconference,132,135,61908,122973,82417,40556,38,29,PM_VEGA,SRV-NODE-10
ERP-02084,PROJ-6452,Iquitos,Project Mgmt,84,111,19404,42602,24857,17745,14,4,PM_VEGA,SRV-NODE-1
ERP-02085,PROJ-2726,Cajamarca,Project Mgmt,104,110,25480,51932,34549,17383,37,10,PM_MEZA,SRV-NODE-7
ERP-02086,PROJ-4990,Trujillo,Videoconference,157,161,54636,102365,64107,38258,24,34,PM_VEGA,SRV-NODE-1
ERP-02087,PROJ-4225,Piura,Business Proc,41,54,20623,33626,28322,5304,43,40,PM_VEGA,SRV-NODE-6
ERP-02088,PROJ-2763,Lima,Business Proc,46,53,21896,47297,29607,17690,17,7,PM_PEREZ,SRV-NODE-8
ERP-02089,PROJ-2398,Iquitos,Audiovisual,116,142,53476,97801,73559,24242,13,21,PM_SOTO,SRV-NODE-5
ERP-02090,PROJ-6223,Tacna,Business Proc,113,115,34013,56543,44019,12524,30,16,PM_VEGA,SRV-NODE-3
ERP-02091,PROJ-2111,Tacna,Project Mgmt,144,161,63360,109201,77797,31404,35,51,PM_PEREZ,SRV-NODE-1
ERP-02092,PROJ-3678,Iquitos,Business Proc,51,52,29019,51922,32532,19390,8,2,PM_PEREZ,SRV-NODE-3
ERP-02093,PROJ-9341,Trujillo,Audiovisual,112,144,32480,55048,45139,9909,24,24,PM_VEGA,SRV-NODE-5
ERP-02094,PROJ-2614,Cusco,Business Proc,168,216,100296,167862,123488,44374,10,7,PM_SOTO,SRV-NODE-7
ERP-02095,PROJ-7619,Piura,Business Proc,164,181,44116,73679,47578,26101,3,1,PM_PEREZ,SRV-NODE-6
ERP-02096,PROJ-6022,Arequipa,Audiovisual,132,150,69300,136554,69768,66786,50,86,PM_SOTO,SRV-NODE-3
ERP-02097,PROJ-9530,Cusco,Videoconference,173,186,87711,141160,100176,40984,49,24,PM_SOTO,SRV-NODE-2
ERP-02098,PROJ-2740,Cusco,Project Mgmt,178,230,90958,191656,97082,94574,48,12,PM_RIVAS,SRV-NODE-10
ERP-02099,PROJ-2043,Tacna,Audiovisual,70,92,36470,78909,49928,28981,31,41,PM_MEZA,SRV-NODE-5
ERP-02100,PROJ-4572,Cajamarca,Audiovisual,105,117,47670,89491,60075,29416,5,6,PM_SOTO,SRV-NODE-9
ERP-02101,PROJ-5295,Puno,Audiovisual,20,24,5180,10270,6523,3747,37,17,PM_VEGA,SRV-NODE-8
ERP-02102,PROJ-2935,Puno,Project Mgmt,109,113,57879,94157,63700,30457,18,5,PM_SOTO,SRV-NODE-2
ERP-02103,PROJ-6245,Arequipa,Business Proc,111,117,65823,121400,91693,29707,8,9,PM_SOTO,SRV-NODE-6
ERP-02104,PROJ-7187,Cusco,Videoconference,25,28,13675,25533,16292,9241,36,35,PM_MEZA,SRV-NODE-4
ERP-02105,PROJ-6783,Cusco,Project Mgmt,20,22,10480,20784,13359,7425,16,18,PM_MEZA,SRV-NODE-8
ERP-02106,PROJ-2847,Lima,Videoconference,67,72,18760,35730,22293,13437,19,27,PM_PEREZ,SRV-NODE-3
ERP-02107,PROJ-6090,Huancayo,Videoconference,62,79,24986,49309,25613,23696,19,19,PM_SOTO,SRV-NODE-1
ERP-02108,PROJ-9835,Arequipa,Business Proc,173,212,76466,150089,84661,65428,18,14,PM_SOTO,SRV-NODE-1
ERP-02109,PROJ-1467,Cajamarca,Audiovisual,87,92,48285,99485,62431,37054,16,8,PM_VEGA,SRV-NODE-7
ERP-02110,PROJ-5008,Iquitos,Project Mgmt,97,115,43359,89986,59283,30703,45,39,PM_VEGA,SRV-NODE-5
ERP-02111,PROJ-6119,Huancayo,Audiovisual,158,159,44556,82339,52749,29590,26,34,PM_VEGA,SRV-NODE-5
ERP-02112,PROJ-5380,Cajamarca,Videoconference,170,226,65790,135241,75380,59861,15,20,PM_MEZA,SRV-NODE-10
ERP-02113,PROJ-3849,Trujillo,Business Proc,155,157,37355,69010,38913,30097,46,47,PM_SOTO,SRV-NODE-7
ERP-02114,PROJ-1445,Iquitos,Videoconference,171,175,68058,127386,90216,37170,36,58,PM_PEREZ,SRV-NODE-3
ERP-02115,PROJ-6638,Iquitos,Videoconference,175,220,40075,84650,50775,33875,36,23,PM_MEZA,SRV-NODE-9
ERP-02116,PROJ-5227,Arequipa,Videoconference,82,89,42394,82470,43176,39294,33,40,PM_PEREZ,SRV-NODE-4
ERP-02117,PROJ-2791,Huancayo,Videoconference,86,101,49450,89376,54764,34612,31,55,PM_VEGA,SRV-NODE-6
ERP-02118,PROJ-2361,Cusco,Audiovisual,77,102,36036,67040,41416,25624,19,34,PM_VEGA,SRV-NODE-1
ERP-02119,PROJ-5707,Iquitos,Videoconference,126,168,54306,96655,60497,36158,23,12,PM_VEGA,SRV-NODE-8
ERP-02120,PROJ-6602,Huancayo,Videoconference,21,27,6678,13539,9038,4501,38,66,PM_VEGA,SRV-NODE-4
ERP-02121,PROJ-4406,Cajamarca,Audiovisual,105,129,48615,86457,62480,23977,35,45,PM_MEZA,SRV-NODE-6
ERP-02122,PROJ-3142,Puno,Audiovisual,100,127,48500,100625,65216,35409,47,16,PM_MEZA,SRV-NODE-9
ERP-02123,PROJ-3582,Cusco,Audiovisual,24,29,10632,17964,13852,4112,35,41,PM_SOTO,SRV-NODE-10
ERP-02124,PROJ-7051,Trujillo,Project Mgmt,90,92,31140,55565,38032,17533,6,10,PM_VEGA,SRV-NODE-4
ERP-02125,PROJ-9151,Lima,Audiovisual,103,120,61800,132536,63124,69412,9,6,PM_RIVAS,SRV-NODE-3
ERP-02126,PROJ-1274,Tacna,Audiovisual,106,124,49184,97037,64001,33036,34,11,PM_SOTO,SRV-NODE-1
ERP-02127,PROJ-6332,Puno,Project Mgmt,168,226,87360,181316,115562,65754,19,3,PM_RIVAS,SRV-NODE-6
ERP-02128,PROJ-1671,Arequipa,Business Proc,81,97,24867,54529,25183,29346,8,1,PM_MEZA,SRV-NODE-3
ERP-02129,PROJ-1632,Puno,Business Proc,84,100,17052,28287,19719,8568,44,37,PM_SOTO,SRV-NODE-3
ERP-02130,PROJ-2767,Puno,Business Proc,158,198,54036,86485,57642,28843,43,65,PM_PEREZ,SRV-NODE-5
ERP-02131,PROJ-8490,Cusco,Audiovisual,123,137,56211,118746,61203,57543,20,9,PM_VEGA,SRV-NODE-10
ERP-02132,PROJ-3500,Lima,Business Proc,136,157,76840,123182,96793,26389,21,37,PM_MEZA,SRV-NODE-3
ERP-02133,PROJ-6881,Cajamarca,Project Mgmt,114,132,24738,42338,27288,15050,49,36,PM_SOTO,SRV-NODE-9
ERP-02134,PROJ-5236,Arequipa,Project Mgmt,58,66,30450,57523,37744,19779,23,23,PM_RIVAS,SRV-NODE-3
ERP-02135,PROJ-8083,Puno,Audiovisual,63,78,31374,63715,33161,30554,41,43,PM_VEGA,SRV-NODE-5
ERP-02136,PROJ-3145,Huancayo,Audiovisual,159,185,54855,103325,63468,39857,29,42,PM_RIVAS,SRV-NODE-1
ERP-02137,PROJ-1129,Tacna,Videoconference,119,147,56882,104457,64669,39788,10,10,PM_MEZA,SRV-NODE-9
ERP-02138,PROJ-6892,Trujillo,Videoconference,36,37,21312,35028,28331,6697,15,19,PM_PEREZ,SRV-NODE-8
ERP-02139,PROJ-4483,Iquitos,Project Mgmt,128,170,69632,151147,91838,59309,18,12,PM_RIVAS,SRV-NODE-4
ERP-02140,PROJ-1687,Arequipa,Audiovisual,117,137,66924,142058,85639,56419,38,38,PM_RIVAS,SRV-NODE-3
ERP-02141,PROJ-2966,Cajamarca,Videoconference,22,28,6534,12055,7346,4709,22,39,PM_VEGA,SRV-NODE-8
ERP-02142,PROJ-4457,Arequipa,Business Proc,77,84,37037,73508,40239,33269,24,18,PM_MEZA,SRV-NODE-7
ERP-02143,PROJ-7478,Trujillo,Videoconference,136,159,56848,117223,64899,52324,43,64,PM_SOTO,SRV-NODE-1
ERP-02144,PROJ-5536,Tacna,Videoconference,70,81,25200,49326,26206,23120,14,9,PM_SOTO,SRV-NODE-2
ERP-02145,PROJ-4559,Cusco,Project Mgmt,118,122,30444,51005,40195,10810,48,36,PM_RIVAS,SRV-NODE-6
ERP-02146,PROJ-8008,Piura,Videoconference,101,126,48884,104365,53830,50535,10,13,PM_VEGA,SRV-NODE-6
ERP-02147,PROJ-2402,Arequipa,Videoconference,57,71,12255,26598,14209,12389,4,6,PM_RIVAS,SRV-NODE-4
ERP-02148,PROJ-3993,Huancayo,Business Proc,74,85,29896,58901,40869,18032,17,13,PM_VEGA,SRV-NODE-1
ERP-02149,PROJ-6300,Cusco,Business Proc,137,151,80145,138434,81639,56795,42,61,PM_SOTO,SRV-NODE-2
ERP-02150,PROJ-4621,Trujillo,Videoconference,112,115,32480,52958,41723,11235,6,1,PM_RIVAS,SRV-NODE-7
ERP-02151,PROJ-1633,Trujillo,Videoconference,83,110,40504,80217,50168,30049,37,57,PM_MEZA,SRV-NODE-9
ERP-02152,PROJ-7721,Cajamarca,Project Mgmt,75,97,15225,27041,15321,11720,15,14,PM_PEREZ,SRV-NODE-4
ERP-02153,PROJ-1943,Huancayo,Videoconference,20,23,7280,14610,8807,5803,41,12,PM_RIVAS,SRV-NODE-7
ERP-02154,PROJ-7601,Cajamarca,Audiovisual,147,159,40131,82318,46013,36305,26,33,PM_RIVAS,SRV-NODE-3
ERP-02155,PROJ-9162,Arequipa,Videoconference,86,86,22704,43862,25906,17956,6,3,PM_RIVAS,SRV-NODE-9
ERP-02156,PROJ-9586,Cusco,Audiovisual,101,116,41309,90576,42103,48473,47,28,PM_MEZA,SRV-NODE-3
ERP-02157,PROJ-7387,Piura,Videoconference,39,47,19968,33981,25562,8419,3,0,PM_VEGA,SRV-NODE-3
ERP-02158,PROJ-4345,Cusco,Business Proc,50,66,27050,56076,28206,27870,40,68,PM_MEZA,SRV-NODE-5
ERP-02159,PROJ-3955,Tacna,Project Mgmt,55,68,30030,51209,37526,13683,24,35,PM_VEGA,SRV-NODE-8
ERP-02160,PROJ-8733,Piura,Audiovisual,61,61,18056,33423,25056,8367,45,13,PM_MEZA,SRV-NODE-1
ERP-02161,PROJ-4993,Piura,Project Mgmt,156,172,41652,78846,48275,30571,10,14,PM_RIVAS,SRV-NODE-9
ERP-02162,PROJ-1601,Arequipa,Business Proc,137,152,41648,91152,57172,33980,45,30,PM_PEREZ,SRV-NODE-8
ERP-02163,PROJ-2165,Puno,Business Proc,156,168,45084,94553,52435,42118,6,7,PM_RIVAS,SRV-NODE-9
ERP-02164,PROJ-5793,Iquitos,Videoconference,141,180,76281,166275,96415,69860,18,9,PM_VEGA,SRV-NODE-7
ERP-02165,PROJ-4395,Tacna,Videoconference,23,30,5566,10927,5955,4972,5,7,PM_VEGA,SRV-NODE-8
ERP-02166,PROJ-1386,Lima,Audiovisual,52,56,17784,29256,19822,9434,27,9,PM_RIVAS,SRV-NODE-3
ERP-02167,PROJ-5928,Tacna,Business Proc,174,230,69252,135547,88290,47257,14,10,PM_PEREZ,SRV-NODE-8
ERP-02168,PROJ-2252,Iquitos,Project Mgmt,60,74,13380,27690,15692,11998,7,8,PM_VEGA,SRV-NODE-1
ERP-02169,PROJ-4070,Lima,Audiovisual,180,206,97740,165330,102076,63254,20,23,PM_SOTO,SRV-NODE-2
ERP-02170,PROJ-2745,Cusco,Audiovisual,72,72,42768,92029,59055,32974,30,23,PM_RIVAS,SRV-NODE-1
ERP-02171,PROJ-7818,Arequipa,Project Mgmt,103,116,20600,39843,24586,15257,29,44,PM_MEZA,SRV-NODE-2
ERP-02172,PROJ-6229,Cusco,Videoconference,65,74,30290,57637,36435,21202,7,12,PM_SOTO,SRV-NODE-8
ERP-02173,PROJ-1664,Tacna,Audiovisual,169,189,50531,81535,61755,19780,21,9,PM_MEZA,SRV-NODE-1
ERP-02174,PROJ-8394,Lima,Videoconference,166,207,50962,111382,69113,42269,24,36,PM_VEGA,SRV-NODE-4
ERP-02175,PROJ-2898,Huancayo,Videoconference,151,200,90298,180671,105565,75106,30,20,PM_SOTO,SRV-NODE-2
ERP-02176,PROJ-3115,Piura,Videoconference,103,127,45217,79200,48077,31123,15,13,PM_VEGA,SRV-NODE-7
ERP-02177,PROJ-4585,Tacna,Business Proc,65,65,29055,51911,32578,19333,50,17,PM_SOTO,SRV-NODE-8
ERP-02178,PROJ-9490,Huancayo,Business Proc,56,62,11704,19753,12479,7274,28,27,PM_RIVAS,SRV-NODE-2
ERP-02179,PROJ-2163,Arequipa,Videoconference,173,191,51900,96130,52059,44071,12,8,PM_VEGA,SRV-NODE-9
ERP-02180,PROJ-1021,Piura,Videoconference,92,100,52532,114082,59574,54508,34,47,PM_SOTO,SRV-NODE-2
ERP-02181,PROJ-7312,Lima,Project Mgmt,153,194,87057,165923,107141,58782,6,3,PM_MEZA,SRV-NODE-7
ERP-02182,PROJ-7377,Tacna,Project Mgmt,121,136,25894,56704,35203,21501,34,3,PM_RIVAS,SRV-NODE-7
ERP-02183,PROJ-9980,Tacna,Business Proc,20,25,6900,14417,9474,4943,45,37,PM_RIVAS,SRV-NODE-9
ERP-02184,PROJ-7976,Piura,Audiovisual,105,125,38535,84067,50093,33974,11,17,PM_MEZA,SRV-NODE-5
ERP-02185,PROJ-8549,Lima,Audiovisual,91,117,20657,45198,23820,21378,46,30,PM_PEREZ,SRV-NODE-9
ERP-02186,PROJ-4080,Puno,Videoconference,29,36,9425,19764,12965,6799,47,52,PM_VEGA,SRV-NODE-3
ERP-02187,PROJ-9490,Tacna,Audiovisual,142,189,47144,85228,56972,28256,7,1,PM_VEGA,SRV-NODE-4
ERP-02188,PROJ-6262,Lima,Audiovisual,140,160,40180,66947,55486,11461,35,46,PM_MEZA,SRV-NODE-5
ERP-02189,PROJ-2612,Cajamarca,Audiovisual,79,87,17538,37810,18049,19761,44,75,PM_VEGA,SRV-NODE-8
ERP-02190,PROJ-6316,Lima,Videoconference,80,82,38800,76407,53536,22871,43,43,PM_VEGA,SRV-NODE-1
ERP-02191,PROJ-1263,Puno,Audiovisual,99,110,36036,77511,42852,34659,46,12,PM_SOTO,SRV-NODE-10
ERP-02192,PROJ-7122,Tacna,Audiovisual,119,138,57001,105571,72095,33476,45,63,PM_SOTO,SRV-NODE-6
ERP-02193,PROJ-6083,Iquitos,Videoconference,76,92,25460,52900,29564,23336,28,35,PM_RIVAS,SRV-NODE-7
ERP-02194,PROJ-3729,Cusco,Audiovisual,110,116,22440,48656,26104,22552,40,19,PM_PEREZ,SRV-NODE-4
ERP-02195,PROJ-8498,Iquitos,Audiovisual,161,184,41860,67616,54177,13439,23,15,PM_SOTO,SRV-NODE-6
ERP-02196,PROJ-6453,Iquitos,Project Mgmt,80,91,36400,58404,40389,18015,6,6,PM_RIVAS,SRV-NODE-1
ERP-02197,PROJ-3648,Tacna,Audiovisual,53,67,25652,44775,32020,12755,11,6,PM_PEREZ,SRV-NODE-1
ERP-02198,PROJ-9108,Puno,Videoconference,135,150,34020,61297,43862,17435,20,25,PM_PEREZ,SRV-NODE-1
ERP-02199,PROJ-1947,Piura,Videoconference,97,98,58200,96613,59437,37176,10,2,PM_VEGA,SRV-NODE-5
ERP-02200,PROJ-7463,Trujillo,Videoconference,134,144,45828,93766,49014,44752,31,13,PM_VEGA,SRV-NODE-9
ERP-02201,PROJ-1309,Lima,Project Mgmt,30,38,10770,20974,11506,9468,36,28,PM_VEGA,SRV-NODE-7
ERP-02202,PROJ-9330,Arequipa,Business Proc,171,177,77976,165801,90996,74805,29,46,PM_MEZA,SRV-NODE-3
ERP-02203,PROJ-6169,Cusco,Project Mgmt,116,131,61944,123956,68750,55206,39,11,PM_PEREZ,SRV-NODE-7
ERP-02204,PROJ-9376,Lima,Videoconference,124,141,65596,114000,69942,44058,35,36,PM_MEZA,SRV-NODE-7
ERP-02205,PROJ-1509,Arequipa,Audiovisual,157,185,44588,80148,54448,25700,27,22,PM_SOTO,SRV-NODE-3
ERP-02206,PROJ-3097,Arequipa,Project Mgmt,103,110,57165,121416,78825,42591,35,28,PM_RIVAS,SRV-NODE-6
ERP-02207,PROJ-4200,Huancayo,Business Proc,134,159,44086,96350,52976,43374,47,38,PM_PEREZ,SRV-NODE-4
ERP-02208,PROJ-1224,Piura,Project Mgmt,51,61,15504,28646,15511,13135,33,49,PM_RIVAS,SRV-NODE-10
ERP-02209,PROJ-8952,Cusco,Project Mgmt,168,218,92232,172213,119090,53123,13,9,PM_RIVAS,SRV-NODE-1
ERP-02210,PROJ-1679,Cajamarca,Business Proc,101,128,58580,120401,65901,54500,43,6,PM_PEREZ,SRV-NODE-2
ERP-02211,PROJ-4400,Lima,Audiovisual,151,203,84862,179616,99272,80344,20,11,PM_MEZA,SRV-NODE-3
ERP-02212,PROJ-9252,Trujillo,Audiovisual,70,86,31150,56548,40367,16181,39,28,PM_MEZA,SRV-NODE-2
ERP-02213,PROJ-2217,Iquitos,Audiovisual,32,42,6816,14299,9245,5054,25,31,PM_PEREZ,SRV-NODE-2
ERP-02214,PROJ-8772,Puno,Videoconference,86,102,24940,51433,28123,23310,15,5,PM_MEZA,SRV-NODE-2
ERP-02215,PROJ-2628,Cusco,Videoconference,114,148,36708,73719,40546,33173,29,40,PM_SOTO,SRV-NODE-9
ERP-02216,PROJ-1863,Puno,Audiovisual,52,58,30056,55977,33280,22697,8,6,PM_SOTO,SRV-NODE-8
ERP-02217,PROJ-1988,Cusco,Audiovisual,23,29,6854,12886,7649,5237,29,17,PM_VEGA,SRV-NODE-3
ERP-02218,PROJ-7260,Arequipa,Business Proc,96,97,42720,90937,54673,36264,24,25,PM_RIVAS,SRV-NODE-3
ERP-02219,PROJ-8834,Cusco,Audiovisual,88,105,23936,46778,26607,20171,13,21,PM_MEZA,SRV-NODE-5
ERP-02220,PROJ-6526,Iquitos,Audiovisual,72,88,16992,34449,17104,17345,48,43,PM_RIVAS,SRV-NODE-6
ERP-02221,PROJ-1902,Cajamarca,Videoconference,153,171,68085,121154,72126,49028,36,63,PM_RIVAS,SRV-NODE-1
ERP-02222,PROJ-4880,Huancayo,Business Proc,124,133,54064,92280,73520,18760,38,25,PM_MEZA,SRV-NODE-2
ERP-02223,PROJ-4872,Lima,Videoconference,159,191,49767,92483,50305,42178,39,44,PM_SOTO,SRV-NODE-8
ERP-02224,PROJ-6844,Trujillo,Audiovisual,155,158,73625,130101,84760,45341,15,13,PM_MEZA,SRV-NODE-8
ERP-02225,PROJ-5026,Trujillo,Audiovisual,38,41,21622,38031,29436,8595,3,1,PM_VEGA,SRV-NODE-3
ERP-02226,PROJ-8004,Arequipa,Project Mgmt,29,36,9860,17052,11868,5184,13,1,PM_RIVAS,SRV-NODE-3
ERP-02227,PROJ-7501,Lima,Business Proc,40,41,21680,41070,22789,18281,15,6,PM_MEZA,SRV-NODE-3
ERP-02228,PROJ-8867,Huancayo,Audiovisual,66,88,14388,26246,19630,6616,34,20,PM_VEGA,SRV-NODE-6
ERP-02229,PROJ-1053,Cajamarca,Audiovisual,120,161,41880,75371,45056,30315,13,6,PM_MEZA,SRV-NODE-8
ERP-02230,PROJ-5534,Lima,Business Proc,20,25,7740,12845,9898,2947,39,10,PM_RIVAS,SRV-NODE-9
ERP-02231,PROJ-5803,Puno,Business Proc,106,106,51092,106997,62349,44648,47,20,PM_MEZA,SRV-NODE-5
ERP-02232,PROJ-1817,Huancayo,Audiovisual,153,164,71451,124125,95322,28803,28,12,PM_PEREZ,SRV-NODE-10
ERP-02233,PROJ-7242,Tacna,Audiovisual,95,97,48070,102288,48958,53330,48,15,PM_PEREZ,SRV-NODE-10
ERP-02234,PROJ-9376,Iquitos,Project Mgmt,148,159,63788,108800,73079,35721,25,23,PM_SOTO,SRV-NODE-7
ERP-02235,PROJ-3048,Piura,Business Proc,137,142,80967,157036,100325,56711,14,19,PM_RIVAS,SRV-NODE-1
ERP-02236,PROJ-3485,Puno,Videoconference,76,98,39064,66187,51984,14203,11,1,PM_PEREZ,SRV-NODE-4
ERP-02237,PROJ-4403,Piura,Audiovisual,30,38,17850,32612,17914,14698,7,5,PM_SOTO,SRV-NODE-10
ERP-02238,PROJ-6263,Cajamarca,Business Proc,110,114,27390,59983,30293,29690,47,50,PM_SOTO,SRV-NODE-7
ERP-02239,PROJ-2602,Trujillo,Audiovisual,27,29,9774,16069,12625,3444,37,17,PM_RIVAS,SRV-NODE-8
ERP-02240,PROJ-5289,Huancayo,Videoconference,104,110,56160,115146,78115,37031,4,2,PM_SOTO,SRV-NODE-5
ERP-02241,PROJ-5790,Tacna,Project Mgmt,30,36,16140,33896,20597,13299,10,10,PM_VEGA,SRV-NODE-1
ERP-02242,PROJ-3558,Trujillo,Business Proc,135,175,43875,78834,57505,21329,8,2,PM_RIVAS,SRV-NODE-7
ERP-02243,PROJ-9379,Cajamarca,Business Proc,125,164,44750,91363,49345,42018,20,14,PM_SOTO,SRV-NODE-1
ERP-02244,PROJ-1943,Huancayo,Business Proc,151,170,86976,181911,109361,72550,27,31,PM_RIVAS,SRV-NODE-3
ERP-02245,PROJ-3083,Huancayo,Videoconference,116,138,30972,63731,38233,25498,43,29,PM_SOTO,SRV-NODE-7
ERP-02246,PROJ-3024,Piura,Project Mgmt,108,143,35856,59635,46464,13171,42,22,PM_MEZA,SRV-NODE-9
ERP-02247,PROJ-4702,Cusco,Project Mgmt,58,63,26216,44331,34593,9738,33,29,PM_VEGA,SRV-NODE-10
ERP-02248,PROJ-5799,Cusco,Project Mgmt,140,172,65800,130830,68360,62470,5,5,PM_PEREZ,SRV-NODE-9
ERP-02249,PROJ-9296,Piura,Project Mgmt,130,154,49400,98231,52204,46027,27,16,PM_VEGA,SRV-NODE-8
ERP-02250,PROJ-3200,Trujillo,Business Proc,58,66,23084,46585,24747,21838,32,25,PM_SOTO,SRV-NODE-7
ERP-02251,PROJ-9608,Trujillo,Business Proc,37,40,8029,16918,8812,8106,26,43,PM_PEREZ,SRV-NODE-9
ERP-02252,PROJ-4506,Cusco,Videoconference,33,33,10923,20955,12528,8427,29,24,PM_SOTO,SRV-NODE-3
ERP-02253,PROJ-3262,Cusco,Audiovisual,124,136,46996,85065,57770,27295,10,7,PM_PEREZ,SRV-NODE-7
ERP-02254,PROJ-6678,Trujillo,Business Proc,43,43,22489,41629,30290,11339,48,24,PM_PEREZ,SRV-NODE-8
ERP-02255,PROJ-1108,Arequipa,Project Mgmt,142,174,81366,154542,89083,65459,47,16,PM_PEREZ,SRV-NODE-5
ERP-02256,PROJ-9524,Cajamarca,Business Proc,86,113,44634,73349,51667,21682,4,6,PM_RIVAS,SRV-NODE-6
ERP-02257,PROJ-8234,Iquitos,Audiovisual,27,33,7344,12116,10029,2087,29,8,PM_RIVAS,SRV-NODE-9
ERP-02258,PROJ-2718,Cusco,Videoconference,165,209,57585,123876,64879,58997,40,34,PM_PEREZ,SRV-NODE-1
ERP-02259,PROJ-1623,Piura,Videoconference,154,207,64526,117818,66220,51598,37,24,PM_SOTO,SRV-NODE-7
ERP-02260,PROJ-8340,Tacna,Videoconference,140,178,77420,157128,105934,51194,27,4,PM_RIVAS,SRV-NODE-8
ERP-02261,PROJ-8530,Piura,Videoconference,130,173,76570,156675,95816,60859,17,9,PM_PEREZ,SRV-NODE-2
ERP-02262,PROJ-7273,Piura,Business Proc,28,32,8876,17148,10161,6987,49,72,PM_PEREZ,SRV-NODE-5
ERP-02263,PROJ-7745,Cusco,Business Proc,28,32,6272,10821,8108,2713,25,8,PM_PEREZ,SRV-NODE-4
ERP-02264,PROJ-2588,Cajamarca,Project Mgmt,122,144,39894,78327,51337,26990,7,6,PM_RIVAS,SRV-NODE-3
ERP-02265,PROJ-9104,Cusco,Videoconference,44,57,12012,26178,13453,12725,34,59,PM_MEZA,SRV-NODE-2
ERP-02266,PROJ-1548,Arequipa,Videoconference,179,191,97018,163667,106836,56831,18,14,PM_SOTO,SRV-NODE-7
ERP-02267,PROJ-7510,Trujillo,Business Proc,81,90,29484,56681,31442,25239,32,19,PM_PEREZ,SRV-NODE-6
ERP-02268,PROJ-7908,Cajamarca,Audiovisual,27,30,13500,22503,13588,8915,11,18,PM_PEREZ,SRV-NODE-2
ERP-02269,PROJ-8299,Cusco,Business Proc,149,176,67646,133670,78003,55667,32,20,PM_RIVAS,SRV-NODE-10
ERP-02270,PROJ-6657,Huancayo,Business Proc,59,65,21299,37903,22419,15484,7,9,PM_RIVAS,SRV-NODE-4
ERP-02271,PROJ-2843,Cusco,Project Mgmt,37,47,13283,24321,14705,9616,7,4,PM_PEREZ,SRV-NODE-7
ERP-02272,PROJ-9897,Puno,Project Mgmt,43,50,11653,21866,14408,7458,26,16,PM_RIVAS,SRV-NODE-6
ERP-02273,PROJ-4782,Trujillo,Videoconference,145,185,40165,70448,43232,27216,44,9,PM_PEREZ,SRV-NODE-5
ERP-02274,PROJ-4168,Cusco,Business Proc,150,178,69300,145742,86806,58936,29,51,PM_MEZA,SRV-NODE-2
ERP-02275,PROJ-3569,Huancayo,Videoconference,170,214,101490,201347,106821,94526,31,31,PM_RIVAS,SRV-NODE-10
ERP-02276,PROJ-6473,Piura,Business Proc,115,119,25070,53830,27615,26215,8,1,PM_PEREZ,SRV-NODE-8
ERP-02277,PROJ-1169,Huancayo,Audiovisual,36,46,14076,29868,16746,13122,28,47,PM_SOTO,SRV-NODE-2
ERP-02278,PROJ-4286,Piura,Audiovisual,97,106,44135,93589,51195,42394,29,34,PM_PEREZ,SRV-NODE-3
ERP-02279,PROJ-5552,Cusco,Project Mgmt,118,141,60770,125119,78464,46655,45,46,PM_SOTO,SRV-NODE-4
ERP-02280,PROJ-1898,Cajamarca,Audiovisual,175,212,58800,124939,72922,52017,45,38,PM_VEGA,SRV-NODE-1
ERP-02281,PROJ-4697,Iquitos,Project Mgmt,70,84,41790,76207,46576,29631,9,2,PM_RIVAS,SRV-NODE-3
ERP-02282,PROJ-9659,Cusco,Audiovisual,126,143,54432,109628,64857,44771,17,26,PM_SOTO,SRV-NODE-1
ERP-02283,PROJ-1891,Trujillo,Audiovisual,56,67,18928,30426,24976,5450,6,1,PM_RIVAS,SRV-NODE-6
ERP-02284,PROJ-1603,Arequipa,Business Proc,118,133,29146,46913,39185,7728,37,4,PM_RIVAS,SRV-NODE-7
ERP-02285,PROJ-7858,Arequipa,Audiovisual,122,153,54046,102113,55419,46694,20,3,PM_PEREZ,SRV-NODE-4
ERP-02286,PROJ-4751,Iquitos,Audiovisual,138,159,34500,68429,35536,32893,17,9,PM_SOTO,SRV-NODE-4
ERP-02287,PROJ-7061,Huancayo,Videoconference,131,176,40610,66774,48097,18677,11,1,PM_SOTO,SRV-NODE-3
ERP-02288,PROJ-4009,Trujillo,Audiovisual,52,56,17212,28516,22153,6363,45,63,PM_RIVAS,SRV-NODE-7
ERP-02289,PROJ-2588,Cusco,Audiovisual,133,164,61712,108909,82822,26087,37,13,PM_SOTO,SRV-NODE-5
ERP-02290,PROJ-6072,Cajamarca,Videoconference,36,46,18000,38826,23751,15075,43,29,PM_VEGA,SRV-NODE-4
ERP-02291,PROJ-8473,Lima,Project Mgmt,112,142,57568,109210,62660,46550,46,20,PM_MEZA,SRV-NODE-2
ERP-02292,PROJ-3426,Tacna,Audiovisual,47,58,11327,22468,15233,7235,13,14,PM_VEGA,SRV-NODE-10
ERP-02293,PROJ-7068,Arequipa,Videoconference,100,124,50800,81372,56220,25152,19,26,PM_MEZA,SRV-NODE-9
ERP-02294,PROJ-9762,Iquitos,Audiovisual,176,179,87120,154303,108449,45854,12,15,PM_SOTO,SRV-NODE-2
ERP-02295,PROJ-8659,Iquitos,Project Mgmt,133,156,26600,55154,30144,25010,22,27,PM_SOTO,SRV-NODE-2
ERP-02296,PROJ-5232,Lima,Audiovisual,151,151,75198,152712,98366,54346,20,14,PM_VEGA,SRV-NODE-5
ERP-02297,PROJ-5223,Arequipa,Project Mgmt,162,185,92988,153433,122359,31074,46,76,PM_RIVAS,SRV-NODE-8
ERP-02298,PROJ-8660,Cajamarca,Business Proc,175,215,77700,145737,92480,53257,49,25,PM_SOTO,SRV-NODE-3
ERP-02299,PROJ-1052,Cajamarca,Business Proc,118,139,32214,61993,43606,18387,29,24,PM_SOTO,SRV-NODE-1
ERP-02300,PROJ-7751,Iquitos,Audiovisual,69,76,37260,62066,38284,23782,31,42,PM_PEREZ,SRV-NODE-6
ERP-02301,PROJ-6171,Arequipa,Audiovisual,101,120,55954,114150,58240,55910,33,26,PM_RIVAS,SRV-NODE-1
ERP-02302,PROJ-7084,Iquitos,Project Mgmt,57,62,33858,63983,46316,17667,15,14,PM_MEZA,SRV-NODE-1
ERP-02303,PROJ-7591,Arequipa,Project Mgmt,156,206,34476,63730,46978,16752,21,2,PM_RIVAS,SRV-NODE-4
ERP-02304,PROJ-3747,Tacna,Videoconference,124,152,27652,58251,27798,30453,5,5,PM_MEZA,SRV-NODE-10
ERP-02305,PROJ-7487,Trujillo,Videoconference,128,159,45056,82354,55575,26779,31,51,PM_SOTO,SRV-NODE-2
ERP-02306,PROJ-6360,Tacna,Audiovisual,74,99,40182,85220,53461,31759,25,12,PM_RIVAS,SRV-NODE-8
ERP-02307,PROJ-3763,Trujillo,Project Mgmt,42,55,16296,32430,16667,15763,36,19,PM_SOTO,SRV-NODE-2
ERP-02308,PROJ-4844,Arequipa,Project Mgmt,37,49,13505,21996,14251,7745,44,19,PM_MEZA,SRV-NODE-5
ERP-02309,PROJ-6048,Tacna,Videoconference,84,100,37212,63267,51016,12251,48,10,PM_RIVAS,SRV-NODE-4
ERP-02310,PROJ-8951,Piura,Audiovisual,153,187,39627,81559,43156,38403,7,11,PM_VEGA,SRV-NODE-4
ERP-02311,PROJ-9026,Puno,Videoconference,169,224,44785,76405,56561,19844,26,11,PM_RIVAS,SRV-NODE-10
ERP-02312,PROJ-7408,Huancayo,Business Proc,162,210,85050,138343,87491,50852,37,47,PM_SOTO,SRV-NODE-10
ERP-02313,PROJ-6323,Tacna,Videoconference,144,164,78336,162160,106131,56029,7,11,PM_PEREZ,SRV-NODE-1
ERP-02314,PROJ-7580,Lima,Audiovisual,132,175,52008,86412,54683,31729,47,69,PM_PEREZ,SRV-NODE-1
ERP-02315,PROJ-7497,Puno,Business Proc,157,160,80384,159910,94153,65757,23,30,PM_RIVAS,SRV-NODE-10
ERP-02316,PROJ-2924,Tacna,Project Mgmt,57,68,13794,22406,16314,6092,31,5,PM_PEREZ,SRV-NODE-1
ERP-02317,PROJ-5504,Tacna,Business Proc,103,126,43260,73862,58861,15001,24,30,PM_MEZA,SRV-NODE-9
ERP-02318,PROJ-7895,Piura,Business Proc,69,72,28980,48742,38181,10561,26,27,PM_PEREZ,SRV-NODE-2
ERP-02319,PROJ-1916,Arequipa,Project Mgmt,98,106,38906,73551,54398,19153,17,19,PM_RIVAS,SRV-NODE-6
ERP-02320,PROJ-6698,Iquitos,Business Proc,44,54,18348,36633,25599,11034,5,3,PM_SOTO,SRV-NODE-4
ERP-02321,PROJ-5417,Piura,Videoconference,149,185,88059,151203,117002,34201,15,19,PM_SOTO,SRV-NODE-4
ERP-02322,PROJ-8497,Trujillo,Project Mgmt,147,188,79821,173581,109843,63738,4,1,PM_SOTO,SRV-NODE-9
ERP-02323,PROJ-2468,Cusco,Videoconference,160,210,53760,102629,69884,32745,7,11,PM_RIVAS,SRV-NODE-8
ERP-02324,PROJ-5397,Cajamarca,Project Mgmt,69,82,17871,38238,21514,16724,16,19,PM_PEREZ,SRV-NODE-6
ERP-02325,PROJ-7471,Iquitos,Videoconference,80,106,33760,69668,38922,30746,3,3,PM_VEGA,SRV-NODE-8
ERP-02326,PROJ-8390,Piura,Business Proc,87,115,43761,72428,55629,16799,12,11,PM_RIVAS,SRV-NODE-8
ERP-02327,PROJ-2627,Cajamarca,Business Proc,42,54,11466,22784,15596,7188,6,9,PM_VEGA,SRV-NODE-9
ERP-02328,PROJ-1679,Lima,Business Proc,122,147,51728,97233,57258,39975,15,11,PM_MEZA,SRV-NODE-10
ERP-02329,PROJ-6861,Piura,Business Proc,64,65,24384,50665,31823,18842,4,6,PM_MEZA,SRV-NODE-9
ERP-02330,PROJ-4217,Cusco,Project Mgmt,144,158,55728,110585,57262,53323,26,16,PM_VEGA,SRV-NODE-8
ERP-02331,PROJ-3673,Huancayo,Audiovisual,129,131,32766,55116,35804,19312,33,38,PM_MEZA,SRV-NODE-5
ERP-02332,PROJ-9329,Tacna,Videoconference,55,60,24860,39966,30822,9144,20,6,PM_RIVAS,SRV-NODE-3
ERP-02333,PROJ-8615,Iquitos,Videoconference,173,194,69892,148069,72975,75094,22,17,PM_RIVAS,SRV-NODE-3
ERP-02334,PROJ-9479,Piura,Project Mgmt,129,161,66951,120715,93012,27703,12,21,PM_RIVAS,SRV-NODE-5
ERP-02335,PROJ-4367,Iquitos,Project Mgmt,151,193,60098,122858,73030,49828,26,37,PM_RIVAS,SRV-NODE-1
ERP-02336,PROJ-1680,Iquitos,Business Proc,84,105,46704,94078,57921,36157,3,3,PM_RIVAS,SRV-NODE-10
ERP-02337,PROJ-7015,Trujillo,Business Proc,86,106,33798,56358,47102,9256,28,31,PM_MEZA,SRV-NODE-4
ERP-02338,PROJ-9933,Arequipa,Videoconference,61,66,31293,64686,35801,28885,17,27,PM_SOTO,SRV-NODE-6
ERP-02339,PROJ-4607,Iquitos,Business Proc,32,42,16704,27397,23007,4390,39,50,PM_VEGA,SRV-NODE-6
ERP-02340,PROJ-5359,Puno,Project Mgmt,149,193,70626,142632,75860,66772,11,15,PM_SOTO,SRV-NODE-8
ERP-02341,PROJ-1048,Huancayo,Project Mgmt,27,33,14229,25170,19841,5329,18,22,PM_RIVAS,SRV-NODE-9
ERP-02342,PROJ-9597,Piura,Business Proc,26,34,9542,19997,11576,8421,45,56,PM_SOTO,SRV-NODE-4
ERP-02343,PROJ-6248,Puno,Videoconference,51,57,19431,31691,25967,5724,16,1,PM_VEGA,SRV-NODE-8
ERP-02344,PROJ-2930,Trujillo,Audiovisual,177,204,105846,190805,146318,44487,50,73,PM_SOTO,SRV-NODE-3
ERP-02345,PROJ-8409,Huancayo,Business Proc,76,93,37772,65346,38730,26616,17,4,PM_PEREZ,SRV-NODE-7
ERP-02346,PROJ-2579,Arequipa,Business Proc,98,114,23030,50081,28355,21726,14,10,PM_RIVAS,SRV-NODE-6
ERP-02347,PROJ-8731,Tacna,Videoconference,148,165,58312,120241,60636,59605,21,7,PM_PEREZ,SRV-NODE-8
ERP-02348,PROJ-7196,Lima,Audiovisual,91,117,33306,54133,33431,20702,47,37,PM_SOTO,SRV-NODE-4
ERP-02349,PROJ-7300,Trujillo,Audiovisual,169,211,69628,144344,85010,59334,19,30,PM_RIVAS,SRV-NODE-2
ERP-02350,PROJ-5276,Piura,Project Mgmt,78,86,36270,71635,40530,31105,18,9,PM_PEREZ,SRV-NODE-10
ERP-02351,PROJ-7117,Cusco,Project Mgmt,175,231,40775,73141,47196,25945,20,35,PM_MEZA,SRV-NODE-3
ERP-02352,PROJ-1508,Cusco,Business Proc,162,183,45360,82957,49735,33222,28,28,PM_VEGA,SRV-NODE-1
ERP-02353,PROJ-2710,Tacna,Project Mgmt,111,145,55167,106292,73808,32484,48,28,PM_MEZA,SRV-NODE-6
ERP-02354,PROJ-4000,Trujillo,Videoconference,135,177,71955,139253,86144,53109,41,56,PM_MEZA,SRV-NODE-1
ERP-02355,PROJ-4092,Cajamarca,Project Mgmt,136,149,36992,63078,44582,18496,28,27,PM_RIVAS,SRV-NODE-10
ERP-02356,PROJ-9461,Arequipa,Business Proc,39,48,14157,30316,15656,14660,32,10,PM_RIVAS,SRV-NODE-1
ERP-02357,PROJ-6945,Arequipa,Videoconference,174,186,88566,178902,98450,80452,20,26,PM_SOTO,SRV-NODE-1
ERP-02358,PROJ-5283,Puno,Audiovisual,91,108,48412,96814,55747,41067,38,8,PM_VEGA,SRV-NODE-9
ERP-02359,PROJ-5418,Lima,Audiovisual,89,116,41296,75167,52176,22991,12,3,PM_SOTO,SRV-NODE-9
ERP-02360,PROJ-6748,Cusco,Audiovisual,91,116,35035,67047,48450,18597,46,13,PM_RIVAS,SRV-NODE-6
ERP-02361,PROJ-6489,Puno,Business Proc,27,29,15768,25883,19145,6738,24,13,PM_PEREZ,SRV-NODE-6
ERP-02362,PROJ-9642,Huancayo,Audiovisual,120,138,32520,56473,44159,12314,10,2,PM_RIVAS,SRV-NODE-7
ERP-02363,PROJ-2466,Huancayo,Business Proc,161,177,34293,65037,37968,27069,29,27,PM_SOTO,SRV-NODE-4
ERP-02364,PROJ-7961,Lima,Videoconference,125,148,73250,117221,77799,39422,25,39,PM_RIVAS,SRV-NODE-4
ERP-02365,PROJ-9192,Huancayo,Project Mgmt,75,77,25875,47719,34412,13307,48,18,PM_RIVAS,SRV-NODE-8
ERP-02366,PROJ-2309,Piura,Project Mgmt,149,156,78076,141080,101635,39445,49,26,PM_SOTO,SRV-NODE-1
ERP-02367,PROJ-4155,Arequipa,Project Mgmt,56,72,25872,53688,27400,26288,3,2,PM_SOTO,SRV-NODE-7
ERP-02368,PROJ-1364,Puno,Audiovisual,178,182,63012,134304,72141,62163,32,24,PM_MEZA,SRV-NODE-9
ERP-02369,PROJ-1385,Lima,Videoconference,47,55,9776,18974,11886,7088,3,1,PM_PEREZ,SRV-NODE-5
ERP-02370,PROJ-6522,Puno,Audiovisual,63,70,24570,42906,33940,8966,7,8,PM_MEZA,SRV-NODE-2
ERP-02371,PROJ-2118,Tacna,Business Proc,128,170,75520,123409,87909,35500,9,14,PM_SOTO,SRV-NODE-3
ERP-02372,PROJ-8421,Iquitos,Project Mgmt,138,171,81144,170845,97165,73680,13,22,PM_PEREZ,SRV-NODE-6
ERP-02373,PROJ-7501,Huancayo,Business Proc,29,29,9744,18282,10571,7711,13,21,PM_PEREZ,SRV-NODE-10
ERP-02374,PROJ-2256,Puno,Videoconference,179,222,86994,187819,91248,96571,22,4,PM_SOTO,SRV-NODE-1
ERP-02375,PROJ-5840,Iquitos,Audiovisual,67,74,34505,69278,46975,22303,35,19,PM_RIVAS,SRV-NODE-10
ERP-02376,PROJ-2792,Tacna,Videoconference,23,29,11891,19460,13532,5928,37,10,PM_VEGA,SRV-NODE-9
ERP-02377,PROJ-6118,Tacna,Audiovisual,73,90,39566,79220,40023,39197,47,31,PM_RIVAS,SRV-NODE-9
ERP-02378,PROJ-8257,Lima,Business Proc,153,162,80325,133723,97833,35890,10,5,PM_MEZA,SRV-NODE-7
ERP-02379,PROJ-2904,Arequipa,Videoconference,44,56,17952,33933,19368,14565,3,3,PM_SOTO,SRV-NODE-6
ERP-02380,PROJ-8811,Lima,Project Mgmt,43,48,11266,23550,15362,8188,46,24,PM_PEREZ,SRV-NODE-2
ERP-02381,PROJ-6793,Cusco,Audiovisual,49,54,14700,30495,18124,12371,38,50,PM_PEREZ,SRV-NODE-1
ERP-02382,PROJ-3586,Cajamarca,Audiovisual,132,160,44748,93815,52274,41541,19,27,PM_RIVAS,SRV-NODE-7
ERP-02383,PROJ-6756,Tacna,Audiovisual,56,73,28560,48123,35675,12448,42,22,PM_PEREZ,SRV-NODE-3
ERP-02384,PROJ-1546,Lima,Project Mgmt,72,85,16992,27303,21845,5458,32,18,PM_SOTO,SRV-NODE-1
ERP-02385,PROJ-9055,Huancayo,Audiovisual,175,179,38150,67339,46455,20884,15,17,PM_PEREZ,SRV-NODE-1
ERP-02386,PROJ-7047,Cusco,Audiovisual,117,155,23634,42388,25877,16511,7,10,PM_RIVAS,SRV-NODE-4
ERP-02387,PROJ-4578,Tacna,Business Proc,27,30,9045,19390,9797,9593,11,17,PM_SOTO,SRV-NODE-6
ERP-02388,PROJ-5816,Iquitos,Audiovisual,44,55,19316,30977,22929,8048,4,4,PM_PEREZ,SRV-NODE-6
ERP-02389,PROJ-2775,Cajamarca,Business Proc,166,169,55610,115925,76180,39745,27,22,PM_MEZA,SRV-NODE-9
ERP-02390,PROJ-6286,Arequipa,Project Mgmt,109,139,34662,57220,42709,14511,26,26,PM_MEZA,SRV-NODE-2
ERP-02391,PROJ-2597,Lima,Project Mgmt,55,64,14630,23856,19887,3969,48,34,PM_VEGA,SRV-NODE-5
ERP-02392,PROJ-6858,Piura,Project Mgmt,27,35,15309,30928,19281,11647,13,2,PM_SOTO,SRV-NODE-6
ERP-02393,PROJ-9110,Huancayo,Videoconference,107,137,26964,58875,32156,26719,29,49,PM_SOTO,SRV-NODE-1
ERP-02394,PROJ-8036,Trujillo,Business Proc,56,61,33264,56363,44443,11920,34,15,PM_VEGA,SRV-NODE-2
ERP-02395,PROJ-2878,Lima,Project Mgmt,37,38,12210,20905,13795,7110,37,32,PM_VEGA,SRV-NODE-4
ERP-02396,PROJ-2955,Cusco,Project Mgmt,65,73,14430,24854,19438,5416,48,60,PM_RIVAS,SRV-NODE-6
ERP-02397,PROJ-9891,Puno,Project Mgmt,155,173,60450,100509,61386,39123,4,5,PM_RIVAS,SRV-NODE-1
ERP-02398,PROJ-2583,Lima,Business Proc,131,137,48470,106309,59121,47188,14,21,PM_PEREZ,SRV-NODE-7
ERP-02399,PROJ-2980,Tacna,Audiovisual,92,114,52072,104726,53743,50983,8,1,PM_MEZA,SRV-NODE-6
ERP-02400,PROJ-8589,Cajamarca,Project Mgmt,108,113,53028,106758,64993,41765,34,57,PM_SOTO,SRV-NODE-1
ERP-02401,PROJ-4723,Iquitos,Audiovisual,90,104,42750,92299,58227,34072,26,43,PM_MEZA,SRV-NODE-5
ERP-02402,PROJ-6432,Lima,Audiovisual,167,209,83500,170352,86489,83863,7,1,PM_RIVAS,SRV-NODE-6
ERP-02403,PROJ-3953,Puno,Audiovisual,31,37,9269,16803,11786,5017,27,26,PM_MEZA,SRV-NODE-9
ERP-02404,PROJ-2195,Tacna,Videoconference,107,144,60776,97735,79841,17894,15,16,PM_PEREZ,SRV-NODE-5
ERP-02405,PROJ-3119,Puno,Project Mgmt,180,211,103320,219671,133065,86606,24,17,PM_VEGA,SRV-NODE-4
ERP-02406,PROJ-2350,Cajamarca,Business Proc,128,142,38272,79426,43819,35607,43,71,PM_RIVAS,SRV-NODE-4
ERP-02407,PROJ-1729,Lima,Business Proc,120,124,40560,79377,52075,27302,8,8,PM_RIVAS,SRV-NODE-7
ERP-02408,PROJ-7213,Cajamarca,Project Mgmt,96,98,19392,34159,20801,13358,19,20,PM_MEZA,SRV-NODE-1
ERP-02409,PROJ-7325,Piura,Business Proc,139,174,76450,127348,99285,28063,34,56,PM_MEZA,SRV-NODE-9
ERP-02410,PROJ-1576,Trujillo,Project Mgmt,139,147,54905,93050,55310,37740,9,14,PM_VEGA,SRV-NODE-4
ERP-02411,PROJ-9125,Huancayo,Project Mgmt,91,119,26481,42424,27922,14502,16,5,PM_SOTO,SRV-NODE-10
ERP-02412,PROJ-1401,Lima,Business Proc,92,106,20148,36510,25610,10900,40,29,PM_RIVAS,SRV-NODE-6
ERP-02413,PROJ-3129,Piura,Videoconference,135,179,49410,100052,50792,49260,25,39,PM_PEREZ,SRV-NODE-9
ERP-02414,PROJ-1133,Lima,Business Proc,164,205,78064,139589,91834,47755,31,3,PM_SOTO,SRV-NODE-10
ERP-02415,PROJ-2404,Lima,Videoconference,170,218,45900,88194,52904,35290,29,49,PM_RIVAS,SRV-NODE-5
ERP-02416,PROJ-3443,Cusco,Project Mgmt,114,152,50616,107174,68103,39071,7,1,PM_SOTO,SRV-NODE-4
ERP-02417,PROJ-6996,Piura,Audiovisual,117,126,66456,142158,84177,57981,14,15,PM_PEREZ,SRV-NODE-3
ERP-02418,PROJ-3042,Arequipa,Business Proc,128,157,36608,72455,43776,28679,17,25,PM_SOTO,SRV-NODE-4
ERP-02419,PROJ-9237,Lima,Project Mgmt,165,206,95205,189941,128743,61198,50,48,PM_PEREZ,SRV-NODE-9
ERP-02420,PROJ-5293,Cusco,Videoconference,32,36,8064,16677,9374,7303,19,15,PM_RIVAS,SRV-NODE-4
ERP-02421,PROJ-4343,Lima,Project Mgmt,64,73,15552,25106,21608,3498,19,31,PM_VEGA,SRV-NODE-10
ERP-02422,PROJ-4244,Huancayo,Business Proc,42,54,24738,46269,30555,15714,14,9,PM_SOTO,SRV-NODE-8
ERP-02423,PROJ-4485,Cajamarca,Audiovisual,141,143,65847,124239,86807,37432,12,19,PM_PEREZ,SRV-NODE-1
ERP-02424,PROJ-2038,Cusco,Videoconference,50,58,22300,47839,24556,23283,28,48,PM_MEZA,SRV-NODE-7
ERP-02425,PROJ-4600,Cusco,Project Mgmt,31,32,11625,19224,13617,5607,7,6,PM_MEZA,SRV-NODE-1
ERP-02426,PROJ-1886,Iquitos,Project Mgmt,44,49,15840,30270,22048,8222,13,22,PM_RIVAS,SRV-NODE-2
ERP-02427,PROJ-8804,Puno,Videoconference,136,172,43792,78306,50326,27980,10,1,PM_VEGA,SRV-NODE-4
ERP-02428,PROJ-4850,Trujillo,Business Proc,30,30,8670,17940,11338,6602,24,18,PM_RIVAS,SRV-NODE-9
ERP-02429,PROJ-9263,Cusco,Project Mgmt,97,108,54708,102745,57906,44839,4,6,PM_RIVAS,SRV-NODE-8
ERP-02430,PROJ-5610,Trujillo,Business Proc,71,78,24211,44153,29969,14184,5,3,PM_PEREZ,SRV-NODE-7
ERP-02431,PROJ-4467,Arequipa,Project Mgmt,134,153,56548,122767,58419,64348,4,0,PM_PEREZ,SRV-NODE-7
ERP-02432,PROJ-3117,Tacna,Videoconference,28,35,12684,21333,17339,3994,34,25,PM_VEGA,SRV-NODE-6
ERP-02433,PROJ-5283,Iquitos,Videoconference,81,107,33615,72948,34874,38074,47,29,PM_SOTO,SRV-NODE-9
ERP-02434,PROJ-1601,Tacna,Videoconference,136,140,66912,131569,78196,53373,22,9,PM_SOTO,SRV-NODE-5
ERP-02435,PROJ-3215,Trujillo,Audiovisual,102,129,56202,93932,66711,27221,44,72,PM_MEZA,SRV-NODE-9
ERP-02436,PROJ-8595,Cajamarca,Project Mgmt,164,188,92496,166619,107343,59276,38,65,PM_MEZA,SRV-NODE-7
ERP-02437,PROJ-2125,Tacna,Project Mgmt,53,57,17808,30405,19180,11225,30,25,PM_VEGA,SRV-NODE-5
ERP-02438,PROJ-6193,Cajamarca,Videoconference,40,44,19240,36972,22757,14215,40,36,PM_SOTO,SRV-NODE-9
ERP-02439,PROJ-3595,Huancayo,Audiovisual,91,111,32669,62011,35350,26661,29,46,PM_PEREZ,SRV-NODE-4
ERP-02440,PROJ-1567,Huancayo,Videoconference,104,111,49920,88481,60538,27943,11,17,PM_MEZA,SRV-NODE-3
ERP-02441,PROJ-2125,Iquitos,Audiovisual,50,54,18400,39987,24866,15121,48,37,PM_SOTO,SRV-NODE-9
ERP-02442,PROJ-9234,Cajamarca,Audiovisual,109,146,64310,107781,86258,21523,10,2,PM_MEZA,SRV-NODE-1
ERP-02443,PROJ-3195,Iquitos,Audiovisual,60,75,15960,33321,16727,16594,31,21,PM_VEGA,SRV-NODE-6
ERP-02444,PROJ-1252,Iquitos,Audiovisual,168,221,89712,191040,112378,78662,13,13,PM_PEREZ,SRV-NODE-7
ERP-02445,PROJ-4677,Puno,Business Proc,114,122,41382,74041,44281,29760,11,13,PM_RIVAS,SRV-NODE-8
ERP-02446,PROJ-9572,Iquitos,Videoconference,117,148,56745,113850,57118,56732,6,6,PM_RIVAS,SRV-NODE-1
ERP-02447,PROJ-8101,Arequipa,Business Proc,65,69,34385,69948,43131,26817,6,0,PM_SOTO,SRV-NODE-6
ERP-02448,PROJ-7287,Iquitos,Videoconference,174,229,68904,128742,76526,52216,32,18,PM_PEREZ,SRV-NODE-8
ERP-02449,PROJ-4309,Iquitos,Business Proc,75,76,30900,58115,37757,20358,6,3,PM_RIVAS,SRV-NODE-6
ERP-02450,PROJ-7195,Iquitos,Project Mgmt,90,94,18360,35423,19581,15842,41,30,PM_PEREZ,SRV-NODE-3
ERP-02451,PROJ-5498,Lima,Project Mgmt,120,154,65520,111108,73455,37653,30,19,PM_SOTO,SRV-NODE-5
ERP-02452,PROJ-6278,Iquitos,Videoconference,139,162,76033,154121,79869,74252,21,4,PM_RIVAS,SRV-NODE-10
ERP-02453,PROJ-4938,Piura,Business Proc,154,157,57288,101359,61703,39656,17,7,PM_PEREZ,SRV-NODE-6
ERP-02454,PROJ-6372,Piura,Audiovisual,73,75,39347,84480,41140,43340,5,7,PM_SOTO,SRV-NODE-10
ERP-02455,PROJ-3007,Puno,Videoconference,126,132,51786,103844,71923,31921,3,2,PM_VEGA,SRV-NODE-7
ERP-02456,PROJ-6536,Arequipa,Business Proc,31,32,13547,23286,18827,4459,19,10,PM_MEZA,SRV-NODE-9
ERP-02457,PROJ-8441,Puno,Business Proc,80,85,41120,69234,49875,19359,20,27,PM_MEZA,SRV-NODE-6
ERP-02458,PROJ-7072,Lima,Audiovisual,29,29,9918,19045,12390,6655,28,9,PM_RIVAS,SRV-NODE-5
ERP-02459,PROJ-5811,Tacna,Videoconference,57,61,23598,41881,32570,9311,24,32,PM_MEZA,SRV-NODE-1
ERP-02460,PROJ-7138,Lima,Audiovisual,156,187,66144,118429,81802,36627,23,37,PM_SOTO,SRV-NODE-8
ERP-02461,PROJ-9110,Lima,Business Proc,29,31,7772,15716,10631,5085,14,18,PM_VEGA,SRV-NODE-4
ERP-02462,PROJ-8499,Tacna,Audiovisual,154,196,58366,111650,62362,49288,21,23,PM_RIVAS,SRV-NODE-8
ERP-02463,PROJ-1458,Cusco,Business Proc,34,35,16694,32121,19528,12593,20,10,PM_SOTO,SRV-NODE-4
ERP-02464,PROJ-6664,Puno,Project Mgmt,85,88,35275,61206,48571,12635,33,58,PM_RIVAS,SRV-NODE-6
ERP-02465,PROJ-9278,Piura,Business Proc,66,71,19866,34125,21412,12713,48,16,PM_MEZA,SRV-NODE-4
ERP-02466,PROJ-7982,Puno,Audiovisual,80,100,16960,36493,19555,16938,24,6,PM_SOTO,SRV-NODE-5
ERP-02467,PROJ-6934,Arequipa,Business Proc,120,151,25440,44805,35314,9491,4,2,PM_SOTO,SRV-NODE-9
ERP-02468,PROJ-5364,Tacna,Videoconference,118,148,45548,90707,53292,37415,47,15,PM_VEGA,SRV-NODE-6
ERP-02469,PROJ-1679,Arequipa,Project Mgmt,144,172,47088,82863,62436,20427,23,21,PM_RIVAS,SRV-NODE-5
ERP-02470,PROJ-3036,Cusco,Project Mgmt,149,157,38889,65304,54123,11181,45,53,PM_VEGA,SRV-NODE-4
ERP-02471,PROJ-9605,Cajamarca,Videoconference,86,112,27950,59130,31487,27643,45,76,PM_VEGA,SRV-NODE-6
ERP-02472,PROJ-8776,Iquitos,Audiovisual,129,134,49665,85018,64263,20755,44,54,PM_RIVAS,SRV-NODE-9
ERP-02473,PROJ-5197,Lima,Business Proc,105,135,42420,71598,52926,18672,18,13,PM_SOTO,SRV-NODE-2
ERP-02474,PROJ-5223,Iquitos,Audiovisual,153,200,79713,151640,104426,47214,25,2,PM_RIVAS,SRV-NODE-7
ERP-02475,PROJ-1352,Tacna,Project Mgmt,129,142,26058,48654,35004,13650,15,2,PM_RIVAS,SRV-NODE-7
ERP-02476,PROJ-4609,Huancayo,Business Proc,59,65,26550,52793,28728,24065,7,12,PM_MEZA,SRV-NODE-7
ERP-02477,PROJ-3954,Iquitos,Business Proc,165,166,88275,170285,92571,77714,5,2,PM_SOTO,SRV-NODE-2
ERP-02478,PROJ-1155,Tacna,Audiovisual,99,109,53757,86730,59655,27075,21,36,PM_MEZA,SRV-NODE-4
ERP-02479,PROJ-4696,Huancayo,Audiovisual,59,66,28674,50324,30271,20053,50,59,PM_MEZA,SRV-NODE-7
ERP-02480,PROJ-6846,Puno,Audiovisual,149,164,74798,125950,88627,37323,25,34,PM_MEZA,SRV-NODE-8
ERP-02481,PROJ-7072,Piura,Project Mgmt,109,123,63220,121226,76769,44457,14,23,PM_MEZA,SRV-NODE-5
ERP-02482,PROJ-5856,Puno,Videoconference,29,30,11542,24550,14860,9690,20,25,PM_VEGA,SRV-NODE-5
ERP-02483,PROJ-2139,Piura,Business Proc,85,85,30430,55775,40917,14858,27,8,PM_PEREZ,SRV-NODE-6
ERP-02484,PROJ-7366,Arequipa,Project Mgmt,85,86,48790,93109,66737,26372,31,24,PM_MEZA,SRV-NODE-5
ERP-02485,PROJ-3919,Huancayo,Videoconference,30,34,12510,26726,13265,13461,9,10,PM_RIVAS,SRV-NODE-5
ERP-02486,PROJ-8863,Arequipa,Business Proc,113,122,52771,106675,59646,47029,28,3,PM_SOTO,SRV-NODE-9
ERP-02487,PROJ-7298,Piura,Audiovisual,162,179,53136,107699,62921,44778,28,39,PM_SOTO,SRV-NODE-1
ERP-02488,PROJ-9848,Cusco,Project Mgmt,81,103,33615,67657,37069,30588,43,52,PM_RIVAS,SRV-NODE-8
ERP-02489,PROJ-7392,Tacna,Audiovisual,20,24,5040,9248,5044,4204,11,4,PM_VEGA,SRV-NODE-6
ERP-02490,PROJ-7531,Huancayo,Business Proc,152,181,72808,153162,77776,75386,42,68,PM_PEREZ,SRV-NODE-5
ERP-02491,PROJ-3452,Piura,Audiovisual,142,184,34506,60929,37953,22976,41,7,PM_RIVAS,SRV-NODE-5
ERP-02492,PROJ-4769,Iquitos,Videoconference,85,105,17425,35305,21650,13655,22,18,PM_VEGA,SRV-NODE-4
ERP-02493,PROJ-7592,Arequipa,Business Proc,166,179,34860,64401,47435,16966,35,61,PM_PEREZ,SRV-NODE-8
ERP-02494,PROJ-9156,Piura,Videoconference,84,84,35280,61740,48407,13333,34,24,PM_PEREZ,SRV-NODE-4
ERP-02495,PROJ-1634,Puno,Videoconference,174,196,54984,97094,65043,32051,12,8,PM_VEGA,SRV-NODE-1
ERP-02496,PROJ-3696,Trujillo,Audiovisual,81,86,30051,54171,37807,16364,48,15,PM_PEREZ,SRV-NODE-9
ERP-02497,PROJ-2311,Iquitos,Audiovisual,168,174,70392,136957,79248,57709,34,4,PM_SOTO,SRV-NODE-3
ERP-02498,PROJ-7680,Lima,Audiovisual,105,135,44940,92937,61245,31692,12,8,PM_PEREZ,SRV-NODE-4
ERP-02499,PROJ-3385,Huancayo,Project Mgmt,131,154,74408,158862,77543,81319,9,11,PM_SOTO,SRV-NODE-10
ERP-02500,PROJ-2087,Huancayo,Project Mgmt,118,151,49442,79772,68161,11611,15,1,PM_MEZA,SRV-NODE-8
ERP-02501,PROJ-8603,Cajamarca,Business Proc,81,91,37179,67395,37316,30079,35,12,PM_SOTO,SRV-NODE-7
ERP-02502,PROJ-7612,Piura,Business Proc,157,188,36267,64554,37060,27494,20,2,PM_SOTO,SRV-NODE-3
ERP-02503,PROJ-9995,Cajamarca,Audiovisual,49,50,21511,41204,25892,15312,32,16,PM_VEGA,SRV-NODE-10
ERP-02504,PROJ-6533,Huancayo,Videoconference,29,29,10730,21255,12933,8322,48,81,PM_MEZA,SRV-NODE-3
ERP-02505,PROJ-3401,Huancayo,Audiovisual,137,158,67815,145591,93721,51870,9,3,PM_SOTO,SRV-NODE-4
ERP-02506,PROJ-6969,Puno,Audiovisual,27,29,15417,25619,19352,6267,42,56,PM_RIVAS,SRV-NODE-10
ERP-02507,PROJ-8780,Tacna,Business Proc,60,70,19500,38563,23716,14847,29,7,PM_MEZA,SRV-NODE-3
ERP-02508,PROJ-3559,Cajamarca,Project Mgmt,20,20,6600,12881,6889,5992,3,2,PM_VEGA,SRV-NODE-9
ERP-02509,PROJ-2624,Cajamarca,Audiovisual,85,87,39780,66422,46123,20299,39,47,PM_PEREZ,SRV-NODE-1
ERP-02510,PROJ-7529,Iquitos,Videoconference,44,53,19624,33314,25906,7408,31,23,PM_SOTO,SRV-NODE-3
ERP-02511,PROJ-2460,Cusco,Business Proc,81,104,39447,74691,47631,27060,15,11,PM_VEGA,SRV-NODE-5
ERP-02512,PROJ-8093,Trujillo,Videoconference,101,125,22220,48339,29258,19081,15,25,PM_PEREZ,SRV-NODE-3
ERP-02513,PROJ-8681,Cajamarca,Business Proc,34,38,11356,22547,14681,7866,26,3,PM_PEREZ,SRV-NODE-4
ERP-02514,PROJ-3696,Cusco,Business Proc,42,53,13230,27321,15690,11631,16,11,PM_RIVAS,SRV-NODE-4
ERP-02515,PROJ-7530,Puno,Audiovisual,80,91,45760,93787,55933,37854,7,10,PM_RIVAS,SRV-NODE-9
ERP-02516,PROJ-5630,Cusco,Project Mgmt,177,234,35931,68100,36518,31582,23,14,PM_PEREZ,SRV-NODE-1
ERP-02517,PROJ-9163,Puno,Project Mgmt,73,85,26572,51813,33397,18416,21,36,PM_SOTO,SRV-NODE-2
ERP-02518,PROJ-1169,Tacna,Videoconference,101,116,46965,77665,50533,27132,8,12,PM_RIVAS,SRV-NODE-7
ERP-02519,PROJ-4755,Trujillo,Project Mgmt,170,180,66640,127975,89484,38491,21,9,PM_PEREZ,SRV-NODE-4
ERP-02520,PROJ-3944,Piura,Project Mgmt,87,94,29928,56379,39724,16655,19,10,PM_PEREZ,SRV-NODE-7
ERP-02521,PROJ-3688,Puno,Videoconference,62,67,26040,55596,28100,27496,21,15,PM_MEZA,SRV-NODE-1
ERP-02522,PROJ-7873,Cajamarca,Business Proc,111,119,42180,79366,51116,28250,7,2,PM_PEREZ,SRV-NODE-5
ERP-02523,PROJ-1335,Arequipa,Project Mgmt,67,73,24455,43567,30963,12604,31,46,PM_MEZA,SRV-NODE-4
ERP-02524,PROJ-3693,Huancayo,Audiovisual,153,171,60588,126311,64255,62056,23,37,PM_VEGA,SRV-NODE-8
ERP-02525,PROJ-6506,Iquitos,Business Proc,173,185,47921,100201,59329,40872,32,23,PM_VEGA,SRV-NODE-1
ERP-02526,PROJ-2448,Trujillo,Business Proc,120,142,59160,123137,79033,44104,47,50,PM_SOTO,SRV-NODE-1
ERP-02527,PROJ-6522,Huancayo,Audiovisual,50,54,28950,50445,40494,9951,43,23,PM_MEZA,SRV-NODE-7
ERP-02528,PROJ-2823,Cajamarca,Project Mgmt,69,77,37260,78952,43880,35072,17,8,PM_PEREZ,SRV-NODE-1
ERP-02529,PROJ-6354,Piura,Audiovisual,75,100,41625,82166,50878,31288,32,15,PM_SOTO,SRV-NODE-6
ERP-02530,PROJ-7022,Trujillo,Videoconference,113,130,23730,43202,28327,14875,38,36,PM_PEREZ,SRV-NODE-3
ERP-02531,PROJ-4763,Arequipa,Videoconference,87,109,49068,105735,57797,47938,42,53,PM_RIVAS,SRV-NODE-7
ERP-02532,PROJ-2556,Cajamarca,Videoconference,35,44,10360,17799,14073,3726,17,7,PM_MEZA,SRV-NODE-9
ERP-02533,PROJ-2836,Trujillo,Business Proc,156,198,72228,158077,78087,79990,22,32,PM_SOTO,SRV-NODE-3
ERP-02534,PROJ-5129,Huancayo,Audiovisual,60,68,25320,50835,33969,16866,38,14,PM_PEREZ,SRV-NODE-3
ERP-02535,PROJ-1885,Iquitos,Business Proc,32,36,15520,30125,15636,14489,36,28,PM_PEREZ,SRV-NODE-9
ERP-02536,PROJ-1165,Piura,Audiovisual,159,161,72504,156478,84943,71535,50,67,PM_PEREZ,SRV-NODE-10
ERP-02537,PROJ-7902,Trujillo,Videoconference,113,137,46330,75943,49252,26691,48,8,PM_RIVAS,SRV-NODE-6
ERP-02538,PROJ-4083,Arequipa,Project Mgmt,89,110,31951,66769,44728,22041,36,55,PM_MEZA,SRV-NODE-1
ERP-02539,PROJ-5112,Arequipa,Business Proc,150,166,41550,77703,51549,26154,47,32,PM_MEZA,SRV-NODE-3
ERP-02540,PROJ-6150,Arequipa,Project Mgmt,172,204,84624,168548,117510,51038,13,5,PM_VEGA,SRV-NODE-4
ERP-02541,PROJ-9439,Lima,Videoconference,40,45,19800,36580,26125,10455,43,64,PM_VEGA,SRV-NODE-8
ERP-02542,PROJ-4822,Lima,Project Mgmt,99,119,49599,88110,67249,20861,50,41,PM_SOTO,SRV-NODE-9
ERP-02543,PROJ-1301,Lima,Videoconference,77,92,39809,69530,52124,17406,6,8,PM_RIVAS,SRV-NODE-1
ERP-02544,PROJ-8254,Iquitos,Business Proc,28,35,15484,28734,21245,7489,36,55,PM_RIVAS,SRV-NODE-8
ERP-02545,PROJ-5893,Puno,Project Mgmt,155,157,36580,69069,41766,27303,17,3,PM_VEGA,SRV-NODE-9
ERP-02546,PROJ-4073,Puno,Business Proc,30,30,13950,29231,19256,9975,35,30,PM_MEZA,SRV-NODE-6
ERP-02547,PROJ-2527,Cajamarca,Project Mgmt,80,83,46080,88128,60573,27555,11,16,PM_MEZA,SRV-NODE-8
ERP-02548,PROJ-5294,Iquitos,Audiovisual,70,86,22470,36139,24953,11186,7,2,PM_PEREZ,SRV-NODE-8
ERP-02549,PROJ-8121,Tacna,Videoconference,163,195,50693,84969,51788,33181,27,16,PM_RIVAS,SRV-NODE-3
ERP-02550,PROJ-9243,Cusco,Videoconference,99,129,55440,110123,71184,38939,34,35,PM_SOTO,SRV-NODE-8
ERP-02551,PROJ-3485,Tacna,Project Mgmt,154,189,33418,72253,39137,33116,17,19,PM_VEGA,SRV-NODE-5
ERP-02552,PROJ-2864,Lima,Audiovisual,141,187,36237,65904,49785,16119,16,25,PM_MEZA,SRV-NODE-6
ERP-02553,PROJ-3818,Tacna,Project Mgmt,154,162,91476,159511,104586,54925,27,41,PM_VEGA,SRV-NODE-2
ERP-02554,PROJ-9486,Trujillo,Audiovisual,100,127,41100,71455,44265,27190,31,5,PM_RIVAS,SRV-NODE-10
ERP-02555,PROJ-8246,Huancayo,Audiovisual,45,48,10395,16655,12676,3979,24,7,PM_SOTO,SRV-NODE-8
ERP-02556,PROJ-1678,Cajamarca,Business Proc,63,72,33957,62108,35627,26481,50,10,PM_RIVAS,SRV-NODE-8
ERP-02557,PROJ-3252,Puno,Videoconference,21,24,11256,22162,12022,10140,35,40,PM_VEGA,SRV-NODE-3
ERP-02558,PROJ-2100,Arequipa,Videoconference,111,132,64824,105489,90012,15477,14,10,PM_PEREZ,SRV-NODE-9
ERP-02559,PROJ-2389,Cusco,Videoconference,96,106,47328,96553,48193,48360,31,37,PM_MEZA,SRV-NODE-5
ERP-02560,PROJ-3307,Cusco,Project Mgmt,121,130,35332,77057,40684,36373,18,26,PM_RIVAS,SRV-NODE-3
ERP-02561,PROJ-1647,Arequipa,Project Mgmt,173,224,96015,182116,105942,76174,44,56,PM_PEREZ,SRV-NODE-7
ERP-02562,PROJ-3976,Puno,Business Proc,121,123,56507,117904,62326,55578,43,29,PM_RIVAS,SRV-NODE-1
ERP-02563,PROJ-3232,Huancayo,Videoconference,111,131,44178,96978,47066,49912,36,54,PM_RIVAS,SRV-NODE-4
ERP-02564,PROJ-7714,Arequipa,Audiovisual,24,30,9912,16880,13598,3282,29,20,PM_SOTO,SRV-NODE-6
ERP-02565,PROJ-6687,Huancayo,Audiovisual,142,155,31666,66479,36344,30135,27,19,PM_MEZA,SRV-NODE-10
ERP-02566,PROJ-3369,Trujillo,Audiovisual,98,115,22246,40034,28557,11477,41,17,PM_SOTO,SRV-NODE-8
ERP-02567,PROJ-2057,Cajamarca,Videoconference,121,129,46343,85237,52251,32986,13,7,PM_RIVAS,SRV-NODE-10
ERP-02568,PROJ-4728,Puno,Project Mgmt,65,83,27950,47125,28377,18748,21,26,PM_RIVAS,SRV-NODE-4
ERP-02569,PROJ-9335,Huancayo,Project Mgmt,61,73,21350,44939,27293,17646,14,7,PM_MEZA,SRV-NODE-1
ERP-02570,PROJ-7264,Piura,Business Proc,132,134,29700,54867,40299,14568,44,79,PM_PEREZ,SRV-NODE-1
ERP-02571,PROJ-8440,Arequipa,Business Proc,34,35,8500,16782,8768,8014,25,31,PM_VEGA,SRV-NODE-3
ERP-02572,PROJ-5282,Trujillo,Audiovisual,75,93,34725,55629,47107,8522,8,6,PM_VEGA,SRV-NODE-7
ERP-02573,PROJ-1746,Huancayo,Videoconference,79,92,17143,36232,23751,12481,3,0,PM_SOTO,SRV-NODE-4
ERP-02574,PROJ-1757,Cusco,Project Mgmt,106,129,40704,80855,45551,35304,30,21,PM_VEGA,SRV-NODE-7
ERP-02575,PROJ-3792,Trujillo,Videoconference,130,152,74360,157004,95762,61242,5,6,PM_RIVAS,SRV-NODE-7
ERP-02576,PROJ-6714,Puno,Audiovisual,117,128,39897,67600,51263,16337,45,31,PM_MEZA,SRV-NODE-1
ERP-02577,PROJ-5103,Cajamarca,Audiovisual,115,149,67390,144791,71136,73655,14,16,PM_SOTO,SRV-NODE-4
ERP-02578,PROJ-5882,Tacna,Business Proc,30,31,13230,23260,17914,5346,36,62,PM_RIVAS,SRV-NODE-2
ERP-02579,PROJ-6636,Lima,Business Proc,113,129,55822,94180,74675,19505,22,20,PM_RIVAS,SRV-NODE-10
ERP-02580,PROJ-2004,Cusco,Project Mgmt,82,91,42148,71842,53936,17906,5,8,PM_SOTO,SRV-NODE-9
ERP-02581,PROJ-5729,Trujillo,Audiovisual,69,88,20286,43781,23384,20397,45,55,PM_MEZA,SRV-NODE-10
ERP-02582,PROJ-4722,Huancayo,Project Mgmt,51,68,21981,39652,24982,14670,16,6,PM_SOTO,SRV-NODE-5
ERP-02583,PROJ-8372,Lima,Business Proc,31,37,8835,15698,9689,6009,44,66,PM_MEZA,SRV-NODE-7
ERP-02584,PROJ-2674,Puno,Business Proc,160,197,88160,148597,94260,54337,14,8,PM_PEREZ,SRV-NODE-1
ERP-02585,PROJ-7978,Piura,Audiovisual,158,209,48190,79182,52914,26268,35,55,PM_MEZA,SRV-NODE-10
ERP-02586,PROJ-1790,Trujillo,Project Mgmt,133,146,33250,66875,38240,28635,8,2,PM_MEZA,SRV-NODE-3
ERP-02587,PROJ-6104,Tacna,Project Mgmt,131,133,69561,128872,87557,41315,32,30,PM_MEZA,SRV-NODE-3
ERP-02588,PROJ-9191,Tacna,Audiovisual,140,163,40740,76640,48153,28487,43,24,PM_PEREZ,SRV-NODE-3
ERP-02589,PROJ-5702,Lima,Audiovisual,53,65,15688,25436,20765,4671,14,3,PM_RIVAS,SRV-NODE-1
ERP-02590,PROJ-9991,Cajamarca,Videoconference,90,99,39420,78117,47756,30361,25,20,PM_MEZA,SRV-NODE-9
ERP-02591,PROJ-6865,Tacna,Audiovisual,116,128,69368,118981,76937,42044,16,10,PM_VEGA,SRV-NODE-7
ERP-02592,PROJ-1945,Tacna,Business Proc,59,67,18290,30998,20255,10743,19,30,PM_MEZA,SRV-NODE-7
ERP-02593,PROJ-4972,Cusco,Videoconference,118,151,39884,72340,48321,24019,38,13,PM_SOTO,SRV-NODE-4
ERP-02594,PROJ-9477,Cajamarca,Audiovisual,71,84,32731,70538,40517,30021,38,23,PM_SOTO,SRV-NODE-5
ERP-02595,PROJ-5072,Piura,Audiovisual,91,118,33397,55190,39120,16070,22,8,PM_MEZA,SRV-NODE-9
ERP-02596,PROJ-1359,Huancayo,Business Proc,111,122,39516,69035,45702,23333,45,76,PM_RIVAS,SRV-NODE-7
ERP-02597,PROJ-5556,Lima,Project Mgmt,94,103,39480,83291,43692,39599,29,42,PM_RIVAS,SRV-NODE-6
ERP-02598,PROJ-4269,Tacna,Project Mgmt,21,25,10290,17061,12369,4692,5,1,PM_PEREZ,SRV-NODE-4
ERP-02599,PROJ-5475,Iquitos,Audiovisual,58,74,12470,24345,16201,8144,46,52,PM_VEGA,SRV-NODE-6
ERP-02600,PROJ-7337,Iquitos,Business Proc,146,171,42778,78958,52853,26105,48,19,PM_MEZA,SRV-NODE-7
ERP-02601,PROJ-3384,Cajamarca,Audiovisual,144,183,74736,125072,90074,34998,29,48,PM_PEREZ,SRV-NODE-3
ERP-02602,PROJ-2299,Cusco,Business Proc,36,36,8352,14927,9145,5782,21,21,PM_PEREZ,SRV-NODE-6
ERP-02603,PROJ-7712,Cajamarca,Business Proc,174,200,85260,168204,104138,64066,5,8,PM_SOTO,SRV-NODE-5
ERP-02604,PROJ-2486,Lima,Business Proc,88,108,39688,68679,52359,16320,23,13,PM_VEGA,SRV-NODE-6
ERP-02605,PROJ-9050,Iquitos,Business Proc,81,100,18792,32599,20766,11833,27,30,PM_MEZA,SRV-NODE-6
ERP-02606,PROJ-7889,Puno,Audiovisual,56,65,17976,36363,18625,17738,38,23,PM_RIVAS,SRV-NODE-7
ERP-02607,PROJ-7761,Iquitos,Videoconference,150,150,70500,145251,91175,54076,48,78,PM_PEREZ,SRV-NODE-3
ERP-02608,PROJ-1391,Lima,Business Proc,163,209,79381,148629,93443,55186,36,51,PM_PEREZ,SRV-NODE-4
ERP-02609,PROJ-3390,Huancayo,Business Proc,53,65,17278,35930,20028,15902,14,24,PM_RIVAS,SRV-NODE-2
ERP-02610,PROJ-9080,Puno,Videoconference,154,174,36960,61458,39225,22233,50,87,PM_PEREZ,SRV-NODE-4
ERP-02611,PROJ-1158,Piura,Business Proc,107,140,55212,98798,72882,25916,8,5,PM_PEREZ,SRV-NODE-1
ERP-02612,PROJ-9197,Huancayo,Videoconference,24,26,4944,8149,5269,2880,22,38,PM_VEGA,SRV-NODE-8
ERP-02613,PROJ-3780,Arequipa,Audiovisual,131,158,33929,59670,39290,20380,37,24,PM_MEZA,SRV-NODE-5
ERP-02614,PROJ-5822,Puno,Project Mgmt,173,222,99475,216163,133433,82730,23,29,PM_SOTO,SRV-NODE-8
ERP-02615,PROJ-5040,Trujillo,Audiovisual,38,48,8930,18602,11726,6876,45,33,PM_RIVAS,SRV-NODE-8
ERP-02616,PROJ-5337,Cajamarca,Business Proc,152,191,46816,85645,59560,26085,36,44,PM_MEZA,SRV-NODE-7
ERP-02617,PROJ-1624,Piura,Audiovisual,40,42,10680,22759,11075,11684,32,37,PM_SOTO,SRV-NODE-5
ERP-02618,PROJ-7202,Lima,Videoconference,60,71,24600,52335,25111,27224,11,10,PM_MEZA,SRV-NODE-1
ERP-02619,PROJ-8762,Cusco,Business Proc,101,133,20806,33876,28905,4971,43,58,PM_RIVAS,SRV-NODE-10
ERP-02620,PROJ-6510,Trujillo,Audiovisual,69,81,27186,54575,35287,19288,22,13,PM_SOTO,SRV-NODE-3
ERP-02621,PROJ-1085,Iquitos,Videoconference,30,35,8160,15871,11324,4547,25,2,PM_PEREZ,SRV-NODE-4
ERP-02622,PROJ-1461,Lima,Videoconference,123,146,57933,110645,67129,43516,47,39,PM_VEGA,SRV-NODE-5
ERP-02623,PROJ-3965,Cusco,Audiovisual,157,168,37994,70853,46904,23949,14,3,PM_SOTO,SRV-NODE-3
ERP-02624,PROJ-2796,Iquitos,Project Mgmt,75,87,27675,47842,38359,9483,10,7,PM_RIVAS,SRV-NODE-4
ERP-02625,PROJ-6089,Lima,Project Mgmt,144,184,68688,140040,70752,69288,7,4,PM_MEZA,SRV-NODE-1
ERP-02626,PROJ-5708,Piura,Videoconference,47,47,15134,27632,18611,9021,28,20,PM_PEREZ,SRV-NODE-4
ERP-02627,PROJ-4458,Piura,Audiovisual,70,84,29400,59550,35602,23948,45,60,PM_VEGA,SRV-NODE-7
ERP-02628,PROJ-2967,Cajamarca,Business Proc,85,101,41735,86319,48083,38236,50,79,PM_MEZA,SRV-NODE-2
ERP-02629,PROJ-2085,Iquitos,Videoconference,133,174,39235,67406,51633,15773,3,4,PM_PEREZ,SRV-NODE-3
ERP-02630,PROJ-1867,Arequipa,Project Mgmt,22,25,5918,10636,7443,3193,5,4,PM_VEGA,SRV-NODE-2
ERP-02631,PROJ-7199,Cajamarca,Project Mgmt,179,197,78044,133412,102762,30650,24,23,PM_VEGA,SRV-NODE-2
ERP-02632,PROJ-2593,Arequipa,Project Mgmt,144,189,59184,115633,82820,32813,37,19,PM_MEZA,SRV-NODE-6
ERP-02633,PROJ-7968,Cusco,Videoconference,168,215,99960,203220,137775,65445,22,11,PM_VEGA,SRV-NODE-3
ERP-02634,PROJ-3676,Trujillo,Audiovisual,138,185,67620,138248,79802,58446,35,56,PM_PEREZ,SRV-NODE-4
ERP-02635,PROJ-6686,Tacna,Project Mgmt,56,65,30408,64045,38657,25388,15,22,PM_PEREZ,SRV-NODE-6
ERP-02636,PROJ-9041,Trujillo,Audiovisual,82,102,29438,60346,36141,24205,26,27,PM_PEREZ,SRV-NODE-9
ERP-02637,PROJ-6706,Puno,Project Mgmt,27,34,6426,12154,6514,5640,4,5,PM_RIVAS,SRV-NODE-10
ERP-02638,PROJ-7888,Piura,Audiovisual,143,151,46046,99779,48015,51764,5,1,PM_MEZA,SRV-NODE-4
ERP-02639,PROJ-5119,Lima,Videoconference,171,183,67887,120608,91464,29144,27,5,PM_PEREZ,SRV-NODE-1
ERP-02640,PROJ-7518,Cajamarca,Project Mgmt,30,38,11400,23181,14571,8610,42,25,PM_SOTO,SRV-NODE-6
ERP-02641,PROJ-4586,Lima,Project Mgmt,120,129,68640,132484,73539,58945,44,37,PM_SOTO,SRV-NODE-4
ERP-02642,PROJ-4060,Huancayo,Audiovisual,58,60,30160,59398,39433,19965,28,19,PM_SOTO,SRV-NODE-10
ERP-02643,PROJ-5661,Cajamarca,Videoconference,61,63,35746,63326,41697,21629,46,58,PM_VEGA,SRV-NODE-10
ERP-02644,PROJ-4573,Cajamarca,Project Mgmt,127,137,31496,50394,36302,14092,40,47,PM_SOTO,SRV-NODE-2
ERP-02645,PROJ-2282,Puno,Audiovisual,86,107,49450,85850,58160,27690,13,16,PM_SOTO,SRV-NODE-4
ERP-02646,PROJ-5675,Arequipa,Audiovisual,27,34,16146,26604,21546,5058,45,78,PM_RIVAS,SRV-NODE-2
ERP-02647,PROJ-7553,Huancayo,Videoconference,59,79,30326,53615,37080,16535,46,8,PM_VEGA,SRV-NODE-8
ERP-02648,PROJ-9376,Piura,Business Proc,44,48,20504,36879,20903,15976,27,27,PM_RIVAS,SRV-NODE-3
ERP-02649,PROJ-5622,Iquitos,Videoconference,126,139,72828,154424,96454,57970,28,14,PM_MEZA,SRV-NODE-3
ERP-02650,PROJ-5005,Iquitos,Videoconference,75,85,16425,34590,20763,13827,3,4,PM_MEZA,SRV-NODE-6
ERP-02651,PROJ-6491,Cusco,Project Mgmt,178,184,64792,130556,67193,63363,20,25,PM_MEZA,SRV-NODE-5
ERP-02652,PROJ-5880,Trujillo,Audiovisual,115,143,50715,98701,54854,43847,37,33,PM_VEGA,SRV-NODE-5
ERP-02653,PROJ-9640,Cajamarca,Videoconference,71,74,32234,60207,43071,17136,9,8,PM_MEZA,SRV-NODE-9
ERP-02654,PROJ-4355,Piura,Videoconference,106,125,49926,89751,54638,35113,27,27,PM_RIVAS,SRV-NODE-6
ERP-02655,PROJ-8038,Cajamarca,Audiovisual,155,196,32395,52833,38106,14727,10,17,PM_MEZA,SRV-NODE-8
ERP-02656,PROJ-8256,Huancayo,Audiovisual,141,157,72192,139678,96385,43293,41,14,PM_MEZA,SRV-NODE-8
ERP-02657,PROJ-4283,Puno,Business Proc,161,211,94990,207856,98486,109370,32,55,PM_SOTO,SRV-NODE-3
ERP-02658,PROJ-3583,Trujillo,Project Mgmt,31,38,11656,25112,15920,9192,44,69,PM_PEREZ,SRV-NODE-6
ERP-02659,PROJ-3048,Cusco,Business Proc,77,86,28567,52675,34820,17855,26,6,PM_VEGA,SRV-NODE-5
ERP-02660,PROJ-1454,Lima,Business Proc,129,165,46311,86174,60173,26001,9,2,PM_MEZA,SRV-NODE-8
ERP-02661,PROJ-8307,Arequipa,Business Proc,77,91,19943,35364,24074,11290,16,15,PM_PEREZ,SRV-NODE-2
ERP-02662,PROJ-7018,Cajamarca,Project Mgmt,128,154,29824,58472,41453,17019,33,35,PM_PEREZ,SRV-NODE-10
ERP-02663,PROJ-3603,Cajamarca,Videoconference,179,187,68557,135579,89536,46043,4,0,PM_MEZA,SRV-NODE-6
ERP-02664,PROJ-5152,Iquitos,Project Mgmt,108,111,22680,39767,26893,12874,30,4,PM_PEREZ,SRV-NODE-2
ERP-02665,PROJ-2418,Trujillo,Audiovisual,106,139,57664,120458,75958,44500,8,4,PM_RIVAS,SRV-NODE-4
ERP-02666,PROJ-7947,Lima,Videoconference,122,129,71126,135465,96088,39377,3,0,PM_PEREZ,SRV-NODE-9
ERP-02667,PROJ-1288,Lima,Project Mgmt,67,76,17487,36459,22223,14236,22,6,PM_VEGA,SRV-NODE-1
ERP-02668,PROJ-5397,Tacna,Videoconference,84,90,18480,36142,22750,13392,3,2,PM_MEZA,SRV-NODE-6
ERP-02669,PROJ-8602,Tacna,Business Proc,94,101,47564,101510,53003,48507,24,37,PM_MEZA,SRV-NODE-6
ERP-02670,PROJ-3459,Cusco,Business Proc,142,146,34506,62100,41908,20192,32,22,PM_VEGA,SRV-NODE-3
ERP-02671,PROJ-9883,Piura,Business Proc,38,43,11476,19255,15906,3349,14,12,PM_SOTO,SRV-NODE-7
ERP-02672,PROJ-5747,Huancayo,Audiovisual,142,187,76538,163506,92138,71368,46,19,PM_VEGA,SRV-NODE-1
ERP-02673,PROJ-9456,Piura,Business Proc,158,181,82634,147410,83342,64068,7,4,PM_RIVAS,SRV-NODE-8
ERP-02674,PROJ-4540,Piura,Audiovisual,125,152,45625,83204,47533,35671,8,7,PM_PEREZ,SRV-NODE-9
ERP-02675,PROJ-8660,Iquitos,Business Proc,31,35,14415,23593,17986,5607,4,2,PM_SOTO,SRV-NODE-6
ERP-02676,PROJ-2020,Tacna,Project Mgmt,68,91,38964,78870,40084,38786,9,14,PM_VEGA,SRV-NODE-7
ERP-02677,PROJ-3745,Tacna,Project Mgmt,111,139,40071,87640,53055,34585,11,11,PM_SOTO,SRV-NODE-6
ERP-02678,PROJ-3690,Trujillo,Business Proc,103,107,59534,101892,67081,34811,20,27,PM_MEZA,SRV-NODE-3
ERP-02679,PROJ-3880,Arequipa,Audiovisual,125,140,47500,92153,52457,39696,21,11,PM_MEZA,SRV-NODE-10
ERP-02680,PROJ-5571,Piura,Business Proc,86,89,31046,59457,36839,22618,21,27,PM_SOTO,SRV-NODE-4
ERP-02681,PROJ-9353,Trujillo,Business Proc,22,23,7766,14341,10604,3737,28,20,PM_PEREZ,SRV-NODE-10
ERP-02682,PROJ-4413,Cusco,Audiovisual,127,164,40894,79061,56245,22816,23,33,PM_MEZA,SRV-NODE-2
ERP-02683,PROJ-9282,Trujillo,Videoconference,126,157,49770,106714,68395,38319,48,75,PM_SOTO,SRV-NODE-4
ERP-02684,PROJ-3231,Puno,Project Mgmt,93,110,39060,74856,44495,30361,9,10,PM_SOTO,SRV-NODE-3
ERP-02685,PROJ-5642,Lima,Business Proc,179,219,79655,144899,97076,47823,37,66,PM_PEREZ,SRV-NODE-9
ERP-02686,PROJ-8940,Puno,Business Proc,136,168,56848,96311,71241,25070,17,8,PM_SOTO,SRV-NODE-7
ERP-02687,PROJ-3148,Piura,Business Proc,41,53,23698,48872,25652,23220,35,3,PM_RIVAS,SRV-NODE-6
ERP-02688,PROJ-4716,Tacna,Videoconference,117,135,63882,120273,85082,35191,43,42,PM_VEGA,SRV-NODE-9
ERP-02689,PROJ-2393,Trujillo,Business Proc,38,47,20558,43757,27051,16706,4,0,PM_SOTO,SRV-NODE-5
ERP-02690,PROJ-2349,Cajamarca,Videoconference,131,139,55806,108416,65736,42680,29,37,PM_MEZA,SRV-NODE-1
ERP-02691,PROJ-1061,Cajamarca,Videoconference,124,129,60760,104934,77080,27854,19,23,PM_RIVAS,SRV-NODE-7
ERP-02692,PROJ-4219,Cusco,Business Proc,62,62,33108,65525,39900,25625,30,6,PM_RIVAS,SRV-NODE-7
ERP-02693,PROJ-4147,Arequipa,Project Mgmt,53,57,22525,43536,25471,18065,14,16,PM_SOTO,SRV-NODE-7
ERP-02694,PROJ-3163,Cusco,Project Mgmt,134,144,36582,78022,40396,37626,19,19,PM_VEGA,SRV-NODE-3
ERP-02695,PROJ-3064,Cusco,Videoconference,161,212,76314,166308,97970,68338,41,10,PM_VEGA,SRV-NODE-6
ERP-02696,PROJ-6536,Arequipa,Audiovisual,85,97,46665,100245,52727,47518,44,61,PM_PEREZ,SRV-NODE-4
ERP-02697,PROJ-3397,Cusco,Project Mgmt,103,125,35432,58952,44182,14770,50,57,PM_VEGA,SRV-NODE-6
ERP-02698,PROJ-5792,Piura,Business Proc,55,65,24200,49649,27014,22635,18,31,PM_PEREZ,SRV-NODE-4
ERP-02699,PROJ-9845,Cusco,Videoconference,34,39,14144,23865,18369,5496,5,8,PM_MEZA,SRV-NODE-7
ERP-02700,PROJ-4232,Cajamarca,Project Mgmt,145,147,85260,165448,95367,70081,21,7,PM_PEREZ,SRV-NODE-2
ERP-02701,PROJ-7997,Cajamarca,Business Proc,133,134,71155,123224,96509,26715,4,2,PM_RIVAS,SRV-NODE-1
ERP-02702,PROJ-9654,Trujillo,Project Mgmt,77,89,33418,64181,42973,21208,39,17,PM_RIVAS,SRV-NODE-2
ERP-02703,PROJ-7415,Trujillo,Business Proc,132,162,62304,118464,81946,36518,23,21,PM_RIVAS,SRV-NODE-1
ERP-02704,PROJ-3411,Piura,Audiovisual,52,54,11596,25486,14317,11169,35,52,PM_RIVAS,SRV-NODE-2
ERP-02705,PROJ-4173,Lima,Project Mgmt,154,166,31416,67321,31964,35357,31,7,PM_MEZA,SRV-NODE-10
ERP-02706,PROJ-1965,Lima,Business Proc,90,112,21510,42507,22216,20291,4,3,PM_VEGA,SRV-NODE-10
ERP-02707,PROJ-8158,Tacna,Audiovisual,90,93,48060,83614,56031,27583,35,28,PM_SOTO,SRV-NODE-10
ERP-02708,PROJ-5646,Tacna,Business Proc,75,92,24000,51219,28816,22403,5,3,PM_MEZA,SRV-NODE-9
ERP-02709,PROJ-6685,Cusco,Project Mgmt,85,99,31025,51808,34691,17117,12,13,PM_SOTO,SRV-NODE-8
ERP-02710,PROJ-6412,Piura,Audiovisual,83,93,28552,48826,35108,13718,9,3,PM_VEGA,SRV-NODE-1
ERP-02711,PROJ-8952,Puno,Videoconference,75,92,20625,43432,27087,16345,49,37,PM_VEGA,SRV-NODE-6
ERP-02712,PROJ-3138,Iquitos,Videoconference,147,190,29400,55773,39501,16272,22,26,PM_VEGA,SRV-NODE-9
ERP-02713,PROJ-9535,Cajamarca,Audiovisual,48,54,26976,48077,35340,12737,31,13,PM_PEREZ,SRV-NODE-6
ERP-02714,PROJ-7423,Cajamarca,Project Mgmt,103,103,45835,87200,48816,38384,11,16,PM_RIVAS,SRV-NODE-2
ERP-02715,PROJ-1421,Cajamarca,Audiovisual,96,124,34080,65554,46842,18712,14,1,PM_SOTO,SRV-NODE-3
ERP-02716,PROJ-2115,Cajamarca,Business Proc,82,107,26404,52746,28351,24395,10,8,PM_MEZA,SRV-NODE-5
ERP-02717,PROJ-9897,Cusco,Videoconference,45,45,15435,33838,19261,14577,38,30,PM_SOTO,SRV-NODE-4
ERP-02718,PROJ-9660,Cusco,Project Mgmt,62,63,26660,52921,27990,24931,5,7,PM_VEGA,SRV-NODE-10
ERP-02719,PROJ-6506,Huancayo,Audiovisual,80,90,28880,49963,30131,19832,10,17,PM_SOTO,SRV-NODE-5
ERP-02720,PROJ-2539,Iquitos,Business Proc,173,228,79234,160372,88056,72316,18,31,PM_MEZA,SRV-NODE-2
ERP-02721,PROJ-9849,Lima,Audiovisual,161,196,90804,181338,125234,56104,11,16,PM_RIVAS,SRV-NODE-1
ERP-02722,PROJ-3458,Arequipa,Business Proc,91,96,41587,88899,53350,35549,42,29,PM_MEZA,SRV-NODE-9
ERP-02723,PROJ-1758,Tacna,Videoconference,40,48,12560,21757,16691,5066,34,32,PM_SOTO,SRV-NODE-6
ERP-02724,PROJ-3676,Cajamarca,Business Proc,119,141,55216,109813,75437,34376,6,2,PM_VEGA,SRV-NODE-5
ERP-02725,PROJ-8891,Piura,Project Mgmt,115,121,61640,123637,79834,43803,37,18,PM_MEZA,SRV-NODE-3
ERP-02726,PROJ-5653,Piura,Business Proc,170,215,87550,169175,91148,78027,50,25,PM_PEREZ,SRV-NODE-7
ERP-02727,PROJ-6693,Piura,Audiovisual,75,77,29325,50815,33165,17650,10,1,PM_RIVAS,SRV-NODE-8
ERP-02728,PROJ-2738,Huancayo,Project Mgmt,63,80,20538,36052,21950,14102,11,2,PM_MEZA,SRV-NODE-7
ERP-02729,PROJ-8245,Cajamarca,Project Mgmt,94,123,54520,99758,68852,30906,46,53,PM_PEREZ,SRV-NODE-8
ERP-02730,PROJ-1900,Iquitos,Project Mgmt,146,183,38690,71377,41370,30007,6,2,PM_PEREZ,SRV-NODE-6
ERP-02731,PROJ-1315,Cusco,Business Proc,61,69,13359,25534,13917,11617,45,43,PM_MEZA,SRV-NODE-7
ERP-02732,PROJ-7033,Huancayo,Project Mgmt,170,184,90100,168157,97811,70346,28,20,PM_SOTO,SRV-NODE-9
ERP-02733,PROJ-2337,Trujillo,Audiovisual,106,109,52682,114019,54130,59889,27,36,PM_VEGA,SRV-NODE-2
ERP-02734,PROJ-6707,Huancayo,Project Mgmt,76,95,28576,49497,30875,18622,27,13,PM_VEGA,SRV-NODE-5
ERP-02735,PROJ-4063,Lima,Videoconference,162,202,68526,142857,89908,52949,6,7,PM_SOTO,SRV-NODE-6
ERP-02736,PROJ-5863,Piura,Project Mgmt,169,177,70980,113577,85988,27589,17,24,PM_SOTO,SRV-NODE-9
ERP-02737,PROJ-3805,Huancayo,Business Proc,49,53,17934,37794,23081,14713,17,15,PM_MEZA,SRV-NODE-7
ERP-02738,PROJ-1647,Arequipa,Project Mgmt,127,157,64897,126398,73632,52766,32,14,PM_RIVAS,SRV-NODE-10
ERP-02739,PROJ-5625,Arequipa,Videoconference,50,61,13700,28980,15538,13442,44,8,PM_VEGA,SRV-NODE-1
ERP-02740,PROJ-4320,Arequipa,Project Mgmt,86,113,39560,80600,50013,30587,41,54,PM_RIVAS,SRV-NODE-9
ERP-02741,PROJ-4929,Piura,Project Mgmt,118,119,26904,49881,34502,15379,41,30,PM_PEREZ,SRV-NODE-9
ERP-02742,PROJ-5705,Tacna,Business Proc,84,90,42756,70053,48045,22008,50,70,PM_PEREZ,SRV-NODE-5
ERP-02743,PROJ-3244,Trujillo,Videoconference,131,136,66286,125853,80286,45567,17,6,PM_PEREZ,SRV-NODE-3
ERP-02744,PROJ-4587,Cajamarca,Business Proc,92,95,20976,44602,25168,19434,47,23,PM_SOTO,SRV-NODE-3
ERP-02745,PROJ-3226,Trujillo,Audiovisual,53,71,18391,29761,22750,7011,33,27,PM_SOTO,SRV-NODE-7
ERP-02746,PROJ-7725,Trujillo,Project Mgmt,57,61,27531,51682,28410,23272,26,44,PM_PEREZ,SRV-NODE-1
ERP-02747,PROJ-7671,Piura,Videoconference,175,224,52325,113386,56499,56887,43,68,PM_VEGA,SRV-NODE-4
ERP-02748,PROJ-7072,Tacna,Business Proc,155,178,53785,100103,73527,26576,29,15,PM_PEREZ,SRV-NODE-7
ERP-02749,PROJ-1936,Lima,Project Mgmt,174,183,62988,116844,85346,31498,41,51,PM_MEZA,SRV-NODE-5
ERP-02750,PROJ-5536,Cusco,Audiovisual,24,27,9000,16168,11037,5131,5,1,PM_MEZA,SRV-NODE-6
ERP-02751,PROJ-1067,Piura,Videoconference,94,119,21244,40845,29234,11611,7,4,PM_RIVAS,SRV-NODE-1
ERP-02752,PROJ-7728,Arequipa,Business Proc,137,152,27674,55686,36033,19653,32,4,PM_SOTO,SRV-NODE-7
ERP-02753,PROJ-9221,Iquitos,Audiovisual,40,51,17120,33115,23174,9941,46,9,PM_PEREZ,SRV-NODE-9
ERP-02754,PROJ-4645,Tacna,Audiovisual,131,149,41527,68243,52293,15950,50,45,PM_PEREZ,SRV-NODE-8
ERP-02755,PROJ-5865,Arequipa,Business Proc,42,52,19740,33497,23247,10250,23,9,PM_MEZA,SRV-NODE-5
ERP-02756,PROJ-5780,Tacna,Audiovisual,136,137,29512,55050,39104,15946,20,15,PM_MEZA,SRV-NODE-9
ERP-02757,PROJ-3962,Huancayo,Business Proc,44,53,25036,44159,33080,11079,40,58,PM_MEZA,SRV-NODE-9
ERP-02758,PROJ-9886,Huancayo,Business Proc,24,31,9456,19350,10492,8858,45,49,PM_SOTO,SRV-NODE-9
ERP-02759,PROJ-7913,Huancayo,Project Mgmt,142,174,47854,103111,61521,41590,38,8,PM_PEREZ,SRV-NODE-10
ERP-02760,PROJ-5567,Huancayo,Business Proc,109,128,52974,94216,59071,35145,31,49,PM_SOTO,SRV-NODE-3
ERP-02761,PROJ-2593,Cusco,Business Proc,52,61,30004,50415,32458,17957,23,21,PM_MEZA,SRV-NODE-2
ERP-02762,PROJ-4637,Lima,Audiovisual,154,158,48202,96612,63582,33030,50,75,PM_VEGA,SRV-NODE-7
ERP-02763,PROJ-3627,Cusco,Videoconference,177,225,76641,128084,82228,45856,29,29,PM_RIVAS,SRV-NODE-7
ERP-02764,PROJ-4746,Tacna,Videoconference,165,216,48675,79251,64140,15111,46,50,PM_RIVAS,SRV-NODE-6
ERP-02765,PROJ-2392,Puno,Videoconference,105,122,60060,104487,78006,26481,30,32,PM_MEZA,SRV-NODE-1
ERP-02766,PROJ-2128,Iquitos,Videoconference,156,157,78000,171435,81976,89459,40,46,PM_PEREZ,SRV-NODE-3
ERP-02767,PROJ-8390,Iquitos,Business Proc,148,181,71780,143685,90568,53117,39,24,PM_SOTO,SRV-NODE-7
ERP-02768,PROJ-4174,Trujillo,Audiovisual,127,137,42926,80060,50329,29731,5,5,PM_VEGA,SRV-NODE-9
ERP-02769,PROJ-8654,Piura,Business Proc,162,171,95094,201963,102321,99642,18,2,PM_RIVAS,SRV-NODE-6
ERP-02770,PROJ-1879,Piura,Business Proc,105,135,60900,130223,75606,54617,22,37,PM_SOTO,SRV-NODE-5
ERP-02771,PROJ-6374,Cusco,Business Proc,139,167,76867,164475,88169,76306,43,24,PM_PEREZ,SRV-NODE-9
ERP-02772,PROJ-7191,Cusco,Business Proc,138,164,29808,60099,40915,19184,7,5,PM_RIVAS,SRV-NODE-9
ERP-02773,PROJ-6020,Iquitos,Project Mgmt,52,54,20592,34819,24784,10035,15,6,PM_PEREZ,SRV-NODE-1
ERP-02774,PROJ-8654,Cusco,Business Proc,176,211,38544,79028,52478,26550,32,27,PM_RIVAS,SRV-NODE-6
ERP-02775,PROJ-4626,Tacna,Business Proc,137,177,43703,88790,54434,34356,42,15,PM_VEGA,SRV-NODE-3
ERP-02776,PROJ-9779,Tacna,Videoconference,90,110,31770,61249,32793,28456,20,25,PM_PEREZ,SRV-NODE-2
ERP-02777,PROJ-8932,Lima,Audiovisual,20,20,6560,11349,8271,3078,30,48,PM_MEZA,SRV-NODE-2
ERP-02778,PROJ-2939,Trujillo,Videoconference,157,163,83367,140467,116107,24360,44,63,PM_PEREZ,SRV-NODE-4
ERP-02779,PROJ-7403,Huancayo,Videoconference,91,115,20202,35777,24235,11542,39,63,PM_SOTO,SRV-NODE-9
ERP-02780,PROJ-4584,Huancayo,Project Mgmt,142,170,59924,110487,61030,49457,3,2,PM_MEZA,SRV-NODE-8
ERP-02781,PROJ-9091,Puno,Project Mgmt,116,125,62176,135028,65437,69591,40,58,PM_MEZA,SRV-NODE-3
ERP-02782,PROJ-3580,Puno,Business Proc,62,76,35402,60677,45898,14779,34,47,PM_SOTO,SRV-NODE-4
ERP-02783,PROJ-7465,Lima,Videoconference,174,180,73602,124107,76135,47972,29,44,PM_MEZA,SRV-NODE-8
ERP-02784,PROJ-8992,Lima,Audiovisual,154,177,66682,141869,85524,56345,11,1,PM_MEZA,SRV-NODE-3
ERP-02785,PROJ-5266,Piura,Project Mgmt,96,109,48288,83761,56106,27655,48,57,PM_RIVAS,SRV-NODE-2
ERP-02786,PROJ-8168,Iquitos,Business Proc,128,134,33408,53458,43925,9533,22,32,PM_PEREZ,SRV-NODE-8
ERP-02787,PROJ-8596,Cusco,Business Proc,143,148,38038,73684,45048,28636,31,40,PM_RIVAS,SRV-NODE-9
ERP-02788,PROJ-6164,Lima,Videoconference,178,183,43966,86040,56676,29364,5,1,PM_MEZA,SRV-NODE-7
ERP-02789,PROJ-7970,Cajamarca,Audiovisual,52,60,28860,50519,39803,10716,23,24,PM_VEGA,SRV-NODE-3
ERP-02790,PROJ-3317,Huancayo,Videoconference,118,130,63248,105424,63703,41721,17,10,PM_VEGA,SRV-NODE-4
ERP-02791,PROJ-4963,Cusco,Videoconference,115,138,40480,83712,56543,27169,4,1,PM_PEREZ,SRV-NODE-10
ERP-02792,PROJ-3663,Cusco,Project Mgmt,58,68,19662,31651,20695,10956,20,5,PM_SOTO,SRV-NODE-8
ERP-02793,PROJ-2480,Lima,Videoconference,86,101,17286,32292,21572,10720,50,88,PM_MEZA,SRV-NODE-7
ERP-02794,PROJ-1568,Trujillo,Videoconference,38,48,22648,46739,25888,20851,45,27,PM_MEZA,SRV-NODE-2
ERP-02795,PROJ-9450,Lima,Business Proc,51,68,14331,24629,18866,5763,28,37,PM_RIVAS,SRV-NODE-9
ERP-02796,PROJ-9502,Iquitos,Audiovisual,28,28,8624,13905,11262,2643,48,70,PM_SOTO,SRV-NODE-9
ERP-02797,PROJ-9611,Iquitos,Videoconference,51,65,14382,23191,20106,3085,32,4,PM_VEGA,SRV-NODE-6
ERP-02798,PROJ-5247,Piura,Videoconference,121,127,70664,127946,72080,55866,14,4,PM_PEREZ,SRV-NODE-2
ERP-02799,PROJ-8297,Iquitos,Project Mgmt,80,90,39520,65902,50937,14965,24,26,PM_PEREZ,SRV-NODE-10
ERP-02800,PROJ-5831,Lima,Project Mgmt,108,130,45684,77638,48933,28705,22,27,PM_VEGA,SRV-NODE-3
ERP-02801,PROJ-1653,Puno,Business Proc,93,109,52917,96024,56053,39971,16,8,PM_MEZA,SRV-NODE-6
ERP-02802,PROJ-6876,Piura,Business Proc,179,191,40633,79275,50386,28889,29,44,PM_PEREZ,SRV-NODE-1
ERP-02803,PROJ-9525,Piura,Project Mgmt,142,189,68728,132381,94397,37984,9,8,PM_VEGA,SRV-NODE-5
ERP-02804,PROJ-5818,Puno,Audiovisual,68,74,35224,61751,47731,14020,19,8,PM_SOTO,SRV-NODE-1
ERP-02805,PROJ-4298,Lima,Videoconference,34,34,13906,25832,14531,11301,6,5,PM_RIVAS,SRV-NODE-4
ERP-02806,PROJ-9823,Puno,Audiovisual,144,151,60192,107462,77309,30153,29,13,PM_VEGA,SRV-NODE-8
ERP-02807,PROJ-6693,Iquitos,Videoconference,180,195,42660,84783,48132,36651,32,31,PM_SOTO,SRV-NODE-5
ERP-02808,PROJ-3139,Lima,Audiovisual,65,79,27820,49814,28981,20833,13,18,PM_RIVAS,SRV-NODE-7
ERP-02809,PROJ-3428,Puno,Videoconference,117,157,60606,122621,73402,49219,28,29,PM_VEGA,SRV-NODE-1
ERP-02810,PROJ-7781,Huancayo,Audiovisual,118,122,45548,88732,48249,40483,29,40,PM_MEZA,SRV-NODE-4
ERP-02811,PROJ-3420,Cajamarca,Project Mgmt,172,225,59168,96376,75777,20599,50,81,PM_VEGA,SRV-NODE-2
ERP-02812,PROJ-6972,Cajamarca,Project Mgmt,42,51,13398,21756,16841,4915,21,7,PM_PEREZ,SRV-NODE-10
ERP-02813,PROJ-5476,Arequipa,Videoconference,40,40,10320,20285,10829,9456,25,9,PM_PEREZ,SRV-NODE-6
ERP-02814,PROJ-9081,Trujillo,Audiovisual,47,50,23641,45114,24183,20931,14,15,PM_RIVAS,SRV-NODE-2
ERP-02815,PROJ-5492,Puno,Audiovisual,47,47,18847,41193,26296,14897,27,18,PM_PEREZ,SRV-NODE-6
ERP-02816,PROJ-7224,Tacna,Videoconference,128,168,46720,76391,59461,16930,27,25,PM_RIVAS,SRV-NODE-9
ERP-02817,PROJ-6693,Iquitos,Business Proc,36,43,9108,19437,10576,8861,23,3,PM_RIVAS,SRV-NODE-6
ERP-02818,PROJ-8414,Lima,Project Mgmt,175,219,94850,183337,107930,75407,35,25,PM_RIVAS,SRV-NODE-4
ERP-02819,PROJ-4011,Arequipa,Audiovisual,130,169,47840,102862,57304,45558,5,3,PM_SOTO,SRV-NODE-2
ERP-02820,PROJ-6638,Puno,Videoconference,118,146,30208,49186,34743,14443,37,47,PM_RIVAS,SRV-NODE-3
ERP-02821,PROJ-7876,Arequipa,Audiovisual,159,197,45315,73677,59585,14092,31,25,PM_SOTO,SRV-NODE-1
ERP-02822,PROJ-5453,Trujillo,Business Proc,98,126,25970,46885,30635,16250,39,36,PM_SOTO,SRV-NODE-7
ERP-02823,PROJ-5359,Tacna,Videoconference,111,148,51615,109494,59562,49932,36,4,PM_PEREZ,SRV-NODE-10
ERP-02824,PROJ-9206,Cajamarca,Audiovisual,39,49,17082,30193,21394,8799,10,12,PM_PEREZ,SRV-NODE-4
ERP-02825,PROJ-6158,Piura,Business Proc,62,78,36642,60124,44311,15813,48,67,PM_VEGA,SRV-NODE-1
ERP-02826,PROJ-4454,Piura,Videoconference,74,97,31450,58137,34164,23973,27,18,PM_VEGA,SRV-NODE-8
ERP-02827,PROJ-1053,Puno,Audiovisual,176,231,60016,102540,77203,25337,9,8,PM_RIVAS,SRV-NODE-1
ERP-02828,PROJ-7512,Lima,Audiovisual,34,45,7990,14498,9304,5194,37,54,PM_MEZA,SRV-NODE-9
ERP-02829,PROJ-6234,Trujillo,Business Proc,35,46,15995,31299,20618,10681,22,4,PM_PEREZ,SRV-NODE-7
ERP-02830,PROJ-9484,Huancayo,Business Proc,74,93,24494,42793,25527,17266,22,11,PM_MEZA,SRV-NODE-10
ERP-02831,PROJ-1972,Lima,Project Mgmt,78,105,34242,70471,34359,36112,22,38,PM_VEGA,SRV-NODE-8
ERP-02832,PROJ-2100,Arequipa,Audiovisual,75,96,15000,28917,20001,8916,24,19,PM_MEZA,SRV-NODE-3
ERP-02833,PROJ-5393,Piura,Business Proc,143,187,59774,108496,61602,46894,3,3,PM_RIVAS,SRV-NODE-3
ERP-02834,PROJ-2461,Tacna,Videoconference,158,180,39816,87359,50620,36739,17,16,PM_RIVAS,SRV-NODE-9
ERP-02835,PROJ-2274,Cajamarca,Videoconference,101,123,57469,123445,71092,52353,9,2,PM_SOTO,SRV-NODE-5
ERP-02836,PROJ-4598,Iquitos,Videoconference,166,196,66732,114371,82947,31424,3,3,PM_VEGA,SRV-NODE-6
ERP-02837,PROJ-6025,Cusco,Business Proc,142,184,71994,126856,81769,45087,21,6,PM_SOTO,SRV-NODE-10
ERP-02838,PROJ-6637,Cusco,Audiovisual,26,29,9672,17800,13505,4295,28,15,PM_MEZA,SRV-NODE-3
ERP-02839,PROJ-1937,Lima,Videoconference,174,174,60900,119722,65257,54465,48,23,PM_VEGA,SRV-NODE-9
ERP-02840,PROJ-4048,Trujillo,Audiovisual,23,24,12512,21712,13292,8420,39,16,PM_MEZA,SRV-NODE-4
ERP-02841,PROJ-6233,Trujillo,Videoconference,56,66,12488,21698,14789,6909,12,7,PM_MEZA,SRV-NODE-5
ERP-02842,PROJ-9836,Puno,Business Proc,176,212,100848,165258,119578,45680,3,1,PM_MEZA,SRV-NODE-8
ERP-02843,PROJ-4303,Cusco,Audiovisual,147,154,30723,59100,31027,28073,30,28,PM_VEGA,SRV-NODE-7
ERP-02844,PROJ-2748,Tacna,Audiovisual,125,147,73625,128633,79542,49091,35,7,PM_VEGA,SRV-NODE-9
ERP-02845,PROJ-6920,Cajamarca,Project Mgmt,63,81,25326,45547,31228,14319,32,13,PM_SOTO,SRV-NODE-10
ERP-02846,PROJ-3701,Tacna,Business Proc,65,71,15405,25335,19211,6124,7,6,PM_RIVAS,SRV-NODE-9
ERP-02847,PROJ-9012,Tacna,Audiovisual,162,198,41634,73051,54984,18067,37,64,PM_MEZA,SRV-NODE-4
ERP-02848,PROJ-4301,Arequipa,Audiovisual,172,183,85484,160596,103642,56954,25,30,PM_VEGA,SRV-NODE-1
ERP-02849,PROJ-1353,Huancayo,Project Mgmt,117,145,54171,119002,70049,48953,23,8,PM_MEZA,SRV-NODE-3
ERP-02850,PROJ-1333,Arequipa,Business Proc,53,59,20882,39416,26686,12730,47,71,PM_VEGA,SRV-NODE-1
ERP-02851,PROJ-7601,Puno,Project Mgmt,161,167,49749,89800,62421,27379,29,44,PM_MEZA,SRV-NODE-6
ERP-02852,PROJ-2915,Arequipa,Business Proc,63,80,36540,58832,36734,22098,39,17,PM_SOTO,SRV-NODE-10
ERP-02853,PROJ-5888,Piura,Videoconference,67,68,17487,37613,24197,13416,20,6,PM_VEGA,SRV-NODE-8
ERP-02854,PROJ-5075,Arequipa,Audiovisual,36,36,14904,29664,20694,8970,49,13,PM_RIVAS,SRV-NODE-8
ERP-02855,PROJ-5913,Puno,Videoconference,104,128,53144,104184,57618,46566,6,2,PM_SOTO,SRV-NODE-1
ERP-02856,PROJ-6006,Huancayo,Audiovisual,28,37,10248,20086,13680,6406,26,43,PM_VEGA,SRV-NODE-4
ERP-02857,PROJ-6465,Tacna,Project Mgmt,173,195,90998,149394,91087,58307,11,16,PM_SOTO,SRV-NODE-4
ERP-02858,PROJ-7270,Huancayo,Videoconference,93,107,35061,59759,40408,19351,12,9,PM_PEREZ,SRV-NODE-8
ERP-02859,PROJ-7687,Cusco,Videoconference,127,144,52070,96113,71517,24596,48,78,PM_MEZA,SRV-NODE-2
ERP-02860,PROJ-4388,Tacna,Audiovisual,100,108,49000,102389,53431,48958,7,4,PM_SOTO,SRV-NODE-5
ERP-02861,PROJ-4305,Arequipa,Project Mgmt,51,55,27183,54302,32114,22188,20,27,PM_VEGA,SRV-NODE-1
ERP-02862,PROJ-9248,Cajamarca,Business Proc,173,185,75255,144459,80718,63741,14,18,PM_MEZA,SRV-NODE-2
ERP-02863,PROJ-2759,Tacna,Business Proc,151,196,51340,101983,65303,36680,26,25,PM_PEREZ,SRV-NODE-7
ERP-02864,PROJ-7047,Iquitos,Project Mgmt,41,42,23042,49899,31503,18396,27,30,PM_MEZA,SRV-NODE-8
ERP-02865,PROJ-8947,Iquitos,Videoconference,28,31,15204,30260,15663,14597,41,26,PM_SOTO,SRV-NODE-4
ERP-02866,PROJ-3426,Cusco,Videoconference,28,36,7420,14783,9367,5416,17,11,PM_MEZA,SRV-NODE-7
ERP-02867,PROJ-2345,Tacna,Project Mgmt,168,191,72408,119222,80866,38356,15,6,PM_PEREZ,SRV-NODE-9
ERP-02868,PROJ-5259,Cajamarca,Audiovisual,165,191,95205,172441,114728,57713,27,31,PM_SOTO,SRV-NODE-5
ERP-02869,PROJ-4605,Trujillo,Business Proc,172,185,46784,96886,51800,45086,14,18,PM_RIVAS,SRV-NODE-10
ERP-02870,PROJ-1228,Cusco,Project Mgmt,157,181,93886,170919,95787,75132,27,15,PM_RIVAS,SRV-NODE-5
ERP-02871,PROJ-2438,Puno,Project Mgmt,112,117,60032,129876,61266,68610,22,27,PM_RIVAS,SRV-NODE-5
ERP-02872,PROJ-2341,Puno,Project Mgmt,111,139,29304,50673,39146,11527,49,56,PM_RIVAS,SRV-NODE-8
ERP-02873,PROJ-4644,Tacna,Business Proc,29,38,8323,17416,11551,5865,8,0,PM_VEGA,SRV-NODE-7
ERP-02874,PROJ-6305,Tacna,Audiovisual,41,54,10701,18090,14193,3897,6,0,PM_SOTO,SRV-NODE-8
ERP-02875,PROJ-8539,Arequipa,Business Proc,71,78,21939,41281,23693,17588,25,19,PM_SOTO,SRV-NODE-3
ERP-02876,PROJ-8448,Puno,Project Mgmt,72,79,29304,57077,35443,21634,12,8,PM_PEREZ,SRV-NODE-3
ERP-02877,PROJ-7882,Arequipa,Videoconference,146,171,48034,85821,62683,23138,29,7,PM_VEGA,SRV-NODE-7
ERP-02878,PROJ-9073,Huancayo,Videoconference,27,30,11637,19449,12917,6532,49,74,PM_VEGA,SRV-NODE-7
ERP-02879,PROJ-5636,Huancayo,Business Proc,153,171,70686,141421,92824,48597,23,39,PM_SOTO,SRV-NODE-10
ERP-02880,PROJ-7876,Iquitos,Videoconference,93,101,24273,40057,27680,12377,22,36,PM_MEZA,SRV-NODE-2
ERP-02881,PROJ-6094,Cajamarca,Videoconference,57,71,33459,56362,41401,14961,36,32,PM_MEZA,SRV-NODE-8
ERP-02882,PROJ-6180,Iquitos,Audiovisual,149,168,73159,127792,99102,28690,29,3,PM_RIVAS,SRV-NODE-7
ERP-02883,PROJ-7414,Cajamarca,Videoconference,150,169,88200,181768,117615,64153,25,10,PM_RIVAS,SRV-NODE-2
ERP-02884,PROJ-3584,Iquitos,Videoconference,44,48,21252,36337,22716,13621,15,6,PM_MEZA,SRV-NODE-4
ERP-02885,PROJ-4531,Puno,Videoconference,65,81,16250,29209,22011,7198,38,52,PM_PEREZ,SRV-NODE-9
ERP-02886,PROJ-6985,Lima,Videoconference,89,103,31061,51314,41660,9654,3,5,PM_PEREZ,SRV-NODE-4
ERP-02887,PROJ-1078,Cusco,Audiovisual,95,100,26790,54201,32365,21836,42,6,PM_RIVAS,SRV-NODE-1
ERP-02888,PROJ-9890,Tacna,Videoconference,118,143,60534,100260,81683,18577,27,32,PM_PEREZ,SRV-NODE-3
ERP-02889,PROJ-4180,Lima,Business Proc,75,86,35700,75923,38208,37715,16,7,PM_RIVAS,SRV-NODE-7
ERP-02890,PROJ-4479,Lima,Videoconference,180,210,99180,167003,100919,66084,9,7,PM_PEREZ,SRV-NODE-5
ERP-02891,PROJ-2820,Tacna,Project Mgmt,160,172,55840,107427,76168,31259,36,26,PM_MEZA,SRV-NODE-7
ERP-02892,PROJ-8917,Piura,Audiovisual,132,149,45408,90071,45674,44397,48,63,PM_SOTO,SRV-NODE-2
ERP-02893,PROJ-6887,Cajamarca,Audiovisual,89,116,51976,86129,58875,27254,45,19,PM_RIVAS,SRV-NODE-4
ERP-02894,PROJ-9235,Puno,Project Mgmt,98,114,52136,97500,57864,39636,6,7,PM_MEZA,SRV-NODE-4
ERP-02895,PROJ-7156,Huancayo,Project Mgmt,29,36,14297,25307,19926,5381,8,11,PM_VEGA,SRV-NODE-1
ERP-02896,PROJ-7418,Tacna,Business Proc,31,32,18011,30360,18616,11744,35,59,PM_RIVAS,SRV-NODE-3
ERP-02897,PROJ-8524,Tacna,Business Proc,30,31,15540,25384,21259,4125,29,49,PM_VEGA,SRV-NODE-7
ERP-02898,PROJ-6916,Tacna,Project Mgmt,168,208,38304,72099,43878,28221,48,12,PM_MEZA,SRV-NODE-9
ERP-02899,PROJ-7548,Puno,Audiovisual,140,187,67900,118953,71111,47842,5,5,PM_SOTO,SRV-NODE-7
ERP-02900,PROJ-2228,Trujillo,Project Mgmt,167,224,43253,73086,45896,27190,21,10,PM_MEZA,SRV-NODE-6
ERP-02901,PROJ-9586,Cajamarca,Videoconference,50,66,21100,43312,23579,19733,30,18,PM_MEZA,SRV-NODE-6
ERP-02902,PROJ-5179,Lima,Audiovisual,26,32,8554,17085,8690,8395,4,5,PM_RIVAS,SRV-NODE-2
ERP-02903,PROJ-8720,Piura,Business Proc,173,195,73352,122849,80293,42556,38,14,PM_SOTO,SRV-NODE-6
ERP-02904,PROJ-6279,Puno,Videoconference,111,111,52059,113906,57122,56784,7,7,PM_PEREZ,SRV-NODE-4
ERP-02905,PROJ-6507,Piura,Videoconference,128,154,74496,141978,91267,50711,36,63,PM_MEZA,SRV-NODE-10
ERP-02906,PROJ-6422,Huancayo,Project Mgmt,144,180,40032,78893,49036,29857,50,51,PM_MEZA,SRV-NODE-8
ERP-02907,PROJ-6747,Trujillo,Project Mgmt,111,121,41181,67107,52026,15081,26,34,PM_PEREZ,SRV-NODE-7
ERP-02908,PROJ-9468,Trujillo,Business Proc,114,150,47652,104550,60882,43668,34,33,PM_MEZA,SRV-NODE-9
ERP-02909,PROJ-9694,Iquitos,Audiovisual,20,20,7020,12661,8084,4577,15,20,PM_SOTO,SRV-NODE-6
ERP-02910,PROJ-8163,Iquitos,Project Mgmt,96,116,21984,43207,27300,15907,6,9,PM_PEREZ,SRV-NODE-10
ERP-02911,PROJ-9347,Huancayo,Audiovisual,123,140,49323,81904,59401,22503,43,8,PM_SOTO,SRV-NODE-1
ERP-02912,PROJ-2672,Trujillo,Project Mgmt,63,63,37107,76083,49389,26694,31,17,PM_MEZA,SRV-NODE-9
ERP-02913,PROJ-8866,Huancayo,Project Mgmt,140,151,28840,51324,39114,12210,6,9,PM_PEREZ,SRV-NODE-7
ERP-02914,PROJ-6808,Arequipa,Business Proc,132,167,66660,130316,84916,45400,25,17,PM_RIVAS,SRV-NODE-2
ERP-02915,PROJ-1073,Huancayo,Audiovisual,158,175,41238,74365,56472,17893,4,0,PM_VEGA,SRV-NODE-6
ERP-02916,PROJ-4351,Huancayo,Business Proc,82,102,44198,87559,50334,37225,4,4,PM_PEREZ,SRV-NODE-3
ERP-02917,PROJ-4101,Cajamarca,Business Proc,62,82,17980,33275,24929,8346,33,9,PM_PEREZ,SRV-NODE-1
ERP-02918,PROJ-4536,Lima,Project Mgmt,123,133,67527,130021,69560,60461,17,22,PM_RIVAS,SRV-NODE-10
ERP-02919,PROJ-7283,Cajamarca,Videoconference,97,128,38703,75274,51009,24265,34,42,PM_RIVAS,SRV-NODE-1
ERP-02920,PROJ-8995,Tacna,Project Mgmt,145,167,49590,101824,57814,44010,21,3,PM_PEREZ,SRV-NODE-1
ERP-02921,PROJ-8263,Arequipa,Project Mgmt,171,217,86697,155218,102159,53059,31,34,PM_SOTO,SRV-NODE-3
ERP-02922,PROJ-8577,Lima,Audiovisual,64,85,26240,46885,30324,16561,7,6,PM_SOTO,SRV-NODE-6
ERP-02923,PROJ-7460,Trujillo,Videoconference,140,153,37380,70261,41150,29111,44,12,PM_PEREZ,SRV-NODE-10
ERP-02924,PROJ-3295,Iquitos,Business Proc,64,80,15680,31570,21595,9975,16,13,PM_SOTO,SRV-NODE-7
ERP-02925,PROJ-7170,Cajamarca,Project Mgmt,39,47,18369,30851,19630,11221,19,2,PM_RIVAS,SRV-NODE-3
ERP-02926,PROJ-8050,Iquitos,Business Proc,36,47,21024,36219,26219,10000,45,33,PM_SOTO,SRV-NODE-9
ERP-02927,PROJ-6242,Arequipa,Audiovisual,81,85,38394,83480,43570,39910,12,14,PM_SOTO,SRV-NODE-1
ERP-02928,PROJ-9764,Piura,Project Mgmt,139,158,29190,47283,32993,14290,35,11,PM_RIVAS,SRV-NODE-7
ERP-02929,PROJ-9962,Trujillo,Audiovisual,171,191,101403,203913,108101,95812,3,1,PM_RIVAS,SRV-NODE-8
ERP-02930,PROJ-5826,Tacna,Project Mgmt,118,145,41182,76385,45103,31282,46,58,PM_MEZA,SRV-NODE-3
ERP-02931,PROJ-4243,Piura,Videoconference,157,202,66097,117324,78944,38380,29,8,PM_VEGA,SRV-NODE-3
ERP-02932,PROJ-8399,Piura,Project Mgmt,36,39,19908,39686,26021,13665,49,6,PM_RIVAS,SRV-NODE-7
ERP-02933,PROJ-5563,Cusco,Project Mgmt,98,129,46256,96472,62520,33952,40,42,PM_PEREZ,SRV-NODE-1
ERP-02934,PROJ-5466,Trujillo,Videoconference,27,27,7101,12606,9584,3022,8,10,PM_RIVAS,SRV-NODE-3
ERP-02935,PROJ-1490,Trujillo,Videoconference,130,149,37570,65333,48304,17029,20,11,PM_RIVAS,SRV-NODE-9
ERP-02936,PROJ-3780,Lima,Business Proc,138,156,35742,57763,43102,14661,9,5,PM_SOTO,SRV-NODE-8
ERP-02937,PROJ-9640,Cajamarca,Videoconference,67,72,19765,37125,22992,14133,19,24,PM_SOTO,SRV-NODE-6
ERP-02938,PROJ-5336,Piura,Audiovisual,158,203,71416,119567,72828,46739,11,3,PM_MEZA,SRV-NODE-1
ERP-02939,PROJ-2902,Tacna,Videoconference,48,53,21888,37996,29671,8325,19,30,PM_PEREZ,SRV-NODE-10
ERP-02940,PROJ-6320,Cusco,Videoconference,100,119,22700,43318,29382,13936,37,15,PM_MEZA,SRV-NODE-6
ERP-02941,PROJ-6501,Piura,Audiovisual,83,108,36271,68945,40024,28921,15,7,PM_PEREZ,SRV-NODE-8
ERP-02942,PROJ-6200,Piura,Audiovisual,34,43,10472,22592,13661,8931,38,37,PM_MEZA,SRV-NODE-7
ERP-02943,PROJ-8315,Cusco,Audiovisual,135,146,70335,125649,87542,38107,48,32,PM_PEREZ,SRV-NODE-10
ERP-02944,PROJ-5391,Huancayo,Videoconference,140,187,46620,85974,49138,36836,14,24,PM_VEGA,SRV-NODE-7
ERP-02945,PROJ-2197,Tacna,Audiovisual,156,177,60996,121361,75349,46012,9,8,PM_SOTO,SRV-NODE-4
ERP-02946,PROJ-8422,Tacna,Audiovisual,36,46,9504,18159,12068,6091,44,36,PM_RIVAS,SRV-NODE-5
ERP-02947,PROJ-8231,Tacna,Business Proc,103,106,28016,55031,37298,17733,42,20,PM_SOTO,SRV-NODE-7
ERP-02948,PROJ-7542,Trujillo,Project Mgmt,61,70,31598,64241,31817,32424,47,66,PM_SOTO,SRV-NODE-9
ERP-02949,PROJ-4632,Lima,Videoconference,39,43,10218,19115,12310,6805,15,19,PM_VEGA,SRV-NODE-8
ERP-02950,PROJ-5648,Cajamarca,Project Mgmt,102,132,22848,49965,25412,24553,36,52,PM_MEZA,SRV-NODE-7
ERP-02951,PROJ-3844,Trujillo,Business Proc,148,161,52540,106130,61964,44166,23,12,PM_RIVAS,SRV-NODE-8
ERP-02952,PROJ-8245,Puno,Project Mgmt,159,198,37047,62668,50669,11999,20,15,PM_PEREZ,SRV-NODE-6
ERP-02953,PROJ-4729,Arequipa,Videoconference,135,158,37125,68485,43014,25471,30,48,PM_RIVAS,SRV-NODE-4
ERP-02954,PROJ-4405,Piura,Audiovisual,39,39,19422,31139,26294,4845,6,7,PM_MEZA,SRV-NODE-2
ERP-02955,PROJ-7089,Trujillo,Audiovisual,22,28,9812,19162,13669,5493,47,24,PM_VEGA,SRV-NODE-10
ERP-02956,PROJ-7212,Trujillo,Audiovisual,30,33,7290,12926,8383,4543,7,10,PM_PEREZ,SRV-NODE-3
ERP-02957,PROJ-9017,Arequipa,Project Mgmt,86,101,34314,65538,43676,21862,8,7,PM_MEZA,SRV-NODE-10
ERP-02958,PROJ-3030,Tacna,Videoconference,83,105,25481,45855,34613,11242,37,57,PM_PEREZ,SRV-NODE-7
ERP-02959,PROJ-1809,Huancayo,Videoconference,172,222,57620,124006,61087,62919,24,36,PM_VEGA,SRV-NODE-2
ERP-02960,PROJ-6365,Huancayo,Videoconference,150,158,53700,89442,57257,32185,23,9,PM_PEREZ,SRV-NODE-4
ERP-02961,PROJ-2179,Lima,Project Mgmt,68,71,13668,27572,13778,13794,26,42,PM_RIVAS,SRV-NODE-2
ERP-02962,PROJ-6023,Cajamarca,Audiovisual,61,61,19825,42918,20981,21937,31,26,PM_PEREZ,SRV-NODE-2
ERP-02963,PROJ-4689,Tacna,Audiovisual,60,62,18240,38112,25269,12843,33,9,PM_PEREZ,SRV-NODE-9
ERP-02964,PROJ-1715,Tacna,Business Proc,25,25,12450,25346,12453,12893,38,65,PM_VEGA,SRV-NODE-10
ERP-02965,PROJ-9428,Piura,Business Proc,120,146,59280,117578,59450,58128,9,7,PM_PEREZ,SRV-NODE-8
ERP-02966,PROJ-1929,Puno,Audiovisual,40,42,20160,40421,26411,14010,8,7,PM_VEGA,SRV-NODE-6
ERP-02967,PROJ-5817,Huancayo,Videoconference,69,82,22908,44637,29983,14654,26,21,PM_SOTO,SRV-NODE-3
ERP-02968,PROJ-1492,Tacna,Project Mgmt,33,35,8217,17737,10320,7417,30,28,PM_RIVAS,SRV-NODE-3
ERP-02969,PROJ-9388,Arequipa,Project Mgmt,81,85,31995,62821,39716,23105,3,4,PM_VEGA,SRV-NODE-6
ERP-02970,PROJ-4009,Cusco,Audiovisual,33,40,14817,32318,20082,12236,21,31,PM_VEGA,SRV-NODE-8
ERP-02971,PROJ-6688,Cusco,Audiovisual,155,174,69905,129883,87152,42731,17,6,PM_PEREZ,SRV-NODE-1
ERP-02972,PROJ-9964,Cusco,Business Proc,54,54,24732,49926,29124,20802,5,2,PM_SOTO,SRV-NODE-1
ERP-02973,PROJ-7404,Piura,Videoconference,53,62,12561,20250,15909,4341,20,32,PM_MEZA,SRV-NODE-7
ERP-02974,PROJ-7123,Cajamarca,Business Proc,153,189,90882,157589,93756,63833,5,3,PM_PEREZ,SRV-NODE-8
ERP-02975,PROJ-8689,Cusco,Videoconference,41,41,21115,38033,26592,11441,42,40,PM_PEREZ,SRV-NODE-5
ERP-02976,PROJ-6727,Lima,Audiovisual,139,156,27800,53105,35489,17616,47,67,PM_MEZA,SRV-NODE-10
ERP-02977,PROJ-3272,Arequipa,Project Mgmt,94,126,18800,38450,18962,19488,48,40,PM_PEREZ,SRV-NODE-7
ERP-02978,PROJ-5667,Cusco,Business Proc,34,38,13362,27147,15451,11696,35,43,PM_PEREZ,SRV-NODE-8
ERP-02979,PROJ-1952,Puno,Videoconference,156,163,57720,101466,67250,34216,17,28,PM_SOTO,SRV-NODE-8
ERP-02980,PROJ-1634,Huancayo,Business Proc,120,142,56520,120536,63247,57289,14,22,PM_PEREZ,SRV-NODE-4
ERP-02981,PROJ-8288,Cusco,Project Mgmt,167,168,40414,84246,52296,31950,7,6,PM_SOTO,SRV-NODE-3
ERP-02982,PROJ-5191,Piura,Business Proc,55,65,18205,34858,20910,13948,7,9,PM_VEGA,SRV-NODE-8
ERP-02983,PROJ-5357,Piura,Business Proc,46,48,9660,15560,11532,4028,16,28,PM_RIVAS,SRV-NODE-2
ERP-02984,PROJ-9739,Cajamarca,Project Mgmt,103,113,56341,107985,57521,50464,39,31,PM_SOTO,SRV-NODE-8
ERP-02985,PROJ-5667,Piura,Videoconference,159,176,63441,127365,86415,40950,13,6,PM_SOTO,SRV-NODE-9
ERP-02986,PROJ-2458,Lima,Business Proc,137,144,77405,148233,95976,52257,41,15,PM_SOTO,SRV-NODE-10
ERP-02987,PROJ-3494,Piura,Project Mgmt,37,38,7474,12259,10129,2130,30,36,PM_PEREZ,SRV-NODE-8
ERP-02988,PROJ-9259,Puno,Business Proc,116,155,56608,98604,72786,25818,36,23,PM_RIVAS,SRV-NODE-6
ERP-02989,PROJ-3605,Arequipa,Audiovisual,126,128,44856,81038,47410,33628,49,58,PM_SOTO,SRV-NODE-9
ERP-02990,PROJ-7720,Piura,Audiovisual,30,37,13560,25004,13863,11141,33,5,PM_PEREZ,SRV-NODE-8
ERP-02991,PROJ-1001,Cajamarca,Project Mgmt,74,77,27380,49893,29967,19926,50,78,PM_VEGA,SRV-NODE-7
ERP-02992,PROJ-4798,Cusco,Business Proc,77,78,22792,39852,30759,9093,20,13,PM_PEREZ,SRV-NODE-10
ERP-02993,PROJ-7357,Puno,Business Proc,77,94,25487,49147,33415,15732,48,38,PM_SOTO,SRV-NODE-8
ERP-02994,PROJ-2990,Huancayo,Videoconference,165,203,71280,117443,76799,40644,9,13,PM_SOTO,SRV-NODE-7
ERP-02995,PROJ-4065,Arequipa,Audiovisual,56,58,28392,56525,35424,21101,10,17,PM_MEZA,SRV-NODE-8
ERP-02996,PROJ-8278,Lima,Audiovisual,49,60,15239,27630,19529,8101,37,56,PM_VEGA,SRV-NODE-10
ERP-02997,PROJ-8012,Trujillo,Videoconference,144,183,42336,80180,43030,37150,30,44,PM_SOTO,SRV-NODE-6
ERP-02998,PROJ-8501,Iquitos,Project Mgmt,34,41,11288,22034,14705,7329,15,13,PM_VEGA,SRV-NODE-6
ERP-02999,PROJ-6618,Cajamarca,Business Proc,101,127,55752,120663,73641,47022,10,12,PM_MEZA,SRV-NODE-6
ERP-03000,PROJ-1091,Lima,Audiovisual,83,109,28635,48649,32606,16043,50,45,PM_VEGA,SRV-NODE-7
ERP-03001,PROJ-3008,Cusco,Business Proc,26,34,14300,26176,15908,10268,4,6,PM_SOTO,SRV-NODE-8
ERP-03002,PROJ-8289,Huancayo,Audiovisual,64,71,28096,52217,39113,13104,20,16,PM_VEGA,SRV-NODE-10
ERP-03003,PROJ-2197,Trujillo,Videoconference,30,33,10590,21080,11872,9208,22,22,PM_MEZA,SRV-NODE-4
ERP-03004,PROJ-3456,Piura,Audiovisual,39,46,19422,34255,24655,9600,13,17,PM_SOTO,SRV-NODE-6
ERP-03005,PROJ-9029,Arequipa,Project Mgmt,20,21,6720,13419,7766,5653,5,1,PM_PEREZ,SRV-NODE-4
ERP-03006,PROJ-8760,Cajamarca,Audiovisual,119,159,28441,56651,36387,20264,48,56,PM_VEGA,SRV-NODE-8
ERP-03007,PROJ-5997,Huancayo,Project Mgmt,38,47,14364,25832,14655,11177,34,45,PM_RIVAS,SRV-NODE-9
ERP-03008,PROJ-5309,Cajamarca,Project Mgmt,143,154,48191,88325,51895,36430,35,62,PM_RIVAS,SRV-NODE-8
ERP-03009,PROJ-7622,Trujillo,Videoconference,121,129,28435,58255,38489,19766,4,1,PM_PEREZ,SRV-NODE-2
ERP-03010,PROJ-8261,Puno,Audiovisual,140,179,60060,112192,72261,39931,10,15,PM_MEZA,SRV-NODE-3
ERP-03011,PROJ-6578,Trujillo,Project Mgmt,55,61,18755,37124,23234,13890,43,57,PM_VEGA,SRV-NODE-4
ERP-03012,PROJ-2451,Trujillo,Videoconference,83,105,37765,62450,44118,18332,29,4,PM_MEZA,SRV-NODE-1
ERP-03013,PROJ-7348,Iquitos,Videoconference,51,59,30192,60325,30533,29792,3,4,PM_PEREZ,SRV-NODE-4
ERP-03014,PROJ-5757,Arequipa,Business Proc,161,187,33166,71460,36669,34791,33,52,PM_PEREZ,SRV-NODE-1
ERP-03015,PROJ-4008,Iquitos,Project Mgmt,153,185,43299,81792,46832,34960,3,4,PM_VEGA,SRV-NODE-9
ERP-03016,PROJ-4947,Arequipa,Project Mgmt,76,76,34808,65126,41804,23322,48,72,PM_VEGA,SRV-NODE-5
ERP-03017,PROJ-4999,Trujillo,Videoconference,115,130,64055,136086,73297,62789,9,6,PM_PEREZ,SRV-NODE-6
ERP-03018,PROJ-1055,Cajamarca,Audiovisual,54,68,29754,60659,31476,29183,36,64,PM_VEGA,SRV-NODE-4
ERP-03019,PROJ-4334,Lima,Project Mgmt,40,44,18880,38164,23613,14551,38,42,PM_VEGA,SRV-NODE-2
ERP-03020,PROJ-4498,Piura,Business Proc,41,42,18491,40162,18915,21247,41,70,PM_RIVAS,SRV-NODE-5
ERP-03021,PROJ-5341,Trujillo,Videoconference,164,184,82820,156624,97006,59618,35,20,PM_MEZA,SRV-NODE-5
ERP-03022,PROJ-5851,Lima,Audiovisual,129,141,73014,139332,87922,51410,41,28,PM_RIVAS,SRV-NODE-2
ERP-03023,PROJ-4873,Piura,Business Proc,164,213,92988,181457,114651,66806,24,31,PM_PEREZ,SRV-NODE-5
ERP-03024,PROJ-9937,Cajamarca,Audiovisual,47,55,10575,18050,11856,6194,23,36,PM_PEREZ,SRV-NODE-8
ERP-03025,PROJ-3682,Trujillo,Business Proc,157,201,63428,121717,78894,42823,15,8,PM_VEGA,SRV-NODE-5
ERP-03026,PROJ-4062,Iquitos,Project Mgmt,157,169,84309,160526,105353,55173,28,19,PM_MEZA,SRV-NODE-1
ERP-03027,PROJ-1311,Iquitos,Videoconference,52,63,20956,33806,25697,8109,38,18,PM_RIVAS,SRV-NODE-8
ERP-03028,PROJ-4637,Piura,Videoconference,128,151,25600,49825,35625,14200,30,14,PM_SOTO,SRV-NODE-2
ERP-03029,PROJ-8218,Iquitos,Videoconference,130,165,44330,75227,59913,15314,50,13,PM_SOTO,SRV-NODE-3
ERP-03030,PROJ-5178,Arequipa,Audiovisual,154,159,82544,168566,115319,53247,50,68,PM_RIVAS,SRV-NODE-7
ERP-03031,PROJ-5493,Puno,Business Proc,141,146,36378,69298,45773,23525,3,1,PM_RIVAS,SRV-NODE-8
ERP-03032,PROJ-7887,Iquitos,Project Mgmt,38,41,7638,15960,9640,6320,26,43,PM_VEGA,SRV-NODE-10
ERP-03033,PROJ-7269,Cajamarca,Videoconference,68,69,33592,62364,36806,25558,35,15,PM_VEGA,SRV-NODE-2
ERP-03034,PROJ-1584,Piura,Business Proc,49,54,17542,30719,19813,10906,35,48,PM_MEZA,SRV-NODE-3
ERP-03035,PROJ-7710,Piura,Project Mgmt,131,135,56461,94227,65984,28243,31,45,PM_PEREZ,SRV-NODE-10
ERP-03036,PROJ-7748,Trujillo,Videoconference,97,116,27451,45000,29043,15957,41,24,PM_PEREZ,SRV-NODE-5
ERP-03037,PROJ-4220,Cajamarca,Project Mgmt,57,65,18810,34171,18913,15258,32,20,PM_VEGA,SRV-NODE-1
ERP-03038,PROJ-3169,Piura,Business Proc,96,119,39360,69700,48024,21676,33,41,PM_VEGA,SRV-NODE-5
ERP-03039,PROJ-8263,Arequipa,Audiovisual,155,193,56885,115306,64606,50700,32,42,PM_MEZA,SRV-NODE-7
ERP-03040,PROJ-3382,Iquitos,Videoconference,176,189,79200,150938,88883,62055,11,11,PM_SOTO,SRV-NODE-10
ERP-03041,PROJ-5358,Cusco,Project Mgmt,63,74,36162,72417,37699,34718,39,4,PM_PEREZ,SRV-NODE-3
ERP-03042,PROJ-2251,Puno,Audiovisual,109,119,51230,109616,68291,41325,41,51,PM_RIVAS,SRV-NODE-1
ERP-03043,PROJ-8667,Lima,Audiovisual,139,145,75060,121925,93440,28485,37,63,PM_VEGA,SRV-NODE-1
ERP-03044,PROJ-1778,Cajamarca,Videoconference,36,41,12096,25227,16033,9194,14,18,PM_SOTO,SRV-NODE-6
ERP-03045,PROJ-1598,Puno,Audiovisual,21,23,5649,10510,5833,4677,12,17,PM_VEGA,SRV-NODE-9
ERP-03046,PROJ-5324,Huancayo,Project Mgmt,123,142,26322,46303,27315,18988,8,10,PM_PEREZ,SRV-NODE-7
ERP-03047,PROJ-5474,Piura,Videoconference,164,176,85936,154384,115664,38720,15,6,PM_PEREZ,SRV-NODE-7
ERP-03048,PROJ-6524,Cusco,Audiovisual,148,195,76664,134961,84001,50960,31,47,PM_VEGA,SRV-NODE-2
ERP-03049,PROJ-9394,Huancayo,Project Mgmt,136,167,58208,118934,79508,39426,24,28,PM_SOTO,SRV-NODE-6
ERP-03050,PROJ-4693,Lima,Videoconference,66,74,23958,49966,25094,24872,44,66,PM_VEGA,SRV-NODE-10
ERP-03051,PROJ-6595,Iquitos,Business Proc,131,145,60260,123603,63132,60471,24,30,PM_SOTO,SRV-NODE-2
ERP-03052,PROJ-8155,Iquitos,Videoconference,150,160,45600,75070,57908,17162,9,7,PM_RIVAS,SRV-NODE-2
ERP-03053,PROJ-4954,Cusco,Audiovisual,30,39,13980,25922,17831,8091,5,4,PM_SOTO,SRV-NODE-1
ERP-03054,PROJ-6502,Iquitos,Audiovisual,36,44,21564,41820,25352,16468,30,9,PM_SOTO,SRV-NODE-3
ERP-03055,PROJ-5516,Lima,Videoconference,165,196,59235,95611,64301,31310,13,20,PM_VEGA,SRV-NODE-7
ERP-03056,PROJ-3929,Trujillo,Audiovisual,169,221,92274,158372,112427,45945,41,9,PM_PEREZ,SRV-NODE-6
ERP-03057,PROJ-2691,Iquitos,Audiovisual,48,57,21504,40092,28971,11121,39,21,PM_PEREZ,SRV-NODE-7
ERP-03058,PROJ-2231,Lima,Audiovisual,173,184,43423,95483,50698,44785,21,14,PM_MEZA,SRV-NODE-10
ERP-03059,PROJ-5243,Trujillo,Project Mgmt,147,173,48804,103689,53396,50293,14,7,PM_RIVAS,SRV-NODE-3
ERP-03060,PROJ-6534,Iquitos,Business Proc,48,59,24144,41138,27505,13633,16,25,PM_VEGA,SRV-NODE-3
ERP-03061,PROJ-4140,Trujillo,Videoconference,174,231,91524,198048,104033,94015,41,46,PM_MEZA,SRV-NODE-1
ERP-03062,PROJ-6538,Trujillo,Business Proc,98,108,56252,117109,62225,54884,37,33,PM_RIVAS,SRV-NODE-5
ERP-03063,PROJ-6291,Trujillo,Business Proc,84,109,42672,82094,49913,32181,3,1,PM_VEGA,SRV-NODE-10
ERP-03064,PROJ-6203,Trujillo,Audiovisual,64,72,23616,44647,23899,20748,50,47,PM_SOTO,SRV-NODE-6
ERP-03065,PROJ-6246,Cajamarca,Business Proc,83,86,22908,41528,27776,13752,36,10,PM_RIVAS,SRV-NODE-3
ERP-03066,PROJ-6385,Piura,Videoconference,129,145,38442,70983,45014,25969,47,16,PM_VEGA,SRV-NODE-2
ERP-03067,PROJ-7394,Cajamarca,Project Mgmt,160,207,75360,136334,77876,58458,25,31,PM_PEREZ,SRV-NODE-4
ERP-03068,PROJ-7948,Cajamarca,Videoconference,124,164,66712,112013,90888,21125,41,23,PM_RIVAS,SRV-NODE-7
ERP-03069,PROJ-3078,Puno,Videoconference,43,48,17845,31639,19299,12340,4,4,PM_RIVAS,SRV-NODE-7
ERP-03070,PROJ-6781,Arequipa,Business Proc,81,94,28674,58819,35391,23428,22,28,PM_PEREZ,SRV-NODE-3
ERP-03071,PROJ-4127,Tacna,Project Mgmt,148,198,37888,72475,51477,20998,10,10,PM_VEGA,SRV-NODE-5
ERP-03072,PROJ-2805,Tacna,Audiovisual,69,70,33051,63909,43140,20769,43,4,PM_VEGA,SRV-NODE-10
ERP-03073,PROJ-9342,Iquitos,Project Mgmt,150,153,41400,83020,49604,33416,9,13,PM_MEZA,SRV-NODE-9
ERP-03074,PROJ-1585,Cajamarca,Audiovisual,28,35,8680,14637,10873,3764,17,21,PM_RIVAS,SRV-NODE-6
ERP-03075,PROJ-6564,Iquitos,Audiovisual,109,114,34989,60856,42910,17946,20,13,PM_MEZA,SRV-NODE-8
ERP-03076,PROJ-8796,Iquitos,Project Mgmt,106,126,29468,64239,35715,28524,35,39,PM_RIVAS,SRV-NODE-4
ERP-03077,PROJ-3916,Trujillo,Audiovisual,176,184,102960,177807,126530,51277,12,6,PM_RIVAS,SRV-NODE-4
ERP-03078,PROJ-4700,Trujillo,Videoconference,41,51,12915,27859,15714,12145,25,2,PM_PEREZ,SRV-NODE-7
ERP-03079,PROJ-1175,Iquitos,Videoconference,72,94,26856,50014,35480,14534,33,43,PM_PEREZ,SRV-NODE-4
ERP-03080,PROJ-3342,Cajamarca,Videoconference,141,157,54426,111804,72708,39096,18,9,PM_RIVAS,SRV-NODE-7
ERP-03081,PROJ-6039,Arequipa,Videoconference,35,42,14420,31593,15138,16455,28,27,PM_SOTO,SRV-NODE-1
ERP-03082,PROJ-4745,Puno,Business Proc,67,86,24388,43090,34064,9026,7,1,PM_MEZA,SRV-NODE-7
ERP-03083,PROJ-4835,Piura,Business Proc,156,184,63960,132592,67212,65380,19,15,PM_VEGA,SRV-NODE-2
ERP-03084,PROJ-6413,Trujillo,Business Proc,144,158,35712,67008,36748,30260,50,19,PM_SOTO,SRV-NODE-7
ERP-03085,PROJ-6183,Piura,Audiovisual,56,67,17304,37783,19570,18213,21,31,PM_RIVAS,SRV-NODE-7
ERP-03086,PROJ-5518,Iquitos,Business Proc,124,127,26164,44521,35879,8642,15,2,PM_SOTO,SRV-NODE-7
ERP-03087,PROJ-7804,Arequipa,Business Proc,66,67,32076,57592,33546,24046,49,15,PM_MEZA,SRV-NODE-10
ERP-03088,PROJ-6212,Arequipa,Audiovisual,116,125,46168,79671,57470,22201,27,37,PM_RIVAS,SRV-NODE-9
ERP-03089,PROJ-2424,Cusco,Business Proc,125,128,72500,143853,80792,63061,36,54,PM_RIVAS,SRV-NODE-9
ERP-03090,PROJ-5213,Cajamarca,Audiovisual,28,30,12236,24263,13279,10984,48,31,PM_MEZA,SRV-NODE-1
ERP-03091,PROJ-4271,Cajamarca,Project Mgmt,46,50,12328,26479,14109,12370,31,13,PM_RIVAS,SRV-NODE-4
ERP-03092,PROJ-4542,Iquitos,Project Mgmt,155,160,62930,136238,63900,72338,40,38,PM_VEGA,SRV-NODE-3
ERP-03093,PROJ-6880,Iquitos,Audiovisual,132,149,40656,68587,56011,12576,27,47,PM_VEGA,SRV-NODE-7
ERP-03094,PROJ-6282,Lima,Project Mgmt,153,199,56304,116640,70696,45944,38,49,PM_SOTO,SRV-NODE-2
ERP-03095,PROJ-9966,Arequipa,Videoconference,83,86,22410,44062,30243,13819,6,3,PM_VEGA,SRV-NODE-2
ERP-03096,PROJ-9251,Huancayo,Project Mgmt,20,24,10940,20547,11747,8800,8,10,PM_SOTO,SRV-NODE-3
ERP-03097,PROJ-4200,Cusco,Videoconference,139,146,59909,118233,76200,42033,18,31,PM_MEZA,SRV-NODE-1
ERP-03098,PROJ-3067,Cusco,Project Mgmt,55,60,16170,32755,19454,13301,35,25,PM_SOTO,SRV-NODE-6
ERP-03099,PROJ-1157,Arequipa,Videoconference,76,91,25688,55052,34450,20602,20,14,PM_SOTO,SRV-NODE-10
ERP-03100,PROJ-3164,Arequipa,Project Mgmt,153,170,47430,101154,48274,52880,37,5,PM_PEREZ,SRV-NODE-2
ERP-03101,PROJ-6892,Cusco,Business Proc,171,196,81909,141246,102908,38338,23,35,PM_SOTO,SRV-NODE-1
ERP-03102,PROJ-1216,Iquitos,Videoconference,80,86,29280,53379,31586,21793,15,3,PM_VEGA,SRV-NODE-4
ERP-03103,PROJ-8103,Tacna,Project Mgmt,52,58,15080,24280,19001,5279,33,19,PM_SOTO,SRV-NODE-4
ERP-03104,PROJ-9454,Lima,Audiovisual,70,80,24710,44634,28476,16158,7,4,PM_VEGA,SRV-NODE-7
ERP-03105,PROJ-3299,Lima,Videoconference,125,149,62625,110507,68202,42305,21,18,PM_PEREZ,SRV-NODE-10
ERP-03106,PROJ-6480,Iquitos,Videoconference,68,78,28288,51481,28964,22517,33,5,PM_PEREZ,SRV-NODE-10
ERP-03107,PROJ-5646,Puno,Videoconference,124,131,69440,127114,89396,37718,25,17,PM_MEZA,SRV-NODE-9
ERP-03108,PROJ-9284,Iquitos,Project Mgmt,25,28,6950,11265,8705,2560,33,50,PM_MEZA,SRV-NODE-9
ERP-03109,PROJ-7041,Puno,Videoconference,68,87,38964,68619,45892,22727,49,61,PM_VEGA,SRV-NODE-9
ERP-03110,PROJ-7528,Piura,Business Proc,176,216,53152,113538,70079,43459,6,2,PM_PEREZ,SRV-NODE-5
ERP-03111,PROJ-7453,Piura,Audiovisual,30,32,9000,17281,11855,5426,6,6,PM_RIVAS,SRV-NODE-10
ERP-03112,PROJ-7721,Trujillo,Audiovisual,20,21,8420,15638,11120,4518,43,11,PM_SOTO,SRV-NODE-9
ERP-03113,PROJ-7834,Trujillo,Project Mgmt,80,99,43600,89567,49624,39943,19,17,PM_VEGA,SRV-NODE-9
ERP-03114,PROJ-2176,Lima,Videoconference,27,27,6696,12685,7134,5551,19,8,PM_MEZA,SRV-NODE-2
ERP-03115,PROJ-9034,Piura,Videoconference,180,215,47880,77390,62561,14829,36,10,PM_RIVAS,SRV-NODE-3
ERP-03116,PROJ-1707,Cajamarca,Business Proc,53,65,30316,59798,35162,24636,29,41,PM_PEREZ,SRV-NODE-8
ERP-03117,PROJ-5419,Puno,Audiovisual,167,188,68971,110515,91377,19138,12,17,PM_RIVAS,SRV-NODE-8
ERP-03118,PROJ-3068,Arequipa,Audiovisual,43,45,11782,24172,11891,12281,15,20,PM_SOTO,SRV-NODE-7
ERP-03119,PROJ-9026,Piura,Project Mgmt,35,43,10430,19984,14419,5565,27,28,PM_VEGA,SRV-NODE-1
ERP-03120,PROJ-4770,Puno,Business Proc,57,75,12540,22020,14016,8004,5,1,PM_PEREZ,SRV-NODE-1
ERP-03121,PROJ-9393,Tacna,Videoconference,65,77,21060,44638,23322,21316,16,20,PM_MEZA,SRV-NODE-5
ERP-03122,PROJ-9243,Arequipa,Videoconference,150,197,32100,57694,35670,22024,20,16,PM_MEZA,SRV-NODE-9
ERP-03123,PROJ-1554,Huancayo,Business Proc,22,28,7238,12982,7999,4983,46,52,PM_VEGA,SRV-NODE-3
ERP-03124,PROJ-8705,Huancayo,Business Proc,129,150,61146,109126,84411,24715,22,6,PM_RIVAS,SRV-NODE-8
ERP-03125,PROJ-9463,Tacna,Audiovisual,60,77,17940,32956,23267,9689,6,3,PM_VEGA,SRV-NODE-8
ERP-03126,PROJ-7098,Trujillo,Business Proc,70,72,23660,43125,27443,15682,16,1,PM_SOTO,SRV-NODE-8
ERP-03127,PROJ-7568,Iquitos,Videoconference,71,90,39973,64428,41329,23099,26,26,PM_VEGA,SRV-NODE-2
ERP-03128,PROJ-6628,Piura,Videoconference,61,61,33611,59577,36301,23276,44,25,PM_PEREZ,SRV-NODE-3
ERP-03129,PROJ-9570,Tacna,Business Proc,176,192,58256,125080,72311,52769,19,32,PM_SOTO,SRV-NODE-8
ERP-03130,PROJ-4279,Piura,Business Proc,126,155,61236,118255,71833,46422,9,1,PM_SOTO,SRV-NODE-5
ERP-03131,PROJ-2131,Piura,Project Mgmt,149,164,75543,137365,80329,57036,32,49,PM_PEREZ,SRV-NODE-8
ERP-03132,PROJ-5195,Huancayo,Videoconference,52,54,12220,24510,15976,8534,8,2,PM_MEZA,SRV-NODE-7
ERP-03133,PROJ-6058,Puno,Business Proc,98,121,19992,38683,24918,13765,17,4,PM_PEREZ,SRV-NODE-10
ERP-03134,PROJ-7935,Cajamarca,Videoconference,129,158,35604,62409,42895,19514,14,16,PM_VEGA,SRV-NODE-4
ERP-03135,PROJ-9353,Iquitos,Audiovisual,152,173,33592,55624,35088,20536,13,17,PM_SOTO,SRV-NODE-6
ERP-03136,PROJ-7726,Cajamarca,Business Proc,143,189,57200,115740,77213,38527,49,31,PM_VEGA,SRV-NODE-5
ERP-03137,PROJ-3091,Lima,Project Mgmt,139,164,54071,116454,68600,47854,43,63,PM_PEREZ,SRV-NODE-3
ERP-03138,PROJ-7126,Tacna,Videoconference,93,109,55428,95499,62944,32555,34,32,PM_MEZA,SRV-NODE-3
ERP-03139,PROJ-6373,Cusco,Project Mgmt,145,167,44515,93740,60165,33575,36,27,PM_SOTO,SRV-NODE-8
ERP-03140,PROJ-4935,Tacna,Audiovisual,108,119,59076,116306,62036,54270,9,11,PM_RIVAS,SRV-NODE-4
ERP-03141,PROJ-3993,Puno,Project Mgmt,135,143,28350,53760,31391,22369,17,3,PM_RIVAS,SRV-NODE-6
ERP-03142,PROJ-1945,Iquitos,Audiovisual,156,199,35568,62023,49297,12726,50,6,PM_VEGA,SRV-NODE-10
ERP-03143,PROJ-5248,Puno,Project Mgmt,45,58,25425,51528,27653,23875,18,8,PM_MEZA,SRV-NODE-7
ERP-03144,PROJ-3021,Trujillo,Audiovisual,59,68,34043,66709,35864,30845,25,34,PM_MEZA,SRV-NODE-9
ERP-03145,PROJ-7066,Iquitos,Project Mgmt,177,207,63366,125148,79576,45572,31,31,PM_VEGA,SRV-NODE-7
ERP-03146,PROJ-9862,Cajamarca,Project Mgmt,95,102,48925,106483,63335,43148,23,9,PM_MEZA,SRV-NODE-4
ERP-03147,PROJ-3140,Lima,Audiovisual,47,59,15839,31359,20268,11091,50,59,PM_SOTO,SRV-NODE-4
ERP-03148,PROJ-9714,Piura,Videoconference,102,106,46410,82599,59010,23589,39,68,PM_VEGA,SRV-NODE-5
ERP-03149,PROJ-2314,Puno,Videoconference,27,28,14553,26545,15012,11533,5,7,PM_RIVAS,SRV-NODE-5
ERP-03150,PROJ-3473,Trujillo,Project Mgmt,112,146,34496,58763,37191,21572,23,34,PM_MEZA,SRV-NODE-10
ERP-03151,PROJ-2507,Trujillo,Videoconference,99,102,57915,117334,73059,44275,49,70,PM_SOTO,SRV-NODE-9
ERP-03152,PROJ-8303,Cusco,Project Mgmt,107,126,25252,46612,29396,17216,10,12,PM_SOTO,SRV-NODE-9
ERP-03153,PROJ-3369,Puno,Project Mgmt,137,171,76172,129062,106472,22590,40,71,PM_MEZA,SRV-NODE-4
ERP-03154,PROJ-9469,Arequipa,Project Mgmt,37,41,14874,24657,15424,9233,6,1,PM_RIVAS,SRV-NODE-10
ERP-03155,PROJ-5292,Piura,Videoconference,68,91,29036,55532,30860,24672,41,13,PM_SOTO,SRV-NODE-4
ERP-03156,PROJ-4083,Cusco,Audiovisual,63,67,17640,32767,20464,12303,48,61,PM_SOTO,SRV-NODE-6
ERP-03157,PROJ-9061,Trujillo,Business Proc,39,46,13416,27985,17497,10488,12,11,PM_VEGA,SRV-NODE-8
ERP-03158,PROJ-8721,Lima,Business Proc,50,63,28950,52651,36186,16465,35,37,PM_SOTO,SRV-NODE-3
ERP-03159,PROJ-5580,Tacna,Project Mgmt,30,37,6120,10686,6527,4159,6,10,PM_MEZA,SRV-NODE-1
ERP-03160,PROJ-4560,Puno,Videoconference,36,41,15048,29136,19659,9477,23,12,PM_SOTO,SRV-NODE-2
ERP-03161,PROJ-8966,Trujillo,Project Mgmt,98,108,56938,109868,73697,36171,20,32,PM_PEREZ,SRV-NODE-10
ERP-03162,PROJ-4780,Cajamarca,Project Mgmt,39,50,13416,24784,15411,9373,19,6,PM_RIVAS,SRV-NODE-1
ERP-03163,PROJ-1789,Puno,Project Mgmt,145,177,73660,144895,92998,51897,25,9,PM_PEREZ,SRV-NODE-5
ERP-03164,PROJ-9597,Trujillo,Videoconference,141,164,57105,104112,69761,34351,28,6,PM_RIVAS,SRV-NODE-2
ERP-03165,PROJ-9116,Trujillo,Business Proc,49,58,9849,19984,12962,7022,26,23,PM_RIVAS,SRV-NODE-3
ERP-03166,PROJ-5728,Lima,Project Mgmt,34,43,9826,17816,10087,7729,5,8,PM_VEGA,SRV-NODE-6
ERP-03167,PROJ-7806,Trujillo,Videoconference,124,143,25296,44769,30138,14631,3,1,PM_PEREZ,SRV-NODE-4
ERP-03168,PROJ-2129,Trujillo,Audiovisual,130,142,32630,62814,33910,28904,50,46,PM_SOTO,SRV-NODE-7
ERP-03169,PROJ-2336,Cusco,Project Mgmt,33,39,15345,26997,15837,11160,42,40,PM_VEGA,SRV-NODE-10
ERP-03170,PROJ-7383,Lima,Videoconference,119,132,43911,72914,49958,22956,13,10,PM_SOTO,SRV-NODE-5
ERP-03171,PROJ-3146,Lima,Audiovisual,173,200,55879,119287,65736,53551,27,24,PM_VEGA,SRV-NODE-4
ERP-03172,PROJ-3485,Cusco,Videoconference,105,135,35595,68431,41687,26744,7,4,PM_MEZA,SRV-NODE-9
ERP-03173,PROJ-3338,Iquitos,Business Proc,51,59,10200,22145,11358,10787,32,57,PM_PEREZ,SRV-NODE-7
ERP-03174,PROJ-9647,Iquitos,Project Mgmt,159,183,46110,96490,54323,42167,46,64,PM_RIVAS,SRV-NODE-4
ERP-03175,PROJ-4030,Iquitos,Business Proc,28,30,6524,13798,8358,5440,6,3,PM_RIVAS,SRV-NODE-9
ERP-03176,PROJ-7473,Tacna,Business Proc,24,24,6576,13160,7176,5984,46,11,PM_SOTO,SRV-NODE-4
ERP-03177,PROJ-3785,Lima,Videoconference,105,129,39270,70480,53327,17153,26,25,PM_MEZA,SRV-NODE-1
ERP-03178,PROJ-7037,Iquitos,Videoconference,86,100,20984,33835,23164,10671,25,25,PM_SOTO,SRV-NODE-2
ERP-03179,PROJ-9518,Cusco,Project Mgmt,146,168,32120,60104,43301,16803,8,1,PM_RIVAS,SRV-NODE-10
ERP-03180,PROJ-8662,Puno,Videoconference,137,138,52608,85205,58443,26762,47,37,PM_PEREZ,SRV-NODE-5
ERP-03181,PROJ-1427,Iquitos,Project Mgmt,83,99,33117,68626,43039,25587,22,31,PM_RIVAS,SRV-NODE-6
ERP-03182,PROJ-2835,Trujillo,Audiovisual,33,36,12111,24255,15744,8511,7,7,PM_MEZA,SRV-NODE-5
ERP-03183,PROJ-4432,Piura,Videoconference,106,120,26924,49517,32317,17200,14,21,PM_VEGA,SRV-NODE-1
ERP-03184,PROJ-9499,Puno,Business Proc,88,99,31592,61609,33957,27652,27,36,PM_PEREZ,SRV-NODE-9
ERP-03185,PROJ-9349,Tacna,Business Proc,38,41,11362,21032,12435,8597,48,18,PM_SOTO,SRV-NODE-1
ERP-03186,PROJ-7437,Arequipa,Videoconference,104,130,61152,98959,75436,23523,33,41,PM_MEZA,SRV-NODE-5
ERP-03187,PROJ-4890,Lima,Project Mgmt,167,221,51436,93158,53567,39591,31,51,PM_SOTO,SRV-NODE-10
ERP-03188,PROJ-2391,Lima,Audiovisual,115,118,46460,90359,61899,28460,11,8,PM_SOTO,SRV-NODE-5
ERP-03189,PROJ-4452,Arequipa,Project Mgmt,32,36,8448,17713,9920,7793,14,15,PM_MEZA,SRV-NODE-10
ERP-03190,PROJ-1973,Arequipa,Videoconference,156,195,33384,68166,35549,32617,36,22,PM_RIVAS,SRV-NODE-5
ERP-03191,PROJ-6839,Arequipa,Videoconference,56,59,24808,54372,28266,26106,45,64,PM_RIVAS,SRV-NODE-9
ERP-03192,PROJ-8164,Lima,Videoconference,101,132,28179,56457,37743,18714,23,10,PM_PEREZ,SRV-NODE-5
ERP-03193,PROJ-2768,Huancayo,Videoconference,73,95,31244,54588,33170,21418,47,17,PM_MEZA,SRV-NODE-6
ERP-03194,PROJ-3876,Huancayo,Videoconference,108,140,39096,74330,47600,26730,39,10,PM_VEGA,SRV-NODE-8
ERP-03195,PROJ-8679,Trujillo,Business Proc,109,114,36406,79011,40069,38942,40,67,PM_SOTO,SRV-NODE-8
ERP-03196,PROJ-6407,Trujillo,Videoconference,54,70,14958,32418,15024,17394,44,10,PM_VEGA,SRV-NODE-5
ERP-03197,PROJ-5000,Piura,Project Mgmt,29,38,6438,12801,7832,4969,19,13,PM_RIVAS,SRV-NODE-5
ERP-03198,PROJ-5900,Huancayo,Business Proc,116,127,64264,130097,88129,41968,9,8,PM_VEGA,SRV-NODE-8
ERP-03199,PROJ-4192,Cajamarca,Videoconference,102,117,26418,50338,34794,15544,47,78,PM_RIVAS,SRV-NODE-1
ERP-03200,PROJ-2548,Puno,Audiovisual,113,141,41923,72994,43351,29643,37,45,PM_PEREZ,SRV-NODE-5
ERP-03201,PROJ-9240,Arequipa,Project Mgmt,66,67,21714,36319,26373,9946,10,1,PM_MEZA,SRV-NODE-2
ERP-03202,PROJ-4093,Huancayo,Videoconference,44,58,10076,18736,11719,7017,26,31,PM_PEREZ,SRV-NODE-3
ERP-03203,PROJ-6234,Iquitos,Project Mgmt,44,52,10340,20368,10921,9447,19,8,PM_SOTO,SRV-NODE-9
ERP-03204,PROJ-2847,Puno,Audiovisual,124,138,54808,91307,68109,23198,31,29,PM_RIVAS,SRV-NODE-9
ERP-03205,PROJ-7889,Puno,Videoconference,177,193,56463,106523,59040,47483,18,22,PM_RIVAS,SRV-NODE-7
ERP-03206,PROJ-2433,Cusco,Project Mgmt,59,72,23836,51251,27104,24147,23,27,PM_SOTO,SRV-NODE-6
ERP-03207,PROJ-7024,Trujillo,Project Mgmt,148,198,77848,130149,98671,31478,28,38,PM_SOTO,SRV-NODE-1
ERP-03208,PROJ-4893,Trujillo,Business Proc,165,209,87945,145141,119615,25526,29,5,PM_PEREZ,SRV-NODE-8
ERP-03209,PROJ-3112,Trujillo,Business Proc,147,170,30870,56018,36653,19365,36,52,PM_PEREZ,SRV-NODE-7
ERP-03210,PROJ-5806,Lima,Business Proc,93,107,52638,98052,71615,26437,42,43,PM_RIVAS,SRV-NODE-10
ERP-03211,PROJ-5360,Lima,Project Mgmt,135,148,44010,71287,57458,13829,47,52,PM_RIVAS,SRV-NODE-5
ERP-03212,PROJ-5451,Lima,Project Mgmt,56,70,30968,63512,41396,22116,13,20,PM_RIVAS,SRV-NODE-2
ERP-03213,PROJ-1275,Arequipa,Videoconference,57,59,33174,59865,46174,13691,22,26,PM_SOTO,SRV-NODE-6
ERP-03214,PROJ-9227,Huancayo,Business Proc,175,194,90825,148591,99893,48698,5,5,PM_RIVAS,SRV-NODE-3
ERP-03215,PROJ-8131,Arequipa,Videoconference,42,45,25116,45993,29518,16475,18,14,PM_PEREZ,SRV-NODE-9
ERP-03216,PROJ-2171,Iquitos,Videoconference,142,142,37346,75827,44489,31338,46,39,PM_MEZA,SRV-NODE-4
ERP-03217,PROJ-4013,Puno,Videoconference,46,46,21022,35138,27008,8130,5,2,PM_SOTO,SRV-NODE-10
ERP-03218,PROJ-5971,Huancayo,Audiovisual,124,165,71672,143809,76184,67625,28,19,PM_VEGA,SRV-NODE-10
ERP-03219,PROJ-5478,Tacna,Videoconference,127,136,62865,127109,69577,57532,48,71,PM_RIVAS,SRV-NODE-4
ERP-03220,PROJ-3703,Piura,Business Proc,79,86,23463,48432,30244,18188,30,22,PM_PEREZ,SRV-NODE-3
ERP-03221,PROJ-9242,Cajamarca,Business Proc,84,94,26376,57395,34348,23047,29,49,PM_VEGA,SRV-NODE-8
ERP-03222,PROJ-6642,Huancayo,Project Mgmt,178,240,74938,122139,81810,40329,17,23,PM_PEREZ,SRV-NODE-5
ERP-03223,PROJ-5016,Lima,Videoconference,21,27,9030,18827,9818,9009,31,52,PM_VEGA,SRV-NODE-6
ERP-03224,PROJ-8757,Tacna,Project Mgmt,65,68,34905,67468,39816,27652,45,65,PM_MEZA,SRV-NODE-8
ERP-03225,PROJ-1384,Cajamarca,Videoconference,147,195,54831,101986,69642,32344,29,9,PM_RIVAS,SRV-NODE-2
ERP-03226,PROJ-9672,Trujillo,Business Proc,22,24,6424,12912,8932,3980,32,37,PM_MEZA,SRV-NODE-3
ERP-03227,PROJ-3842,Cusco,Videoconference,161,175,74221,132351,97454,34897,14,10,PM_VEGA,SRV-NODE-4
ERP-03228,PROJ-3559,Puno,Audiovisual,74,80,34706,61430,36272,25158,41,63,PM_RIVAS,SRV-NODE-2
ERP-03229,PROJ-3063,Puno,Project Mgmt,164,194,82000,135477,93317,42160,12,3,PM_SOTO,SRV-NODE-1
ERP-03230,PROJ-7506,Tacna,Audiovisual,48,49,13200,28054,16096,11958,39,59,PM_RIVAS,SRV-NODE-1
ERP-03231,PROJ-5477,Cusco,Business Proc,91,118,37492,76012,50474,25538,6,4,PM_MEZA,SRV-NODE-9
ERP-03232,PROJ-5161,Lima,Project Mgmt,96,120,36864,68372,50681,17691,49,45,PM_RIVAS,SRV-NODE-3
ERP-03233,PROJ-7448,Piura,Project Mgmt,27,35,12285,26737,14768,11969,40,27,PM_SOTO,SRV-NODE-5
ERP-03234,PROJ-5723,Trujillo,Audiovisual,126,161,56196,91239,73935,17304,8,12,PM_VEGA,SRV-NODE-7
ERP-03235,PROJ-9235,Lima,Audiovisual,94,109,53016,108414,62852,45562,24,24,PM_VEGA,SRV-NODE-5
ERP-03236,PROJ-5849,Cusco,Business Proc,41,52,21033,43687,25880,17807,11,7,PM_MEZA,SRV-NODE-7
ERP-03237,PROJ-6299,Puno,Business Proc,180,242,92160,163305,125792,37513,35,11,PM_RIVAS,SRV-NODE-10
ERP-03238,PROJ-1658,Iquitos,Project Mgmt,28,37,7168,14118,9142,4976,5,7,PM_PEREZ,SRV-NODE-8
ERP-03239,PROJ-6169,Lima,Audiovisual,171,209,49077,92914,52352,40562,39,54,PM_RIVAS,SRV-NODE-2
ERP-03240,PROJ-8797,Arequipa,Business Proc,81,88,37908,61457,45620,15837,25,37,PM_PEREZ,SRV-NODE-4
ERP-03241,PROJ-6722,Cusco,Videoconference,81,106,29970,54711,39681,15030,39,6,PM_PEREZ,SRV-NODE-9
ERP-03242,PROJ-1178,Arequipa,Business Proc,170,187,44370,75021,49424,25597,48,22,PM_PEREZ,SRV-NODE-6
ERP-03243,PROJ-2478,Huancayo,Project Mgmt,132,136,49104,87064,64032,23032,11,17,PM_PEREZ,SRV-NODE-9
ERP-03244,PROJ-8525,Iquitos,Project Mgmt,58,65,29464,59386,29572,29814,3,2,PM_VEGA,SRV-NODE-1
ERP-03245,PROJ-3249,Cusco,Project Mgmt,121,138,52151,102518,61865,40653,26,36,PM_RIVAS,SRV-NODE-1
ERP-03246,PROJ-5332,Cajamarca,Audiovisual,115,146,53015,115882,65072,50810,36,18,PM_RIVAS,SRV-NODE-6
ERP-03247,PROJ-4489,Puno,Audiovisual,100,130,46700,89431,51667,37764,41,41,PM_RIVAS,SRV-NODE-2
ERP-03248,PROJ-4530,Huancayo,Videoconference,84,90,17556,36993,21834,15159,22,17,PM_VEGA,SRV-NODE-9
ERP-03249,PROJ-5308,Cusco,Project Mgmt,155,184,51305,111998,57175,54823,33,43,PM_PEREZ,SRV-NODE-7
ERP-03250,PROJ-8559,Piura,Project Mgmt,34,36,15572,28878,16525,12353,23,9,PM_RIVAS,SRV-NODE-5
ERP-03251,PROJ-3992,Tacna,Project Mgmt,93,102,41385,70676,52569,18107,28,38,PM_VEGA,SRV-NODE-3
ERP-03252,PROJ-4706,Trujillo,Audiovisual,120,139,57600,98386,59130,39256,43,8,PM_MEZA,SRV-NODE-4
ERP-03253,PROJ-6678,Puno,Videoconference,137,164,32332,54067,39621,14446,36,16,PM_VEGA,SRV-NODE-4
ERP-03254,PROJ-5846,Trujillo,Audiovisual,115,131,48070,78669,55774,22895,25,12,PM_SOTO,SRV-NODE-2
ERP-03255,PROJ-3526,Tacna,Business Proc,106,124,35404,57940,35524,22416,26,8,PM_PEREZ,SRV-NODE-7
ERP-03256,PROJ-5301,Piura,Videoconference,144,173,36000,65103,44639,20464,15,12,PM_VEGA,SRV-NODE-7
ERP-03257,PROJ-1624,Huancayo,Business Proc,133,178,39235,82927,46945,35982,13,6,PM_PEREZ,SRV-NODE-6
ERP-03258,PROJ-2479,Trujillo,Business Proc,59,70,28851,58367,31765,26602,9,13,PM_PEREZ,SRV-NODE-6
ERP-03259,PROJ-3619,Cusco,Audiovisual,31,34,14880,24082,20649,3433,25,14,PM_PEREZ,SRV-NODE-4
ERP-03260,PROJ-3282,Trujillo,Business Proc,135,159,51030,89480,56438,33042,31,49,PM_SOTO,SRV-NODE-1
ERP-03261,PROJ-3607,Cajamarca,Business Proc,155,170,45880,99400,49140,50260,9,7,PM_RIVAS,SRV-NODE-3
ERP-03262,PROJ-1213,Iquitos,Project Mgmt,149,173,74053,155423,98116,57307,39,45,PM_PEREZ,SRV-NODE-2
ERP-03263,PROJ-6358,Iquitos,Project Mgmt,76,98,41496,87012,47399,39613,34,32,PM_RIVAS,SRV-NODE-9
ERP-03264,PROJ-6180,Huancayo,Business Proc,169,208,53235,110824,61584,49240,39,32,PM_SOTO,SRV-NODE-6
ERP-03265,PROJ-8069,Arequipa,Project Mgmt,68,71,19924,39732,20710,19022,42,42,PM_RIVAS,SRV-NODE-4
ERP-03266,PROJ-8353,Huancayo,Audiovisual,146,148,65992,119572,88747,30825,20,16,PM_PEREZ,SRV-NODE-8
ERP-03267,PROJ-4013,Trujillo,Project Mgmt,179,232,43139,71846,60343,11503,15,21,PM_RIVAS,SRV-NODE-10
ERP-03268,PROJ-8513,Lima,Business Proc,175,181,60550,101006,77584,23422,8,4,PM_MEZA,SRV-NODE-10
ERP-03269,PROJ-2581,Piura,Videoconference,66,85,15114,32127,15709,16418,17,13,PM_PEREZ,SRV-NODE-5
ERP-03270,PROJ-8790,Puno,Business Proc,114,123,65892,137382,80764,56618,18,26,PM_MEZA,SRV-NODE-3
ERP-03271,PROJ-9710,Iquitos,Project Mgmt,131,148,60260,114911,72372,42539,24,22,PM_SOTO,SRV-NODE-4
ERP-03272,PROJ-1627,Piura,Project Mgmt,47,58,19552,37802,26141,11661,26,9,PM_VEGA,SRV-NODE-3
ERP-03273,PROJ-5217,Lima,Project Mgmt,38,43,11248,20366,12767,7599,25,7,PM_VEGA,SRV-NODE-5
ERP-03274,PROJ-7904,Lima,Project Mgmt,162,176,90558,160399,98436,61963,49,5,PM_PEREZ,SRV-NODE-6
ERP-03275,PROJ-5322,Cusco,Business Proc,73,95,18542,38399,22388,16011,5,7,PM_SOTO,SRV-NODE-3
ERP-03276,PROJ-7509,Cajamarca,Business Proc,34,39,12002,26170,15622,10548,15,22,PM_MEZA,SRV-NODE-3
ERP-03277,PROJ-2592,Iquitos,Videoconference,140,142,31780,58464,42522,15942,35,14,PM_PEREZ,SRV-NODE-3
ERP-03278,PROJ-7082,Lima,Audiovisual,162,191,74682,141525,89685,51840,7,8,PM_PEREZ,SRV-NODE-2
ERP-03279,PROJ-3739,Cajamarca,Project Mgmt,85,108,34255,66414,37746,28668,46,47,PM_SOTO,SRV-NODE-9
ERP-03280,PROJ-5172,Tacna,Audiovisual,170,179,93500,156941,105615,51326,22,12,PM_VEGA,SRV-NODE-5
ERP-03281,PROJ-3848,Arequipa,Business Proc,180,207,58680,110675,69865,40810,7,3,PM_SOTO,SRV-NODE-2
ERP-03282,PROJ-3255,Lima,Videoconference,59,79,32804,53133,34233,18900,9,5,PM_MEZA,SRV-NODE-4
ERP-03283,PROJ-1236,Tacna,Business Proc,61,77,30988,51794,33544,18250,44,64,PM_PEREZ,SRV-NODE-8
ERP-03284,PROJ-4443,Trujillo,Project Mgmt,138,185,46368,88295,50403,37892,8,7,PM_PEREZ,SRV-NODE-8
ERP-03285,PROJ-3362,Piura,Videoconference,178,203,73870,138303,83977,54326,31,20,PM_SOTO,SRV-NODE-7
ERP-03286,PROJ-7778,Piura,Business Proc,139,186,32665,59270,40486,18784,49,51,PM_VEGA,SRV-NODE-3
ERP-03287,PROJ-7558,Cusco,Videoconference,155,208,85870,171126,96912,74214,14,9,PM_PEREZ,SRV-NODE-10
ERP-03288,PROJ-2519,Cusco,Videoconference,101,128,46662,90870,57857,33013,8,2,PM_VEGA,SRV-NODE-5
ERP-03289,PROJ-2595,Puno,Project Mgmt,35,35,9870,18361,10192,8169,45,24,PM_RIVAS,SRV-NODE-4
ERP-03290,PROJ-3516,Iquitos,Project Mgmt,52,52,22828,48009,24960,23049,41,45,PM_MEZA,SRV-NODE-8
ERP-03291,PROJ-2372,Tacna,Project Mgmt,42,49,10500,21031,10607,10424,24,10,PM_SOTO,SRV-NODE-4
ERP-03292,PROJ-3043,Arequipa,Project Mgmt,120,156,50160,87172,60421,26751,33,47,PM_PEREZ,SRV-NODE-8
ERP-03293,PROJ-7633,Iquitos,Business Proc,137,169,57403,118342,57863,60479,11,17,PM_SOTO,SRV-NODE-7
ERP-03294,PROJ-3309,Cusco,Videoconference,20,23,9620,19419,12980,6439,40,47,PM_RIVAS,SRV-NODE-9
ERP-03295,PROJ-1596,Cajamarca,Videoconference,132,151,69828,130501,75386,55115,42,48,PM_PEREZ,SRV-NODE-1
ERP-03296,PROJ-9943,Tacna,Videoconference,120,157,48000,93091,66885,26206,23,28,PM_SOTO,SRV-NODE-3
ERP-03297,PROJ-2041,Tacna,Videoconference,177,199,47082,81272,61974,19298,6,5,PM_VEGA,SRV-NODE-4
ERP-03298,PROJ-9873,Tacna,Business Proc,157,175,62643,114538,62700,51838,22,20,PM_RIVAS,SRV-NODE-1
ERP-03299,PROJ-3715,Puno,Project Mgmt,121,125,39325,63850,39372,24478,21,37,PM_VEGA,SRV-NODE-8
ERP-03300,PROJ-8439,Lima,Videoconference,141,154,34122,68459,43650,24809,3,1,PM_MEZA,SRV-NODE-5
ERP-03301,PROJ-8929,Trujillo,Videoconference,163,197,41728,75426,45943,29483,19,12,PM_MEZA,SRV-NODE-3
ERP-03302,PROJ-1138,Piura,Project Mgmt,107,126,34882,63628,39180,24448,18,24,PM_MEZA,SRV-NODE-4
ERP-03303,PROJ-9469,Arequipa,Audiovisual,70,75,32480,63286,40725,22561,10,9,PM_SOTO,SRV-NODE-9
ERP-03304,PROJ-6408,Huancayo,Audiovisual,141,176,51606,107903,62341,45562,8,9,PM_PEREZ,SRV-NODE-8
ERP-03305,PROJ-7229,Iquitos,Videoconference,101,114,46763,92200,64846,27354,31,50,PM_PEREZ,SRV-NODE-2
ERP-03306,PROJ-9216,Tacna,Project Mgmt,124,131,58776,124920,81809,43111,32,42,PM_VEGA,SRV-NODE-3
ERP-03307,PROJ-9254,Iquitos,Videoconference,87,106,50547,98194,61468,36726,48,38,PM_VEGA,SRV-NODE-2
ERP-03308,PROJ-1413,Arequipa,Business Proc,85,98,26265,50163,26773,23390,42,24,PM_VEGA,SRV-NODE-3
ERP-03309,PROJ-7880,Huancayo,Videoconference,134,162,61506,134321,72937,61384,37,56,PM_RIVAS,SRV-NODE-3
ERP-03310,PROJ-7466,Cajamarca,Videoconference,125,133,68625,141935,78658,63277,50,51,PM_PEREZ,SRV-NODE-1
ERP-03311,PROJ-5287,Huancayo,Project Mgmt,88,101,35376,72945,43652,29293,21,23,PM_VEGA,SRV-NODE-9
ERP-03312,PROJ-5437,Piura,Business Proc,111,114,32079,64239,35029,29210,18,5,PM_RIVAS,SRV-NODE-2
ERP-03313,PROJ-1435,Piura,Business Proc,103,111,54178,112488,69725,42763,15,26,PM_PEREZ,SRV-NODE-9
ERP-03314,PROJ-8418,Puno,Project Mgmt,59,61,23128,37670,30102,7568,47,10,PM_RIVAS,SRV-NODE-9
ERP-03315,PROJ-1055,Puno,Videoconference,175,230,77525,132634,83818,48816,16,28,PM_PEREZ,SRV-NODE-8
ERP-03316,PROJ-9589,Cajamarca,Business Proc,105,115,48195,81193,53572,27621,15,14,PM_PEREZ,SRV-NODE-9
ERP-03317,PROJ-9461,Lima,Audiovisual,124,160,45508,95339,54115,41224,50,13,PM_MEZA,SRV-NODE-10
ERP-03318,PROJ-3317,Arequipa,Audiovisual,87,98,41847,89114,47358,41756,19,28,PM_RIVAS,SRV-NODE-6
ERP-03319,PROJ-9153,Iquitos,Business Proc,155,186,38440,81193,52554,28639,3,2,PM_PEREZ,SRV-NODE-8
ERP-03320,PROJ-1297,Lima,Videoconference,75,83,21150,37715,28471,9244,14,13,PM_VEGA,SRV-NODE-5
ERP-03321,PROJ-9934,Tacna,Business Proc,62,63,19778,35047,24897,10150,11,18,PM_MEZA,SRV-NODE-3
ERP-03322,PROJ-6582,Cajamarca,Videoconference,105,117,34965,59701,40297,19404,8,2,PM_VEGA,SRV-NODE-2
ERP-03323,PROJ-3939,Trujillo,Videoconference,69,91,20976,45991,23914,22077,14,7,PM_VEGA,SRV-NODE-2
ERP-03324,PROJ-9124,Cajamarca,Project Mgmt,35,36,16275,27988,20074,7914,19,15,PM_VEGA,SRV-NODE-5
ERP-03325,PROJ-7103,Huancayo,Videoconference,43,54,15265,29037,18921,10116,4,6,PM_VEGA,SRV-NODE-2
ERP-03326,PROJ-7197,Tacna,Audiovisual,156,186,53820,109683,60067,49616,36,44,PM_MEZA,SRV-NODE-4
ERP-03327,PROJ-4041,Arequipa,Videoconference,62,78,18042,33035,22427,10608,30,4,PM_VEGA,SRV-NODE-5
ERP-03328,PROJ-7895,Trujillo,Business Proc,153,179,48654,82671,51834,30837,10,16,PM_SOTO,SRV-NODE-8
ERP-03329,PROJ-9083,Lima,Videoconference,157,176,83995,153165,112081,41084,9,10,PM_PEREZ,SRV-NODE-3
ERP-03330,PROJ-5890,Cajamarca,Audiovisual,141,158,34686,70209,35704,34505,49,33,PM_MEZA,SRV-NODE-2
ERP-03331,PROJ-2721,Trujillo,Business Proc,115,142,23805,40616,26124,14492,29,26,PM_MEZA,SRV-NODE-7
ERP-03332,PROJ-2386,Puno,Project Mgmt,124,153,40424,85301,55747,29554,32,51,PM_RIVAS,SRV-NODE-4
ERP-03333,PROJ-1219,Puno,Business Proc,165,175,61545,111598,78833,32765,24,26,PM_RIVAS,SRV-NODE-2
ERP-03334,PROJ-8739,Huancayo,Audiovisual,133,149,27398,49346,33726,15620,8,4,PM_SOTO,SRV-NODE-4
ERP-03335,PROJ-7549,Piura,Videoconference,159,177,44838,83994,47702,36292,6,9,PM_MEZA,SRV-NODE-1
ERP-03336,PROJ-2005,Huancayo,Project Mgmt,128,137,75904,159709,99885,59824,27,15,PM_MEZA,SRV-NODE-5
ERP-03337,PROJ-8923,Puno,Audiovisual,54,68,23166,42953,26700,16253,11,18,PM_PEREZ,SRV-NODE-4
ERP-03338,PROJ-6173,Tacna,Project Mgmt,47,48,13160,25168,15869,9299,9,2,PM_SOTO,SRV-NODE-4
ERP-03339,PROJ-6929,Iquitos,Project Mgmt,76,97,41800,89550,43051,46499,10,12,PM_RIVAS,SRV-NODE-9
ERP-03340,PROJ-4397,Puno,Project Mgmt,99,114,33561,62021,44289,17732,41,62,PM_MEZA,SRV-NODE-3
ERP-03341,PROJ-3634,Puno,Videoconference,136,167,62696,106424,76904,29520,30,35,PM_VEGA,SRV-NODE-4
ERP-03342,PROJ-7328,Trujillo,Project Mgmt,40,48,17560,30259,17920,12339,6,3,PM_VEGA,SRV-NODE-9
ERP-03343,PROJ-1422,Cusco,Audiovisual,117,153,45630,87404,50007,37397,8,5,PM_VEGA,SRV-NODE-7
ERP-03344,PROJ-2674,Puno,Videoconference,38,43,16264,27441,22491,4950,17,26,PM_PEREZ,SRV-NODE-3
ERP-03345,PROJ-8907,Piura,Business Proc,20,25,9860,18122,11087,7035,23,2,PM_PEREZ,SRV-NODE-5
ERP-03346,PROJ-5279,Trujillo,Project Mgmt,150,197,77550,164367,95329,69038,41,59,PM_RIVAS,SRV-NODE-8
ERP-03347,PROJ-8315,Cajamarca,Audiovisual,132,162,67584,142932,85708,57224,32,15,PM_VEGA,SRV-NODE-6
ERP-03348,PROJ-9028,Tacna,Business Proc,152,154,66424,124204,91947,32257,29,44,PM_SOTO,SRV-NODE-4
ERP-03349,PROJ-8124,Piura,Business Proc,161,171,51198,82255,69814,12441,39,7,PM_PEREZ,SRV-NODE-9
ERP-03350,PROJ-5749,Puno,Project Mgmt,144,168,35712,77530,40526,37004,33,13,PM_PEREZ,SRV-NODE-4
ERP-03351,PROJ-5113,Trujillo,Videoconference,110,115,52030,83471,72433,11038,33,13,PM_PEREZ,SRV-NODE-6
ERP-03352,PROJ-3967,Piura,Videoconference,70,70,26180,57418,29841,27577,22,34,PM_MEZA,SRV-NODE-9
ERP-03353,PROJ-9937,Arequipa,Videoconference,167,198,60788,114107,84688,29419,47,59,PM_VEGA,SRV-NODE-8
ERP-03354,PROJ-1797,Cajamarca,Audiovisual,180,230,104220,199441,114527,84914,22,31,PM_PEREZ,SRV-NODE-5
ERP-03355,PROJ-1962,Iquitos,Audiovisual,161,205,40411,82649,45575,37074,11,11,PM_VEGA,SRV-NODE-10
ERP-03356,PROJ-3495,Tacna,Business Proc,110,145,63800,112127,80198,31929,39,38,PM_RIVAS,SRV-NODE-4
ERP-03357,PROJ-4626,Arequipa,Audiovisual,106,138,46428,80720,48438,32282,10,10,PM_RIVAS,SRV-NODE-4
ERP-03358,PROJ-4342,Piura,Business Proc,140,163,30940,61768,31124,30644,10,8,PM_PEREZ,SRV-NODE-5
ERP-03359,PROJ-8644,Cusco,Videoconference,147,148,47187,84929,49879,35050,33,32,PM_RIVAS,SRV-NODE-3
ERP-03360,PROJ-8121,Trujillo,Videoconference,78,84,40716,81148,45431,35717,30,22,PM_RIVAS,SRV-NODE-7
ERP-03361,PROJ-4784,Arequipa,Audiovisual,108,142,53244,104758,54076,50682,11,5,PM_SOTO,SRV-NODE-3
ERP-03362,PROJ-5225,Puno,Project Mgmt,72,82,22176,37102,24661,12441,30,15,PM_PEREZ,SRV-NODE-1
ERP-03363,PROJ-8726,Tacna,Audiovisual,85,88,31620,50675,36594,14081,8,6,PM_VEGA,SRV-NODE-3
ERP-03364,PROJ-1490,Lima,Project Mgmt,33,40,11781,19883,14073,5810,19,28,PM_PEREZ,SRV-NODE-4
ERP-03365,PROJ-2471,Tacna,Audiovisual,86,89,37754,71689,49606,22083,24,17,PM_PEREZ,SRV-NODE-7
ERP-03366,PROJ-4312,Arequipa,Audiovisual,88,115,41712,71664,41953,29711,32,39,PM_SOTO,SRV-NODE-2
ERP-03367,PROJ-6376,Cusco,Videoconference,21,23,4956,9111,6650,2461,10,13,PM_MEZA,SRV-NODE-8
ERP-03368,PROJ-8313,Cusco,Audiovisual,91,103,37037,69830,45895,23935,14,19,PM_PEREZ,SRV-NODE-5
ERP-03369,PROJ-8299,Trujillo,Videoconference,179,204,74464,130212,82549,47663,47,56,PM_PEREZ,SRV-NODE-4
ERP-03370,PROJ-8597,Cusco,Audiovisual,107,130,27392,48752,28728,20024,34,49,PM_VEGA,SRV-NODE-3
ERP-03371,PROJ-3504,Lima,Audiovisual,45,52,26640,46466,29193,17273,20,19,PM_SOTO,SRV-NODE-1
ERP-03372,PROJ-8812,Puno,Business Proc,156,170,79248,164108,81486,82622,6,1,PM_SOTO,SRV-NODE-10
ERP-03373,PROJ-4170,Iquitos,Project Mgmt,137,159,55211,93601,74278,19323,20,22,PM_MEZA,SRV-NODE-9
ERP-03374,PROJ-9193,Piura,Videoconference,50,61,13550,23747,18941,4806,30,11,PM_VEGA,SRV-NODE-6
ERP-03375,PROJ-9411,Cajamarca,Audiovisual,36,40,15156,26188,18570,7618,9,14,PM_SOTO,SRV-NODE-1
ERP-03376,PROJ-1833,Huancayo,Business Proc,180,207,73620,132389,78054,54335,21,25,PM_PEREZ,SRV-NODE-10
ERP-03377,PROJ-8420,Lima,Project Mgmt,134,165,50250,81398,60791,20607,18,6,PM_PEREZ,SRV-NODE-6
ERP-03378,PROJ-4619,Lima,Business Proc,81,82,37341,67143,51425,15718,19,14,PM_VEGA,SRV-NODE-6
ERP-03379,PROJ-3719,Iquitos,Videoconference,68,85,21012,45722,26400,19322,27,3,PM_VEGA,SRV-NODE-7
ERP-03380,PROJ-4132,Tacna,Business Proc,151,189,57380,117664,60728,56936,49,29,PM_MEZA,SRV-NODE-5
ERP-03381,PROJ-7082,Trujillo,Audiovisual,138,174,37398,63315,48712,14603,49,15,PM_MEZA,SRV-NODE-1
ERP-03382,PROJ-3957,Tacna,Audiovisual,160,187,33920,72037,35340,36697,35,56,PM_VEGA,SRV-NODE-10
ERP-03383,PROJ-8156,Lima,Business Proc,41,46,8405,15108,9765,5343,40,69,PM_VEGA,SRV-NODE-1
ERP-03384,PROJ-5621,Iquitos,Videoconference,174,228,93786,157005,127482,29523,31,18,PM_MEZA,SRV-NODE-9
ERP-03385,PROJ-5629,Cajamarca,Project Mgmt,74,83,31154,68325,42918,25407,41,9,PM_MEZA,SRV-NODE-6
ERP-03386,PROJ-4755,Arequipa,Project Mgmt,61,81,16348,27659,17033,10626,44,64,PM_PEREZ,SRV-NODE-3
ERP-03387,PROJ-8769,Piura,Business Proc,79,93,45978,99117,62758,36359,34,27,PM_RIVAS,SRV-NODE-4
ERP-03388,PROJ-3240,Cusco,Videoconference,31,38,12493,25905,17337,8568,23,24,PM_PEREZ,SRV-NODE-8
ERP-03389,PROJ-5185,Cajamarca,Business Proc,169,194,81965,141870,106836,35034,38,40,PM_PEREZ,SRV-NODE-9
ERP-03390,PROJ-1862,Lima,Videoconference,51,67,26877,47320,34704,12616,44,74,PM_PEREZ,SRV-NODE-3
ERP-03391,PROJ-9019,Piura,Audiovisual,54,62,19440,32163,26154,6009,50,74,PM_RIVAS,SRV-NODE-6
ERP-03392,PROJ-1226,Piura,Audiovisual,138,159,57960,93230,71234,21996,31,18,PM_MEZA,SRV-NODE-4
ERP-03393,PROJ-6112,Arequipa,Audiovisual,53,62,23373,44906,29543,15363,45,48,PM_SOTO,SRV-NODE-4
ERP-03394,PROJ-7623,Cusco,Business Proc,130,143,64350,125902,78554,47348,36,64,PM_RIVAS,SRV-NODE-6
ERP-03395,PROJ-7928,Trujillo,Videoconference,101,123,35754,67359,40959,26400,25,16,PM_MEZA,SRV-NODE-7
ERP-03396,PROJ-9583,Cusco,Business Proc,120,152,38640,82965,48005,34960,45,11,PM_MEZA,SRV-NODE-3
ERP-03397,PROJ-1758,Arequipa,Project Mgmt,68,73,14280,29740,19535,10205,10,1,PM_VEGA,SRV-NODE-1
ERP-03398,PROJ-9279,Iquitos,Audiovisual,175,192,67900,125958,70070,55888,9,12,PM_MEZA,SRV-NODE-8
ERP-03399,PROJ-3170,Arequipa,Videoconference,179,182,50299,96599,57960,38639,28,39,PM_RIVAS,SRV-NODE-4
ERP-03400,PROJ-4714,Tacna,Videoconference,59,73,30857,67571,34360,33211,45,66,PM_RIVAS,SRV-NODE-4
ERP-03401,PROJ-7194,Lima,Business Proc,103,107,30797,62046,36061,25985,50,28,PM_VEGA,SRV-NODE-1
ERP-03402,PROJ-4817,Trujillo,Audiovisual,99,99,45738,94757,53706,41051,12,13,PM_SOTO,SRV-NODE-8
ERP-03403,PROJ-5105,Cajamarca,Business Proc,92,108,35328,66791,40119,26672,28,14,PM_PEREZ,SRV-NODE-1
ERP-03404,PROJ-5242,Iquitos,Project Mgmt,57,62,21489,35480,26572,8908,3,4,PM_PEREZ,SRV-NODE-4
ERP-03405,PROJ-5617,Huancayo,Videoconference,29,33,15602,33647,18798,14849,21,11,PM_RIVAS,SRV-NODE-8
ERP-03406,PROJ-6872,Lima,Videoconference,46,46,12374,22253,17188,5065,50,48,PM_VEGA,SRV-NODE-8
ERP-03407,PROJ-2618,Lima,Videoconference,145,191,30305,62996,39506,23490,37,36,PM_VEGA,SRV-NODE-2
ERP-03408,PROJ-6496,Trujillo,Business Proc,146,160,60590,123548,83570,39978,40,48,PM_MEZA,SRV-NODE-7
ERP-03409,PROJ-1045,Huancayo,Videoconference,126,142,60228,112444,74160,38284,40,39,PM_SOTO,SRV-NODE-8
ERP-03410,PROJ-4843,Trujillo,Videoconference,46,59,11822,22439,15126,7313,30,29,PM_VEGA,SRV-NODE-6
ERP-03411,PROJ-7187,Lima,Videoconference,164,207,34604,73717,35602,38115,26,5,PM_RIVAS,SRV-NODE-9
ERP-03412,PROJ-1072,Cusco,Business Proc,170,181,34510,74554,36143,38411,42,20,PM_VEGA,SRV-NODE-6
ERP-03413,PROJ-3611,Huancayo,Business Proc,154,182,92092,185446,92886,92560,31,10,PM_RIVAS,SRV-NODE-5
ERP-03414,PROJ-1241,Tacna,Business Proc,53,62,15741,32310,20548,11762,30,4,PM_MEZA,SRV-NODE-9
ERP-03415,PROJ-9758,Puno,Audiovisual,28,32,16072,33593,21736,11857,39,54,PM_RIVAS,SRV-NODE-7
ERP-03416,PROJ-3053,Cusco,Project Mgmt,39,50,16107,33190,16628,16562,44,20,PM_VEGA,SRV-NODE-4
ERP-03417,PROJ-3544,Iquitos,Project Mgmt,163,176,69112,124633,96268,28365,36,10,PM_VEGA,SRV-NODE-3
ERP-03418,PROJ-7372,Arequipa,Audiovisual,41,50,10455,18838,11079,7759,29,9,PM_PEREZ,SRV-NODE-10
ERP-03419,PROJ-9878,Tacna,Videoconference,151,184,83956,163532,87359,76173,11,11,PM_SOTO,SRV-NODE-10
ERP-03420,PROJ-9645,Piura,Project Mgmt,91,103,34307,71347,34858,36489,11,16,PM_VEGA,SRV-NODE-4
ERP-03421,PROJ-6170,Cajamarca,Videoconference,23,30,9683,18315,12662,5653,41,72,PM_RIVAS,SRV-NODE-6
ERP-03422,PROJ-2189,Huancayo,Project Mgmt,111,133,54723,104102,60226,43876,48,11,PM_RIVAS,SRV-NODE-3
ERP-03423,PROJ-3442,Cajamarca,Videoconference,66,82,36234,65685,36769,28916,19,8,PM_PEREZ,SRV-NODE-5
ERP-03424,PROJ-8767,Trujillo,Project Mgmt,173,194,82867,132731,110697,22034,31,23,PM_MEZA,SRV-NODE-10
ERP-03425,PROJ-4571,Tacna,Project Mgmt,131,135,40348,69393,42205,27188,30,36,PM_VEGA,SRV-NODE-8
ERP-03426,PROJ-7886,Tacna,Audiovisual,139,186,29746,54471,41254,13217,36,12,PM_MEZA,SRV-NODE-1
ERP-03427,PROJ-9587,Cajamarca,Project Mgmt,79,106,32706,71104,35713,35391,3,3,PM_SOTO,SRV-NODE-6
ERP-03428,PROJ-6708,Iquitos,Project Mgmt,44,55,15972,31156,18528,12628,48,77,PM_SOTO,SRV-NODE-2
ERP-03429,PROJ-7010,Arequipa,Business Proc,146,158,84388,170109,111031,59078,41,19,PM_PEREZ,SRV-NODE-8
ERP-03430,PROJ-7198,Cusco,Project Mgmt,33,40,12375,23711,13807,9904,42,34,PM_MEZA,SRV-NODE-3
ERP-03431,PROJ-7824,Puno,Business Proc,124,145,35092,74760,38899,35861,13,19,PM_RIVAS,SRV-NODE-5
ERP-03432,PROJ-2903,Arequipa,Business Proc,86,108,50654,100710,51021,49689,8,12,PM_MEZA,SRV-NODE-7
ERP-03433,PROJ-2383,Puno,Videoconference,68,87,18088,39143,23198,15945,6,6,PM_VEGA,SRV-NODE-10
ERP-03434,PROJ-3484,Trujillo,Audiovisual,66,69,16038,33577,20799,12778,13,17,PM_PEREZ,SRV-NODE-5
ERP-03435,PROJ-1993,Arequipa,Audiovisual,85,85,30175,64934,32755,32179,41,63,PM_SOTO,SRV-NODE-10
ERP-03436,PROJ-2036,Tacna,Project Mgmt,68,81,30464,52911,38734,14177,28,40,PM_RIVAS,SRV-NODE-2
ERP-03437,PROJ-7038,Puno,Business Proc,43,43,20640,35441,26492,8949,49,48,PM_PEREZ,SRV-NODE-3
ERP-03438,PROJ-7856,Iquitos,Business Proc,133,158,60515,100109,70229,29880,27,37,PM_SOTO,SRV-NODE-3
ERP-03439,PROJ-6301,Cajamarca,Business Proc,86,100,35002,63018,37476,25542,35,15,PM_PEREZ,SRV-NODE-7
ERP-03440,PROJ-2512,Trujillo,Videoconference,96,129,34368,70237,42284,27953,25,40,PM_PEREZ,SRV-NODE-9
ERP-03441,PROJ-3388,Piura,Business Proc,171,173,68913,129170,91918,37252,30,19,PM_MEZA,SRV-NODE-6
ERP-03442,PROJ-2921,Cajamarca,Business Proc,93,104,23994,42917,31763,11154,6,2,PM_SOTO,SRV-NODE-6
ERP-03443,PROJ-7536,Iquitos,Project Mgmt,74,76,25530,46516,27959,18557,41,50,PM_VEGA,SRV-NODE-6
ERP-03444,PROJ-4913,Trujillo,Business Proc,25,28,13675,25285,14177,11108,35,12,PM_SOTO,SRV-NODE-8
ERP-03445,PROJ-4290,Iquitos,Project Mgmt,114,135,27702,57963,29508,28455,42,16,PM_MEZA,SRV-NODE-9
ERP-03446,PROJ-4310,Huancayo,Business Proc,166,187,68226,127680,95118,32562,15,25,PM_SOTO,SRV-NODE-9
ERP-03447,PROJ-5283,Puno,Videoconference,113,121,48703,90916,63670,27246,48,37,PM_SOTO,SRV-NODE-10
ERP-03448,PROJ-7665,Puno,Business Proc,150,200,81000,149485,99138,50347,49,80,PM_VEGA,SRV-NODE-10
ERP-03449,PROJ-3687,Piura,Videoconference,53,71,17119,34026,17999,16027,7,4,PM_MEZA,SRV-NODE-4
ERP-03450,PROJ-8499,Cajamarca,Audiovisual,84,102,38472,76556,47707,28849,32,50,PM_RIVAS,SRV-NODE-10
ERP-03451,PROJ-3020,Arequipa,Videoconference,83,109,18758,35698,24104,11594,16,19,PM_PEREZ,SRV-NODE-7
ERP-03452,PROJ-6842,Lima,Audiovisual,43,46,16684,29600,20485,9115,24,25,PM_PEREZ,SRV-NODE-3
ERP-03453,PROJ-4503,Iquitos,Videoconference,161,167,87101,151730,119723,32007,18,15,PM_MEZA,SRV-NODE-10
ERP-03454,PROJ-7508,Iquitos,Videoconference,59,60,20237,39610,22230,17380,19,19,PM_RIVAS,SRV-NODE-4
ERP-03455,PROJ-9202,Trujillo,Audiovisual,43,48,17415,33166,20430,12736,49,77,PM_MEZA,SRV-NODE-9
ERP-03456,PROJ-6941,Iquitos,Project Mgmt,144,156,39600,65808,52649,13159,25,27,PM_RIVAS,SRV-NODE-1
ERP-03457,PROJ-2565,Tacna,Business Proc,154,161,31108,55931,34103,21828,10,5,PM_RIVAS,SRV-NODE-2
ERP-03458,PROJ-4528,Tacna,Business Proc,71,91,36068,63985,45726,18259,11,17,PM_MEZA,SRV-NODE-4
ERP-03459,PROJ-6030,Puno,Project Mgmt,172,226,81700,133953,92465,41488,43,20,PM_SOTO,SRV-NODE-4
ERP-03460,PROJ-7516,Piura,Project Mgmt,61,76,16226,28182,19288,8894,6,7,PM_RIVAS,SRV-NODE-8
ERP-03461,PROJ-3088,Cusco,Business Proc,107,134,24824,47523,32562,14961,33,26,PM_MEZA,SRV-NODE-2
ERP-03462,PROJ-4371,Piura,Audiovisual,165,186,94545,193549,127483,66066,48,48,PM_SOTO,SRV-NODE-4
ERP-03463,PROJ-7359,Tacna,Audiovisual,173,231,48267,105218,48593,56625,32,23,PM_SOTO,SRV-NODE-1
ERP-03464,PROJ-3094,Lima,Videoconference,93,93,48081,97894,56961,40933,8,2,PM_MEZA,SRV-NODE-10
ERP-03465,PROJ-3112,Lima,Business Proc,72,79,26496,54962,29724,25238,8,3,PM_SOTO,SRV-NODE-10
ERP-03466,PROJ-5167,Tacna,Project Mgmt,138,145,60996,128908,61845,67063,37,37,PM_MEZA,SRV-NODE-5
ERP-03467,PROJ-4228,Iquitos,Audiovisual,108,129,57888,115646,64233,51413,48,66,PM_SOTO,SRV-NODE-8
ERP-03468,PROJ-9583,Cajamarca,Audiovisual,73,88,23360,42942,28138,14804,37,35,PM_VEGA,SRV-NODE-8
ERP-03469,PROJ-7900,Puno,Project Mgmt,138,161,68724,124306,78650,45656,6,6,PM_SOTO,SRV-NODE-6
ERP-03470,PROJ-1374,Lima,Audiovisual,127,151,66675,141176,86668,54508,34,21,PM_VEGA,SRV-NODE-10
ERP-03471,PROJ-8251,Trujillo,Videoconference,85,95,27795,49720,36140,13580,28,35,PM_PEREZ,SRV-NODE-5
ERP-03472,PROJ-6393,Cusco,Audiovisual,107,134,23647,42073,26197,15876,24,4,PM_VEGA,SRV-NODE-3
ERP-03473,PROJ-7462,Cusco,Business Proc,94,101,52358,104023,69751,34272,48,80,PM_VEGA,SRV-NODE-2
ERP-03474,PROJ-7063,Puno,Business Proc,71,90,32376,70147,35615,34532,30,23,PM_RIVAS,SRV-NODE-8
ERP-03475,PROJ-6705,Cajamarca,Business Proc,103,135,29973,48039,38853,9186,32,38,PM_RIVAS,SRV-NODE-9
ERP-03476,PROJ-9503,Huancayo,Business Proc,42,43,9240,14899,11404,3495,3,3,PM_MEZA,SRV-NODE-9
ERP-03477,PROJ-7227,Puno,Business Proc,131,169,29868,54142,37116,17026,19,8,PM_SOTO,SRV-NODE-7
ERP-03478,PROJ-3012,Puno,Business Proc,21,21,5775,10023,7868,2155,29,25,PM_SOTO,SRV-NODE-4
ERP-03479,PROJ-7453,Piura,Audiovisual,149,198,62729,104093,86084,18009,45,64,PM_SOTO,SRV-NODE-8
ERP-03480,PROJ-3369,Puno,Audiovisual,90,119,28170,55840,31484,24356,41,39,PM_MEZA,SRV-NODE-4
ERP-03481,PROJ-6081,Cusco,Audiovisual,96,119,32928,65578,35553,30025,8,1,PM_SOTO,SRV-NODE-9
ERP-03482,PROJ-5327,Iquitos,Business Proc,129,135,52503,104157,60362,43795,22,11,PM_SOTO,SRV-NODE-4
ERP-03483,PROJ-3614,Iquitos,Business Proc,100,130,49400,95924,51089,44835,46,29,PM_VEGA,SRV-NODE-8
ERP-03484,PROJ-9189,Arequipa,Videoconference,84,85,18984,38738,21431,17307,32,38,PM_PEREZ,SRV-NODE-4
ERP-03485,PROJ-5978,Piura,Business Proc,21,21,5754,12300,6091,6209,48,35,PM_VEGA,SRV-NODE-3
ERP-03486,PROJ-5583,Huancayo,Business Proc,32,39,7680,13539,9771,3768,30,41,PM_SOTO,SRV-NODE-2
ERP-03487,PROJ-7518,Cusco,Audiovisual,41,42,8651,15497,10079,5418,15,6,PM_RIVAS,SRV-NODE-9
ERP-03488,PROJ-2703,Iquitos,Project Mgmt,68,82,40596,82118,56335,25783,47,41,PM_PEREZ,SRV-NODE-7
ERP-03489,PROJ-9566,Iquitos,Business Proc,107,129,44084,95082,52443,42639,7,10,PM_VEGA,SRV-NODE-6
ERP-03490,PROJ-6911,Puno,Audiovisual,132,132,75108,158127,103848,54279,10,3,PM_PEREZ,SRV-NODE-3
ERP-03491,PROJ-1064,Trujillo,Audiovisual,55,65,16445,26474,20724,5750,50,86,PM_RIVAS,SRV-NODE-1
ERP-03492,PROJ-8573,Puno,Project Mgmt,146,162,58254,108300,71681,36619,34,48,PM_VEGA,SRV-NODE-9
ERP-03493,PROJ-1793,Cajamarca,Project Mgmt,142,173,37062,65994,50308,15686,34,53,PM_VEGA,SRV-NODE-6
ERP-03494,PROJ-2970,Lima,Business Proc,144,171,67392,115852,84991,30861,50,41,PM_PEREZ,SRV-NODE-9
ERP-03495,PROJ-4046,Iquitos,Audiovisual,94,114,26602,44251,35282,8969,27,17,PM_SOTO,SRV-NODE-8
ERP-03496,PROJ-4449,Lima,Business Proc,82,92,22878,43073,26070,17003,50,28,PM_MEZA,SRV-NODE-9
ERP-03497,PROJ-7524,Piura,Business Proc,110,124,22880,38109,24527,13582,46,59,PM_MEZA,SRV-NODE-9
ERP-03498,PROJ-1978,Piura,Project Mgmt,27,27,11934,25026,14289,10737,14,2,PM_MEZA,SRV-NODE-2
ERP-03499,PROJ-3790,Iquitos,Project Mgmt,79,85,35392,76978,41311,35667,22,6,PM_VEGA,SRV-NODE-1
ERP-03500,PROJ-5247,Tacna,Business Proc,113,139,25086,44455,25491,18964,26,19,PM_SOTO,SRV-NODE-5
ERP-03501,PROJ-3654,Iquitos,Project Mgmt,113,147,31979,51310,34215,17095,19,27,PM_VEGA,SRV-NODE-4
ERP-03502,PROJ-2304,Huancayo,Business Proc,95,119,50920,95962,64471,31491,9,7,PM_RIVAS,SRV-NODE-8
ERP-03503,PROJ-9201,Tacna,Business Proc,140,145,82600,145196,83883,61313,13,2,PM_RIVAS,SRV-NODE-6
ERP-03504,PROJ-9908,Piura,Audiovisual,126,166,45486,86258,50765,35493,16,26,PM_MEZA,SRV-NODE-3
ERP-03505,PROJ-2264,Piura,Videoconference,84,90,43680,79295,48378,30917,20,7,PM_PEREZ,SRV-NODE-6
ERP-03506,PROJ-9291,Cusco,Audiovisual,123,163,64821,104949,72843,32106,27,17,PM_VEGA,SRV-NODE-4
ERP-03507,PROJ-8712,Trujillo,Business Proc,66,85,31878,56150,35800,20350,20,31,PM_RIVAS,SRV-NODE-1
ERP-03508,PROJ-7689,Lima,Audiovisual,156,186,73788,140453,80611,59842,21,22,PM_VEGA,SRV-NODE-7
ERP-03509,PROJ-6849,Tacna,Business Proc,62,75,27590,56609,28133,28476,25,21,PM_VEGA,SRV-NODE-7
ERP-03510,PROJ-6540,Cusco,Project Mgmt,82,95,31734,65039,42020,23019,21,14,PM_SOTO,SRV-NODE-1
ERP-03511,PROJ-7114,Cusco,Project Mgmt,20,25,8680,18456,9917,8539,27,39,PM_VEGA,SRV-NODE-4
ERP-03512,PROJ-2855,Tacna,Business Proc,82,86,39196,84731,46560,38171,20,24,PM_PEREZ,SRV-NODE-6
ERP-03513,PROJ-3257,Arequipa,Videoconference,103,133,52324,104528,67714,36814,22,18,PM_VEGA,SRV-NODE-10
ERP-03514,PROJ-5193,Puno,Project Mgmt,63,68,16884,32351,18961,13390,33,39,PM_PEREZ,SRV-NODE-4
ERP-03515,PROJ-6791,Trujillo,Business Proc,46,58,20102,36752,25595,11157,45,74,PM_RIVAS,SRV-NODE-5
ERP-03516,PROJ-1824,Arequipa,Videoconference,84,107,22512,44236,30567,13669,26,36,PM_RIVAS,SRV-NODE-9
ERP-03517,PROJ-8184,Trujillo,Audiovisual,46,57,13202,23368,18265,5103,27,9,PM_SOTO,SRV-NODE-5
ERP-03518,PROJ-3821,Lima,Business Proc,63,84,21294,40536,24912,15624,43,38,PM_MEZA,SRV-NODE-6
ERP-03519,PROJ-5702,Arequipa,Project Mgmt,49,55,28028,47119,34152,12967,36,13,PM_PEREZ,SRV-NODE-6
ERP-03520,PROJ-4188,Tacna,Audiovisual,134,156,78926,135615,84332,51283,3,2,PM_VEGA,SRV-NODE-6
ERP-03521,PROJ-6954,Huancayo,Business Proc,164,196,67732,113332,81883,31449,49,71,PM_PEREZ,SRV-NODE-6
ERP-03522,PROJ-2018,Puno,Project Mgmt,74,83,40626,86130,52632,33498,33,12,PM_VEGA,SRV-NODE-5
ERP-03523,PROJ-1859,Huancayo,Project Mgmt,31,33,6386,13577,6816,6761,41,10,PM_VEGA,SRV-NODE-1
ERP-03524,PROJ-3918,Huancayo,Audiovisual,68,71,26452,45365,27500,17865,40,70,PM_MEZA,SRV-NODE-2
ERP-03525,PROJ-5603,Iquitos,Business Proc,150,196,79050,173615,94116,79499,22,13,PM_MEZA,SRV-NODE-7
ERP-03526,PROJ-7566,Arequipa,Project Mgmt,86,96,26058,42234,31048,11186,29,15,PM_RIVAS,SRV-NODE-3
ERP-03527,PROJ-4948,Cajamarca,Videoconference,136,166,41208,79814,42398,37416,40,35,PM_MEZA,SRV-NODE-9
ERP-03528,PROJ-4326,Arequipa,Business Proc,167,211,78824,164616,101525,63091,16,23,PM_RIVAS,SRV-NODE-10
ERP-03529,PROJ-6061,Arequipa,Videoconference,83,102,38844,73041,52686,20355,31,16,PM_SOTO,SRV-NODE-7
ERP-03530,PROJ-4288,Lima,Videoconference,176,236,75680,132033,85926,46107,21,4,PM_SOTO,SRV-NODE-1
ERP-03531,PROJ-8884,Cajamarca,Videoconference,120,133,47520,77531,63830,13701,18,13,PM_RIVAS,SRV-NODE-9
ERP-03532,PROJ-1206,Lima,Business Proc,64,84,22720,43649,26616,17033,28,32,PM_PEREZ,SRV-NODE-2
ERP-03533,PROJ-7633,Piura,Videoconference,154,195,35112,62976,40082,22894,20,21,PM_RIVAS,SRV-NODE-7
ERP-03534,PROJ-7204,Cajamarca,Business Proc,127,154,41021,86074,45104,40970,39,7,PM_MEZA,SRV-NODE-2
ERP-03535,PROJ-6904,Trujillo,Videoconference,36,44,7272,13201,9727,3474,21,30,PM_PEREZ,SRV-NODE-1
ERP-03536,PROJ-3121,Lima,Videoconference,60,64,31740,61225,35669,25556,34,39,PM_RIVAS,SRV-NODE-4
ERP-03537,PROJ-4838,Cajamarca,Videoconference,159,181,41817,70066,57307,12759,20,29,PM_PEREZ,SRV-NODE-6
ERP-03538,PROJ-1322,Tacna,Audiovisual,69,83,19044,38755,24874,13881,35,36,PM_RIVAS,SRV-NODE-10
ERP-03539,PROJ-2199,Cusco,Videoconference,79,89,16037,34825,18436,16389,41,20,PM_SOTO,SRV-NODE-5
ERP-03540,PROJ-9566,Trujillo,Business Proc,64,83,22080,37740,27887,9853,15,6,PM_VEGA,SRV-NODE-6
ERP-03541,PROJ-4682,Arequipa,Business Proc,171,210,100548,216516,114841,101675,49,84,PM_PEREZ,SRV-NODE-2
ERP-03542,PROJ-5626,Cusco,Project Mgmt,49,61,13083,20939,16053,4886,19,26,PM_VEGA,SRV-NODE-1
ERP-03543,PROJ-9218,Cajamarca,Business Proc,59,66,18821,33641,23692,9949,34,41,PM_MEZA,SRV-NODE-1
ERP-03544,PROJ-8422,Cusco,Project Mgmt,58,69,27782,59958,29682,30276,21,36,PM_VEGA,SRV-NODE-2
ERP-03545,PROJ-9470,Lima,Audiovisual,46,48,27186,52107,29702,22405,48,14,PM_VEGA,SRV-NODE-1
ERP-03546,PROJ-5817,Cusco,Audiovisual,108,140,25056,50248,26814,23434,5,6,PM_PEREZ,SRV-NODE-4
ERP-03547,PROJ-7298,Iquitos,Project Mgmt,165,192,71280,154066,95067,58999,29,3,PM_PEREZ,SRV-NODE-3
ERP-03548,PROJ-4419,Cajamarca,Business Proc,168,178,60648,108856,72067,36789,34,7,PM_SOTO,SRV-NODE-3
ERP-03549,PROJ-8062,Tacna,Project Mgmt,120,132,40800,87587,46059,41528,29,27,PM_VEGA,SRV-NODE-3
ERP-03550,PROJ-9819,Huancayo,Audiovisual,124,155,73532,160578,99679,60899,46,52,PM_PEREZ,SRV-NODE-6
ERP-03551,PROJ-9790,Huancayo,Project Mgmt,101,131,41410,89421,55115,34306,41,19,PM_MEZA,SRV-NODE-10
ERP-03552,PROJ-6978,Arequipa,Business Proc,28,30,7728,12622,10488,2134,47,12,PM_RIVAS,SRV-NODE-1
ERP-03553,PROJ-7409,Tacna,Audiovisual,28,34,11480,18998,15747,3251,22,15,PM_RIVAS,SRV-NODE-1
ERP-03554,PROJ-2801,Puno,Videoconference,49,64,15533,34095,17299,16796,39,33,PM_RIVAS,SRV-NODE-4
ERP-03555,PROJ-7891,Arequipa,Audiovisual,150,154,74850,146429,75060,71369,14,5,PM_SOTO,SRV-NODE-3
ERP-03556,PROJ-7459,Piura,Project Mgmt,26,30,13884,26216,17492,8724,23,11,PM_SOTO,SRV-NODE-10
ERP-03557,PROJ-6747,Huancayo,Business Proc,151,191,41374,78853,57117,21736,23,17,PM_VEGA,SRV-NODE-1
ERP-03558,PROJ-7993,Iquitos,Project Mgmt,36,41,11412,23212,12575,10637,14,3,PM_SOTO,SRV-NODE-1
ERP-03559,PROJ-6515,Tacna,Project Mgmt,90,115,40410,70706,44477,26229,25,14,PM_SOTO,SRV-NODE-3
ERP-03560,PROJ-4742,Cusco,Audiovisual,82,105,29438,58486,39507,18979,35,60,PM_VEGA,SRV-NODE-7
ERP-03561,PROJ-1640,Iquitos,Project Mgmt,112,127,58800,104770,79795,24975,11,11,PM_MEZA,SRV-NODE-2
ERP-03562,PROJ-2178,Piura,Project Mgmt,68,77,37740,78923,51366,27557,25,19,PM_SOTO,SRV-NODE-9
ERP-03563,PROJ-5052,Cusco,Videoconference,109,138,33245,53673,44137,9536,23,29,PM_MEZA,SRV-NODE-3
ERP-03564,PROJ-1843,Piura,Audiovisual,85,103,26435,50411,32824,17587,37,51,PM_SOTO,SRV-NODE-4
ERP-03565,PROJ-8298,Cajamarca,Business Proc,99,101,59301,129822,70929,58893,22,12,PM_SOTO,SRV-NODE-2
ERP-03566,PROJ-4159,Arequipa,Audiovisual,39,42,11622,19280,13998,5282,21,12,PM_SOTO,SRV-NODE-9
ERP-03567,PROJ-1456,Piura,Audiovisual,98,99,27244,51286,34071,17215,3,3,PM_SOTO,SRV-NODE-8
ERP-03568,PROJ-1041,Piura,Project Mgmt,147,154,70413,119478,90789,28689,14,15,PM_PEREZ,SRV-NODE-5
ERP-03569,PROJ-5460,Piura,Audiovisual,105,123,53445,100111,57031,43080,19,16,PM_MEZA,SRV-NODE-7
ERP-03570,PROJ-2051,Cajamarca,Videoconference,94,119,41266,85571,53142,32429,49,87,PM_SOTO,SRV-NODE-8
ERP-03571,PROJ-4454,Puno,Business Proc,138,159,82524,135153,113051,22102,12,20,PM_PEREZ,SRV-NODE-6
ERP-03572,PROJ-4817,Cajamarca,Business Proc,41,46,8774,15708,8902,6806,36,30,PM_PEREZ,SRV-NODE-8
ERP-03573,PROJ-2201,Iquitos,Videoconference,161,192,81627,162275,98721,63554,48,13,PM_RIVAS,SRV-NODE-3
ERP-03574,PROJ-5170,Puno,Project Mgmt,65,79,14495,24404,15467,8937,18,10,PM_SOTO,SRV-NODE-6
ERP-03575,PROJ-6246,Cusco,Audiovisual,74,87,33226,54309,45210,9099,3,4,PM_VEGA,SRV-NODE-2
ERP-03576,PROJ-7737,Tacna,Project Mgmt,46,57,13248,23710,15570,8140,8,9,PM_VEGA,SRV-NODE-9
ERP-03577,PROJ-5706,Lima,Videoconference,102,124,45186,97425,51274,46151,12,12,PM_RIVAS,SRV-NODE-3
ERP-03578,PROJ-2140,Arequipa,Videoconference,96,114,35520,66118,46352,19766,16,23,PM_RIVAS,SRV-NODE-2
ERP-03579,PROJ-2014,Lima,Business Proc,65,74,35945,71800,42716,29084,39,5,PM_VEGA,SRV-NODE-6
ERP-03580,PROJ-7616,Iquitos,Business Proc,171,224,86184,149384,105709,43675,25,23,PM_SOTO,SRV-NODE-4
ERP-03581,PROJ-4385,Tacna,Business Proc,156,165,64116,126131,84287,41844,33,50,PM_RIVAS,SRV-NODE-4
ERP-03582,PROJ-4305,Tacna,Audiovisual,115,145,24035,38826,25659,13167,38,62,PM_VEGA,SRV-NODE-4
ERP-03583,PROJ-8556,Puno,Business Proc,104,122,26728,50722,32325,18397,45,49,PM_PEREZ,SRV-NODE-2
ERP-03584,PROJ-3044,Lima,Project Mgmt,174,219,91350,156063,99187,56876,13,8,PM_VEGA,SRV-NODE-3
ERP-03585,PROJ-2086,Iquitos,Audiovisual,53,66,15105,27736,18460,9276,21,22,PM_SOTO,SRV-NODE-8
ERP-03586,PROJ-1391,Iquitos,Videoconference,162,218,42120,91010,44687,46323,15,11,PM_SOTO,SRV-NODE-8
ERP-03587,PROJ-5219,Cusco,Videoconference,32,37,15808,28499,19878,8621,38,59,PM_MEZA,SRV-NODE-1
ERP-03588,PROJ-8269,Cajamarca,Audiovisual,120,150,39120,67516,54067,13449,19,23,PM_SOTO,SRV-NODE-5
ERP-03589,PROJ-6989,Piura,Videoconference,174,176,97962,213134,126831,86303,8,8,PM_MEZA,SRV-NODE-5
ERP-03590,PROJ-1696,Puno,Audiovisual,146,182,37668,68217,46099,22118,48,54,PM_RIVAS,SRV-NODE-10
ERP-03591,PROJ-6732,Cajamarca,Project Mgmt,37,46,12876,21234,14929,6305,19,33,PM_SOTO,SRV-NODE-6
ERP-03592,PROJ-6326,Cajamarca,Audiovisual,69,91,34017,70194,36706,33488,17,7,PM_VEGA,SRV-NODE-1
ERP-03593,PROJ-8500,Huancayo,Videoconference,121,127,61347,122657,62860,59797,41,37,PM_MEZA,SRV-NODE-4
ERP-03594,PROJ-2426,Arequipa,Business Proc,48,53,27024,58294,31152,27142,8,5,PM_PEREZ,SRV-NODE-3
ERP-03595,PROJ-6804,Cusco,Videoconference,101,126,24341,43692,33425,10267,29,42,PM_MEZA,SRV-NODE-1
ERP-03596,PROJ-2001,Cusco,Audiovisual,37,42,16576,28812,20069,8743,8,13,PM_RIVAS,SRV-NODE-9
ERP-03597,PROJ-2690,Iquitos,Videoconference,25,26,8225,18010,8417,9593,44,12,PM_VEGA,SRV-NODE-1
ERP-03598,PROJ-2312,Arequipa,Business Proc,133,159,52269,103347,67463,35884,24,39,PM_PEREZ,SRV-NODE-7
ERP-03599,PROJ-9355,Piura,Videoconference,25,33,12100,20292,13295,6997,43,43,PM_RIVAS,SRV-NODE-10
ERP-03600,PROJ-1854,Trujillo,Project Mgmt,21,27,4893,10561,5761,4800,39,30,PM_VEGA,SRV-NODE-7
ERP-03601,PROJ-4117,Iquitos,Audiovisual,64,85,35392,68081,38185,29896,25,22,PM_SOTO,SRV-NODE-2
ERP-03602,PROJ-1855,Piura,Business Proc,95,111,48260,81405,55347,26058,21,4,PM_RIVAS,SRV-NODE-4
ERP-03603,PROJ-5298,Cusco,Videoconference,36,42,20016,43924,27125,16799,22,9,PM_VEGA,SRV-NODE-5
ERP-03604,PROJ-2900,Cajamarca,Project Mgmt,176,187,68112,132169,81113,51056,46,19,PM_MEZA,SRV-NODE-10
ERP-03605,PROJ-8299,Lima,Videoconference,109,143,63765,131603,87192,44411,21,30,PM_SOTO,SRV-NODE-2
ERP-03606,PROJ-6029,Cusco,Audiovisual,65,81,37960,77904,47385,30519,32,26,PM_VEGA,SRV-NODE-1
ERP-03607,PROJ-7037,Lima,Business Proc,112,113,33264,56369,44289,12080,5,4,PM_RIVAS,SRV-NODE-9
ERP-03608,PROJ-7333,Trujillo,Videoconference,88,116,52184,87191,65572,21619,32,44,PM_VEGA,SRV-NODE-7
ERP-03609,PROJ-2967,Cajamarca,Project Mgmt,141,165,73038,145146,80089,65057,35,19,PM_PEREZ,SRV-NODE-8
ERP-03610,PROJ-6964,Puno,Videoconference,102,135,37740,67887,52768,15119,18,7,PM_SOTO,SRV-NODE-7
ERP-03611,PROJ-4221,Huancayo,Project Mgmt,134,148,58290,121616,67109,54507,37,22,PM_VEGA,SRV-NODE-3
ERP-03612,PROJ-5741,Tacna,Videoconference,94,123,29422,56610,33195,23415,36,34,PM_RIVAS,SRV-NODE-7
ERP-03613,PROJ-6506,Cajamarca,Audiovisual,101,111,49591,91626,58305,33321,47,47,PM_PEREZ,SRV-NODE-6
ERP-03614,PROJ-7293,Puno,Audiovisual,99,106,51282,87794,53290,34504,49,57,PM_MEZA,SRV-NODE-10
ERP-03615,PROJ-9624,Trujillo,Business Proc,175,184,69475,145263,79432,65831,20,30,PM_PEREZ,SRV-NODE-1
ERP-03616,PROJ-2988,Trujillo,Audiovisual,177,197,63720,107925,84882,23043,31,4,PM_MEZA,SRV-NODE-5
ERP-03617,PROJ-2972,Huancayo,Project Mgmt,117,126,57213,95463,58690,36773,41,51,PM_SOTO,SRV-NODE-5
ERP-03618,PROJ-4961,Lima,Audiovisual,71,91,41535,69298,44496,24802,19,33,PM_VEGA,SRV-NODE-6
ERP-03619,PROJ-1340,Trujillo,Business Proc,38,43,22002,46217,27688,18529,11,17,PM_PEREZ,SRV-NODE-1
ERP-03620,PROJ-3005,Piura,Videoconference,132,177,33132,57152,38947,18205,27,28,PM_MEZA,SRV-NODE-2
ERP-03621,PROJ-6557,Trujillo,Business Proc,96,112,39744,75168,44194,30974,20,17,PM_MEZA,SRV-NODE-10
ERP-03622,PROJ-9477,Cusco,Business Proc,27,32,14499,23404,19279,4125,35,5,PM_SOTO,SRV-NODE-7
ERP-03623,PROJ-3696,Lima,Audiovisual,115,146,54510,113260,55773,57487,31,22,PM_RIVAS,SRV-NODE-9
ERP-03624,PROJ-6113,Cusco,Project Mgmt,163,217,88020,177322,119700,57622,49,55,PM_RIVAS,SRV-NODE-4
ERP-03625,PROJ-3505,Iquitos,Videoconference,92,100,26680,44043,28559,15484,34,42,PM_PEREZ,SRV-NODE-4
ERP-03626,PROJ-3045,Puno,Project Mgmt,178,224,103418,201776,108982,92794,25,4,PM_PEREZ,SRV-NODE-2
ERP-03627,PROJ-5916,Trujillo,Business Proc,123,124,41205,77589,56003,21586,3,2,PM_MEZA,SRV-NODE-10
ERP-03628,PROJ-9477,Lima,Videoconference,105,113,38430,75487,50547,24940,19,32,PM_SOTO,SRV-NODE-10
ERP-03629,PROJ-6615,Piura,Business Proc,115,137,32545,63810,40584,23226,35,28,PM_MEZA,SRV-NODE-3
ERP-03630,PROJ-5227,Tacna,Project Mgmt,88,89,42768,87327,57089,30238,4,5,PM_PEREZ,SRV-NODE-4
ERP-03631,PROJ-7930,Iquitos,Business Proc,107,133,64093,115143,73054,42089,21,8,PM_VEGA,SRV-NODE-7
ERP-03632,PROJ-6537,Lima,Project Mgmt,70,84,21980,45320,27132,18188,37,8,PM_RIVAS,SRV-NODE-9
ERP-03633,PROJ-8555,Piura,Videoconference,25,26,13075,27021,17332,9689,44,47,PM_RIVAS,SRV-NODE-4
ERP-03634,PROJ-5679,Tacna,Audiovisual,143,169,41041,86405,51897,34508,44,27,PM_VEGA,SRV-NODE-2
ERP-03635,PROJ-5121,Huancayo,Audiovisual,105,121,47040,92524,61361,31163,15,12,PM_RIVAS,SRV-NODE-3
ERP-03636,PROJ-5442,Tacna,Audiovisual,177,214,86553,150864,113159,37705,3,1,PM_VEGA,SRV-NODE-6
ERP-03637,PROJ-5473,Lima,Business Proc,136,157,61200,107214,71071,36143,41,45,PM_MEZA,SRV-NODE-8
ERP-03638,PROJ-1843,Arequipa,Project Mgmt,99,112,21780,45543,25169,20374,26,13,PM_PEREZ,SRV-NODE-8
ERP-03639,PROJ-9681,Iquitos,Videoconference,46,62,17618,31981,18852,13129,34,9,PM_PEREZ,SRV-NODE-8
ERP-03640,PROJ-3072,Arequipa,Project Mgmt,129,151,32895,63482,36568,26914,40,23,PM_VEGA,SRV-NODE-5
ERP-03641,PROJ-5325,Trujillo,Videoconference,176,214,48752,102605,57469,45136,33,19,PM_MEZA,SRV-NODE-10
ERP-03642,PROJ-8863,Huancayo,Project Mgmt,169,206,86021,174712,114357,60355,48,11,PM_MEZA,SRV-NODE-8
ERP-03643,PROJ-8672,Huancayo,Business Proc,171,176,67032,128786,88009,40777,25,30,PM_RIVAS,SRV-NODE-8
ERP-03644,PROJ-8956,Tacna,Project Mgmt,38,44,10564,23096,14412,8684,31,45,PM_SOTO,SRV-NODE-2
ERP-03645,PROJ-4352,Huancayo,Project Mgmt,100,129,57300,111373,60353,51020,47,53,PM_PEREZ,SRV-NODE-8
ERP-03646,PROJ-1378,Tacna,Project Mgmt,62,80,17050,30730,20061,10669,8,4,PM_MEZA,SRV-NODE-8
ERP-03647,PROJ-9983,Lima,Business Proc,162,210,84402,142856,102875,39981,14,20,PM_MEZA,SRV-NODE-10
ERP-03648,PROJ-6616,Trujillo,Videoconference,51,51,15810,29381,16869,12512,18,30,PM_SOTO,SRV-NODE-4
ERP-03649,PROJ-6404,Arequipa,Audiovisual,128,154,44672,86963,49634,37329,46,66,PM_RIVAS,SRV-NODE-9
ERP-03650,PROJ-7458,Huancayo,Project Mgmt,23,29,11454,22688,13785,8903,45,66,PM_VEGA,SRV-NODE-6
ERP-03651,PROJ-8121,Puno,Videoconference,175,212,79975,147629,105076,42553,15,4,PM_SOTO,SRV-NODE-6
ERP-03652,PROJ-4227,Puno,Videoconference,78,105,34086,68235,43298,24937,17,22,PM_PEREZ,SRV-NODE-4
ERP-03653,PROJ-8960,Puno,Audiovisual,78,97,36738,69805,45741,24064,32,6,PM_RIVAS,SRV-NODE-6
ERP-03654,PROJ-3303,Huancayo,Business Proc,174,203,84042,170484,90766,79718,49,25,PM_MEZA,SRV-NODE-4
ERP-03655,PROJ-1348,Trujillo,Videoconference,71,82,41322,90343,42637,47706,29,51,PM_MEZA,SRV-NODE-6
ERP-03656,PROJ-3738,Iquitos,Business Proc,46,61,18216,32554,18693,13861,37,54,PM_SOTO,SRV-NODE-10
ERP-03657,PROJ-8110,Arequipa,Business Proc,165,169,64680,118007,73000,45007,25,31,PM_PEREZ,SRV-NODE-6
ERP-03658,PROJ-4105,Puno,Audiovisual,154,183,71764,148533,84731,63802,35,17,PM_RIVAS,SRV-NODE-3
ERP-03659,PROJ-9329,Trujillo,Videoconference,109,130,56026,116969,60187,56782,12,9,PM_RIVAS,SRV-NODE-10
ERP-03660,PROJ-6454,Arequipa,Business Proc,63,72,13419,27753,15720,12033,13,17,PM_RIVAS,SRV-NODE-3
ERP-03661,PROJ-1052,Iquitos,Videoconference,61,77,26657,44162,30101,14061,4,4,PM_MEZA,SRV-NODE-6
ERP-03662,PROJ-2064,Trujillo,Videoconference,115,145,64975,123132,75761,47371,47,23,PM_SOTO,SRV-NODE-4
ERP-03663,PROJ-8438,Lima,Project Mgmt,150,193,36600,69726,45330,24396,6,5,PM_SOTO,SRV-NODE-8
ERP-03664,PROJ-8497,Huancayo,Audiovisual,123,147,35055,70033,46032,24001,36,6,PM_PEREZ,SRV-NODE-7
ERP-03665,PROJ-8815,Arequipa,Project Mgmt,153,180,88740,164268,98695,65573,13,3,PM_MEZA,SRV-NODE-8
ERP-03666,PROJ-8866,Cusco,Project Mgmt,37,41,9694,19450,12651,6799,13,6,PM_RIVAS,SRV-NODE-1
ERP-03667,PROJ-3003,Puno,Business Proc,31,34,6975,12622,9079,3543,26,28,PM_SOTO,SRV-NODE-6
ERP-03668,PROJ-8853,Arequipa,Project Mgmt,165,177,42570,82853,59281,23572,29,46,PM_PEREZ,SRV-NODE-9
ERP-03669,PROJ-3088,Huancayo,Videoconference,20,24,4800,10306,5913,4393,14,11,PM_RIVAS,SRV-NODE-7
ERP-03670,PROJ-5935,Arequipa,Videoconference,164,181,80852,176004,109387,66617,32,49,PM_MEZA,SRV-NODE-5
ERP-03671,PROJ-5511,Lima,Business Proc,46,49,18676,37311,20626,16685,39,63,PM_RIVAS,SRV-NODE-5
ERP-03672,PROJ-9113,Puno,Videoconference,163,164,57539,102650,61101,41549,47,12,PM_VEGA,SRV-NODE-8
ERP-03673,PROJ-7890,Arequipa,Business Proc,120,141,34440,74696,36706,37990,28,38,PM_VEGA,SRV-NODE-4
ERP-03674,PROJ-1364,Arequipa,Videoconference,44,50,13596,28511,14710,13801,37,57,PM_MEZA,SRV-NODE-3
ERP-03675,PROJ-8080,Cusco,Videoconference,70,92,21140,41878,23191,18687,3,5,PM_VEGA,SRV-NODE-5
ERP-03676,PROJ-1256,Lima,Business Proc,146,192,58400,120280,62327,57953,47,57,PM_RIVAS,SRV-NODE-7
ERP-03677,PROJ-9945,Lima,Business Proc,177,216,89562,157437,109921,47516,20,21,PM_MEZA,SRV-NODE-9
ERP-03678,PROJ-7381,Puno,Business Proc,106,133,38266,62562,43753,18809,8,3,PM_PEREZ,SRV-NODE-7
ERP-03679,PROJ-9980,Iquitos,Project Mgmt,45,56,11025,23820,12936,10884,40,40,PM_RIVAS,SRV-NODE-4
ERP-03680,PROJ-9443,Tacna,Business Proc,157,202,52438,85932,57090,28842,40,8,PM_RIVAS,SRV-NODE-3
ERP-03681,PROJ-9096,Cajamarca,Videoconference,29,32,11310,19134,14646,4488,25,37,PM_VEGA,SRV-NODE-10
ERP-03682,PROJ-2678,Puno,Project Mgmt,157,177,34069,70401,45894,24507,24,5,PM_PEREZ,SRV-NODE-4
ERP-03683,PROJ-8012,Iquitos,Videoconference,129,166,67983,109044,95150,13894,7,8,PM_PEREZ,SRV-NODE-9
ERP-03684,PROJ-2170,Cajamarca,Videoconference,107,129,50183,106273,64234,42039,37,18,PM_PEREZ,SRV-NODE-9
ERP-03685,PROJ-4287,Piura,Business Proc,69,71,19320,31206,24097,7109,21,7,PM_MEZA,SRV-NODE-3
ERP-03686,PROJ-5779,Cajamarca,Videoconference,51,54,20196,32893,25712,7181,14,25,PM_MEZA,SRV-NODE-8
ERP-03687,PROJ-5845,Trujillo,Business Proc,163,168,84923,180398,115074,65324,37,33,PM_RIVAS,SRV-NODE-7
ERP-03688,PROJ-9026,Lima,Videoconference,180,239,105480,217177,136237,80940,13,10,PM_MEZA,SRV-NODE-6
ERP-03689,PROJ-2129,Arequipa,Project Mgmt,61,80,32391,52720,32675,20045,41,46,PM_RIVAS,SRV-NODE-4
ERP-03690,PROJ-5235,Cajamarca,Videoconference,25,29,7625,14143,10569,3574,25,3,PM_SOTO,SRV-NODE-1
ERP-03691,PROJ-9138,Tacna,Business Proc,107,121,33277,56034,39526,16508,14,14,PM_MEZA,SRV-NODE-1
ERP-03692,PROJ-4561,Lima,Project Mgmt,125,150,63625,114846,86536,28310,45,9,PM_RIVAS,SRV-NODE-1
ERP-03693,PROJ-5138,Iquitos,Videoconference,95,95,53295,89982,53933,36049,25,21,PM_VEGA,SRV-NODE-1
ERP-03694,PROJ-7638,Puno,Business Proc,77,81,42889,71717,51434,20283,31,5,PM_MEZA,SRV-NODE-3
ERP-03695,PROJ-6472,Tacna,Business Proc,99,118,51579,106911,63127,43784,49,72,PM_MEZA,SRV-NODE-2
ERP-03696,PROJ-3824,Trujillo,Project Mgmt,88,110,29128,54933,31556,23377,45,61,PM_RIVAS,SRV-NODE-10
ERP-03697,PROJ-3858,Tacna,Videoconference,71,72,36281,68456,41132,27324,28,35,PM_VEGA,SRV-NODE-9
ERP-03698,PROJ-5656,Huancayo,Audiovisual,177,229,76464,135562,93088,42474,28,44,PM_RIVAS,SRV-NODE-6
ERP-03699,PROJ-1119,Cusco,Business Proc,154,167,86702,146384,115267,31117,12,1,PM_VEGA,SRV-NODE-3
ERP-03700,PROJ-5247,Tacna,Project Mgmt,91,116,34307,67902,36787,31115,44,14,PM_PEREZ,SRV-NODE-10
ERP-03701,PROJ-8421,Huancayo,Audiovisual,160,188,84000,170871,92443,78428,16,2,PM_SOTO,SRV-NODE-9
ERP-03702,PROJ-8028,Iquitos,Business Proc,110,146,58080,116789,72999,43790,14,11,PM_SOTO,SRV-NODE-6
ERP-03703,PROJ-5732,Iquitos,Videoconference,142,155,51404,82984,51657,31327,12,13,PM_PEREZ,SRV-NODE-2
ERP-03704,PROJ-3433,Cusco,Project Mgmt,139,148,71724,134998,82461,52537,10,3,PM_MEZA,SRV-NODE-5
ERP-03705,PROJ-2728,Trujillo,Videoconference,130,174,76570,161248,79185,82063,29,19,PM_RIVAS,SRV-NODE-7
ERP-03706,PROJ-6629,Iquitos,Business Proc,91,103,38766,83690,40318,43372,8,9,PM_VEGA,SRV-NODE-5
ERP-03707,PROJ-8638,Cajamarca,Audiovisual,89,114,21894,39851,22135,17716,5,1,PM_VEGA,SRV-NODE-10
ERP-03708,PROJ-1731,Huancayo,Business Proc,177,190,49560,79382,63271,16111,50,81,PM_RIVAS,SRV-NODE-6
ERP-03709,PROJ-3881,Trujillo,Videoconference,120,148,41280,78478,51298,27180,15,9,PM_PEREZ,SRV-NODE-9
ERP-03710,PROJ-2091,Cajamarca,Videoconference,127,166,69469,141368,82027,59341,11,19,PM_RIVAS,SRV-NODE-2
ERP-03711,PROJ-3226,Huancayo,Project Mgmt,69,70,20769,41420,20997,20423,11,16,PM_RIVAS,SRV-NODE-10
ERP-03712,PROJ-2473,Trujillo,Business Proc,78,97,25974,56524,28833,27691,41,20,PM_PEREZ,SRV-NODE-2
ERP-03713,PROJ-1995,Tacna,Business Proc,64,81,32512,58409,36372,22037,19,13,PM_RIVAS,SRV-NODE-2
ERP-03714,PROJ-8638,Huancayo,Project Mgmt,59,77,14042,29038,17028,12010,30,7,PM_MEZA,SRV-NODE-5
ERP-03715,PROJ-8340,Cajamarca,Audiovisual,61,74,25925,53819,26207,27612,18,25,PM_PEREZ,SRV-NODE-2
ERP-03716,PROJ-7982,Puno,Business Proc,116,154,59856,107678,66471,41207,31,14,PM_VEGA,SRV-NODE-7
ERP-03717,PROJ-8296,Piura,Audiovisual,44,52,20240,32589,24329,8260,5,1,PM_RIVAS,SRV-NODE-10
ERP-03718,PROJ-2916,Puno,Videoconference,69,72,14697,31172,16829,14343,30,22,PM_SOTO,SRV-NODE-5
ERP-03719,PROJ-5764,Huancayo,Videoconference,98,127,29988,63268,30460,32808,16,4,PM_MEZA,SRV-NODE-6
ERP-03720,PROJ-6266,Iquitos,Audiovisual,69,88,32361,64082,38606,25476,17,9,PM_VEGA,SRV-NODE-8
ERP-03721,PROJ-6351,Trujillo,Audiovisual,36,41,9036,18906,10543,8363,35,35,PM_RIVAS,SRV-NODE-3
ERP-03722,PROJ-1679,Trujillo,Videoconference,136,172,68136,124698,85586,39112,9,8,PM_VEGA,SRV-NODE-6
ERP-03723,PROJ-9977,Tacna,Business Proc,167,183,74983,139814,93393,46421,20,12,PM_SOTO,SRV-NODE-3
ERP-03724,PROJ-2034,Lima,Videoconference,170,177,71910,134445,87825,46620,3,1,PM_PEREZ,SRV-NODE-1
ERP-03725,PROJ-9524,Cusco,Audiovisual,76,96,45372,89609,46137,43472,30,24,PM_RIVAS,SRV-NODE-5
ERP-03726,PROJ-8965,Trujillo,Business Proc,128,147,28928,53259,38835,14424,22,28,PM_PEREZ,SRV-NODE-5
ERP-03727,PROJ-1970,Huancayo,Project Mgmt,116,140,63568,137125,78116,59009,14,11,PM_VEGA,SRV-NODE-3
ERP-03728,PROJ-7748,Tacna,Project Mgmt,155,165,84630,152593,115946,36647,7,10,PM_VEGA,SRV-NODE-10
ERP-03729,PROJ-6996,Puno,Audiovisual,80,97,21760,45810,22109,23701,50,57,PM_PEREZ,SRV-NODE-4
ERP-03730,PROJ-7905,Lima,Project Mgmt,55,58,17380,29962,17674,12288,18,7,PM_MEZA,SRV-NODE-2
ERP-03731,PROJ-7760,Trujillo,Business Proc,63,84,12789,28094,12863,15231,49,10,PM_MEZA,SRV-NODE-1
ERP-03732,PROJ-8650,Huancayo,Business Proc,125,150,60750,109030,73661,35369,33,7,PM_RIVAS,SRV-NODE-4
ERP-03733,PROJ-5811,Piura,Audiovisual,36,36,17604,37406,21582,15824,11,7,PM_RIVAS,SRV-NODE-8
ERP-03734,PROJ-9685,Cajamarca,Project Mgmt,69,75,13869,28088,17260,10828,12,6,PM_SOTO,SRV-NODE-10
ERP-03735,PROJ-9275,Arequipa,Project Mgmt,158,159,69520,126149,76830,49319,47,22,PM_SOTO,SRV-NODE-1
ERP-03736,PROJ-6499,Lima,Project Mgmt,109,144,24743,47817,24753,23064,12,14,PM_MEZA,SRV-NODE-8
ERP-03737,PROJ-2647,Cusco,Project Mgmt,23,29,9177,16007,10047,5960,24,11,PM_RIVAS,SRV-NODE-1
ERP-03738,PROJ-2870,Puno,Business Proc,103,125,43157,93585,48770,44815,49,24,PM_MEZA,SRV-NODE-4
ERP-03739,PROJ-8669,Trujillo,Business Proc,171,197,68913,121732,81350,40382,12,21,PM_SOTO,SRV-NODE-6
ERP-03740,PROJ-8294,Cajamarca,Business Proc,166,215,86652,158685,107948,50737,22,7,PM_SOTO,SRV-NODE-4
ERP-03741,PROJ-3594,Arequipa,Videoconference,163,169,45314,90572,53207,37365,31,3,PM_SOTO,SRV-NODE-2
ERP-03742,PROJ-5484,Lima,Audiovisual,31,40,13361,24947,14951,9996,10,12,PM_SOTO,SRV-NODE-2
ERP-03743,PROJ-6074,Arequipa,Audiovisual,64,72,26048,41826,29112,12714,47,7,PM_SOTO,SRV-NODE-1
ERP-03744,PROJ-8436,Piura,Business Proc,132,146,71940,149561,76839,72722,18,24,PM_PEREZ,SRV-NODE-8
ERP-03745,PROJ-4310,Trujillo,Videoconference,104,106,30368,52631,34651,17980,16,5,PM_SOTO,SRV-NODE-2
ERP-03746,PROJ-1408,Cajamarca,Project Mgmt,31,39,8556,15912,11187,4725,45,28,PM_SOTO,SRV-NODE-6
ERP-03747,PROJ-8874,Iquitos,Business Proc,159,167,69801,125783,93459,32324,14,9,PM_VEGA,SRV-NODE-9
ERP-03748,PROJ-2328,Arequipa,Project Mgmt,88,114,30976,68021,35008,33013,41,47,PM_VEGA,SRV-NODE-3
ERP-03749,PROJ-5425,Lima,Business Proc,76,95,22876,46879,29197,17682,5,3,PM_SOTO,SRV-NODE-4
ERP-03750,PROJ-3048,Puno,Audiovisual,90,98,35460,64071,39685,24386,4,5,PM_PEREZ,SRV-NODE-7
ERP-03751,PROJ-9356,Iquitos,Project Mgmt,20,20,6420,10401,6846,3555,16,5,PM_VEGA,SRV-NODE-1
ERP-03752,PROJ-9684,Cajamarca,Audiovisual,171,205,45657,84074,63339,20735,18,4,PM_PEREZ,SRV-NODE-8
ERP-03753,PROJ-6474,Lima,Videoconference,155,205,44175,87613,53848,33765,19,12,PM_PEREZ,SRV-NODE-2
ERP-03754,PROJ-1529,Tacna,Project Mgmt,131,142,54365,111004,72892,38112,29,42,PM_VEGA,SRV-NODE-3
ERP-03755,PROJ-9208,Cajamarca,Audiovisual,54,68,20250,36100,21008,15092,14,8,PM_VEGA,SRV-NODE-10
ERP-03756,PROJ-2224,Cusco,Project Mgmt,37,37,21941,36310,29406,6904,42,72,PM_MEZA,SRV-NODE-1
ERP-03757,PROJ-2322,Puno,Audiovisual,175,185,53550,109040,68913,40127,40,32,PM_VEGA,SRV-NODE-7
ERP-03758,PROJ-3301,Cajamarca,Business Proc,93,123,32922,59317,41319,17998,43,6,PM_PEREZ,SRV-NODE-2
ERP-03759,PROJ-3242,Puno,Business Proc,144,160,81360,169187,98625,70562,32,18,PM_RIVAS,SRV-NODE-4
ERP-03760,PROJ-1731,Arequipa,Business Proc,94,122,35156,72000,43387,28613,7,5,PM_RIVAS,SRV-NODE-10
ERP-03761,PROJ-8724,Trujillo,Project Mgmt,121,149,68849,135156,82303,52853,35,52,PM_PEREZ,SRV-NODE-9
ERP-03762,PROJ-6267,Iquitos,Business Proc,114,129,23826,41002,23828,17174,19,9,PM_PEREZ,SRV-NODE-9
ERP-03763,PROJ-9440,Piura,Audiovisual,63,82,17388,29866,21887,7979,40,11,PM_SOTO,SRV-NODE-5
ERP-03764,PROJ-4776,Piura,Business Proc,116,136,44544,72285,50137,22148,16,2,PM_VEGA,SRV-NODE-3
ERP-03765,PROJ-5775,Piura,Project Mgmt,25,28,13450,22738,13800,8938,24,38,PM_MEZA,SRV-NODE-6
ERP-03766,PROJ-8839,Arequipa,Project Mgmt,58,64,24302,43402,29800,13602,11,14,PM_RIVAS,SRV-NODE-10
ERP-03767,PROJ-4973,Huancayo,Videoconference,130,148,64480,133823,78665,55158,35,18,PM_VEGA,SRV-NODE-9
ERP-03768,PROJ-2705,Iquitos,Business Proc,107,134,54249,86824,65012,21812,28,39,PM_MEZA,SRV-NODE-10
ERP-03769,PROJ-7029,Cajamarca,Business Proc,72,91,19008,40555,22777,17778,18,9,PM_SOTO,SRV-NODE-10
ERP-03770,PROJ-9706,Cusco,Videoconference,80,85,28800,52746,31636,21110,3,5,PM_RIVAS,SRV-NODE-7
ERP-03771,PROJ-4153,Iquitos,Audiovisual,56,56,28000,50024,29222,20802,19,18,PM_VEGA,SRV-NODE-3
ERP-03772,PROJ-2508,Tacna,Business Proc,110,145,30360,49319,39971,9348,31,53,PM_MEZA,SRV-NODE-3
ERP-03773,PROJ-9010,Puno,Business Proc,158,175,57038,119765,72906,46859,33,30,PM_SOTO,SRV-NODE-7
ERP-03774,PROJ-9464,Arequipa,Audiovisual,68,72,24004,52036,32194,19842,38,61,PM_VEGA,SRV-NODE-9
ERP-03775,PROJ-4556,Arequipa,Audiovisual,140,175,77140,125783,100307,25476,27,38,PM_MEZA,SRV-NODE-4
ERP-03776,PROJ-3167,Piura,Audiovisual,80,80,32960,56628,38716,17912,36,57,PM_MEZA,SRV-NODE-10
ERP-03777,PROJ-5182,Huancayo,Project Mgmt,82,110,35014,70058,41060,28998,27,13,PM_RIVAS,SRV-NODE-3
ERP-03778,PROJ-7295,Trujillo,Audiovisual,102,127,39984,82807,41245,41562,15,4,PM_RIVAS,SRV-NODE-2
ERP-03779,PROJ-8658,Iquitos,Audiovisual,105,112,22890,41198,23694,17504,3,2,PM_MEZA,SRV-NODE-10
ERP-03780,PROJ-2106,Lima,Business Proc,57,67,12768,22176,16111,6065,33,10,PM_VEGA,SRV-NODE-6
ERP-03781,PROJ-5183,Arequipa,Audiovisual,93,118,22599,49476,31083,18393,29,10,PM_PEREZ,SRV-NODE-7
ERP-03782,PROJ-6361,Huancayo,Audiovisual,105,108,22365,44532,22484,22048,49,56,PM_RIVAS,SRV-NODE-8
ERP-03783,PROJ-1714,Cajamarca,Business Proc,155,173,52235,112233,61108,51125,9,14,PM_SOTO,SRV-NODE-9
ERP-03784,PROJ-5270,Arequipa,Audiovisual,38,38,16948,30409,17409,13000,4,4,PM_PEREZ,SRV-NODE-10
ERP-03785,PROJ-7594,Trujillo,Videoconference,148,191,35372,75234,48781,26453,42,55,PM_VEGA,SRV-NODE-7
ERP-03786,PROJ-4374,Iquitos,Videoconference,62,78,20522,41298,27577,13721,40,16,PM_PEREZ,SRV-NODE-8
ERP-03787,PROJ-9151,Lima,Audiovisual,174,195,71514,141564,97187,44377,44,11,PM_VEGA,SRV-NODE-3
ERP-03788,PROJ-6864,Tacna,Videoconference,89,93,41385,68519,57443,11076,40,56,PM_VEGA,SRV-NODE-5
ERP-03789,PROJ-7485,Iquitos,Project Mgmt,101,102,40501,80171,56516,23655,29,12,PM_PEREZ,SRV-NODE-10
ERP-03790,PROJ-8083,Cajamarca,Videoconference,61,64,22387,37383,23406,13977,7,0,PM_VEGA,SRV-NODE-7
ERP-03791,PROJ-1319,Arequipa,Project Mgmt,170,225,72080,131083,73390,57693,35,58,PM_PEREZ,SRV-NODE-1
ERP-03792,PROJ-2320,Trujillo,Videoconference,92,121,47380,102905,65743,37162,47,44,PM_PEREZ,SRV-NODE-4
ERP-03793,PROJ-6529,Huancayo,Business Proc,138,154,69828,147212,83914,63298,45,54,PM_SOTO,SRV-NODE-7
ERP-03794,PROJ-6614,Tacna,Audiovisual,122,161,25864,42338,35993,6345,36,9,PM_VEGA,SRV-NODE-7
ERP-03795,PROJ-6345,Puno,Project Mgmt,102,130,21420,35460,24548,10912,48,63,PM_MEZA,SRV-NODE-7
ERP-03796,PROJ-3966,Cajamarca,Business Proc,169,179,37687,76353,38311,38042,26,27,PM_PEREZ,SRV-NODE-5
ERP-03797,PROJ-3202,Trujillo,Audiovisual,36,40,12960,24211,14355,9856,19,15,PM_SOTO,SRV-NODE-4
ERP-03798,PROJ-8605,Arequipa,Business Proc,63,63,16191,31017,18755,12262,24,34,PM_RIVAS,SRV-NODE-8
ERP-03799,PROJ-5980,Cusco,Project Mgmt,89,89,33731,68246,43330,24916,4,2,PM_PEREZ,SRV-NODE-5
ERP-03800,PROJ-8805,Trujillo,Audiovisual,156,195,33072,55934,43392,12542,18,17,PM_SOTO,SRV-NODE-5
ERP-03801,PROJ-9881,Trujillo,Project Mgmt,96,127,43008,72051,46767,25284,45,68,PM_VEGA,SRV-NODE-10
ERP-03802,PROJ-5794,Iquitos,Videoconference,136,156,63512,116261,71246,45015,46,81,PM_MEZA,SRV-NODE-2
ERP-03803,PROJ-5744,Cajamarca,Videoconference,48,63,14880,30113,17564,12549,24,41,PM_RIVAS,SRV-NODE-10
ERP-03804,PROJ-4792,Puno,Business Proc,96,116,24288,45975,27018,18957,49,25,PM_VEGA,SRV-NODE-7
ERP-03805,PROJ-6174,Puno,Business Proc,50,62,13250,26542,16296,10246,25,7,PM_MEZA,SRV-NODE-3
ERP-03806,PROJ-2464,Tacna,Audiovisual,81,104,35397,61949,37180,24769,28,5,PM_RIVAS,SRV-NODE-2
ERP-03807,PROJ-6209,Cusco,Project Mgmt,139,162,54488,93333,70814,22519,11,8,PM_RIVAS,SRV-NODE-10
ERP-03808,PROJ-9335,Arequipa,Business Proc,76,77,44156,77183,46289,30894,19,2,PM_SOTO,SRV-NODE-4
ERP-03809,PROJ-7401,Puno,Project Mgmt,36,39,16128,26581,17466,9115,8,5,PM_MEZA,SRV-NODE-6
ERP-03810,PROJ-5223,Cusco,Videoconference,52,68,26936,44988,28909,16079,11,12,PM_SOTO,SRV-NODE-9
ERP-03811,PROJ-4132,Cusco,Project Mgmt,87,113,42456,86472,47853,38619,17,16,PM_RIVAS,SRV-NODE-3
ERP-03812,PROJ-4908,Cusco,Audiovisual,88,94,40480,65212,54311,10901,11,13,PM_SOTO,SRV-NODE-9
ERP-03813,PROJ-8555,Cajamarca,Videoconference,102,107,29376,48973,35332,13641,44,66,PM_PEREZ,SRV-NODE-4
ERP-03814,PROJ-8326,Puno,Audiovisual,112,150,61824,133229,81484,51745,48,46,PM_PEREZ,SRV-NODE-6
ERP-03815,PROJ-1062,Piura,Videoconference,140,141,72660,152931,101606,51325,34,41,PM_SOTO,SRV-NODE-5
ERP-03816,PROJ-3587,Trujillo,Project Mgmt,140,177,72240,126207,97924,28283,37,27,PM_RIVAS,SRV-NODE-3
ERP-03817,PROJ-4128,Arequipa,Business Proc,56,68,16240,32873,19777,13096,30,31,PM_RIVAS,SRV-NODE-4
ERP-03818,PROJ-2609,Iquitos,Audiovisual,106,115,31482,62556,37520,25036,47,10,PM_SOTO,SRV-NODE-7
ERP-03819,PROJ-7368,Iquitos,Business Proc,131,152,41658,88548,58053,30495,36,51,PM_MEZA,SRV-NODE-10
ERP-03820,PROJ-6328,Piura,Business Proc,102,124,38556,69829,48719,21110,44,25,PM_RIVAS,SRV-NODE-10
ERP-03821,PROJ-8586,Iquitos,Project Mgmt,98,124,19894,33889,20980,12909,12,13,PM_SOTO,SRV-NODE-1
ERP-03822,PROJ-2527,Tacna,Videoconference,133,168,63973,135096,69492,65604,4,5,PM_SOTO,SRV-NODE-7
ERP-03823,PROJ-7278,Tacna,Project Mgmt,113,144,57856,127053,76872,50181,15,9,PM_VEGA,SRV-NODE-5
ERP-03824,PROJ-8285,Huancayo,Videoconference,113,136,27685,51704,30921,20783,41,58,PM_VEGA,SRV-NODE-8
ERP-03825,PROJ-9925,Cajamarca,Project Mgmt,178,178,58028,107651,77938,29713,13,6,PM_PEREZ,SRV-NODE-3
ERP-03826,PROJ-7197,Arequipa,Videoconference,127,157,34544,74066,41013,33053,44,77,PM_RIVAS,SRV-NODE-9
ERP-03827,PROJ-7353,Cusco,Business Proc,21,24,9723,15568,9879,5689,40,11,PM_SOTO,SRV-NODE-4
ERP-03828,PROJ-6407,Cusco,Project Mgmt,99,111,55242,103256,70662,32594,17,13,PM_RIVAS,SRV-NODE-9
ERP-03829,PROJ-1884,Trujillo,Videoconference,162,213,79704,159195,99901,59294,35,49,PM_SOTO,SRV-NODE-5
ERP-03830,PROJ-2321,Trujillo,Audiovisual,59,59,17287,36557,22382,14175,34,7,PM_MEZA,SRV-NODE-6
ERP-03831,PROJ-7335,Huancayo,Project Mgmt,173,223,73698,143812,91882,51930,22,27,PM_VEGA,SRV-NODE-8
ERP-03832,PROJ-9502,Tacna,Audiovisual,116,132,30972,49967,40890,9077,39,32,PM_SOTO,SRV-NODE-3
ERP-03833,PROJ-9267,Puno,Project Mgmt,173,185,44461,71785,54856,16929,32,39,PM_RIVAS,SRV-NODE-6
ERP-03834,PROJ-6939,Lima,Business Proc,96,129,31200,63581,40893,22688,40,23,PM_VEGA,SRV-NODE-5
ERP-03835,PROJ-5574,Cajamarca,Project Mgmt,103,110,58710,101135,74052,27083,47,73,PM_PEREZ,SRV-NODE-1
ERP-03836,PROJ-2087,Iquitos,Videoconference,86,96,33884,67668,45924,21744,40,7,PM_SOTO,SRV-NODE-7
ERP-03837,PROJ-7927,Trujillo,Audiovisual,137,173,77542,135345,100655,34690,5,1,PM_VEGA,SRV-NODE-1
ERP-03838,PROJ-9660,Huancayo,Audiovisual,120,133,62160,129031,64048,64983,16,8,PM_MEZA,SRV-NODE-5
ERP-03839,PROJ-7730,Arequipa,Audiovisual,151,195,54058,111216,75401,35815,27,31,PM_SOTO,SRV-NODE-10
ERP-03840,PROJ-9134,Cajamarca,Project Mgmt,172,220,95976,207187,117955,89232,43,48,PM_VEGA,SRV-NODE-4
ERP-03841,PROJ-7562,Piura,Business Proc,130,134,77480,169314,80972,88342,27,22,PM_SOTO,SRV-NODE-5
ERP-03842,PROJ-2672,Arequipa,Project Mgmt,173,215,49305,79950,61692,18258,4,5,PM_MEZA,SRV-NODE-9
ERP-03843,PROJ-4747,Trujillo,Business Proc,99,109,43857,94510,54203,40307,36,8,PM_VEGA,SRV-NODE-6
ERP-03844,PROJ-5490,Iquitos,Project Mgmt,81,106,29889,59382,32682,26700,25,44,PM_SOTO,SRV-NODE-6
ERP-03845,PROJ-9097,Arequipa,Project Mgmt,152,199,85424,160343,109917,50426,40,59,PM_RIVAS,SRV-NODE-7
ERP-03846,PROJ-9049,Iquitos,Audiovisual,137,177,79186,160554,94761,65793,14,22,PM_MEZA,SRV-NODE-5
ERP-03847,PROJ-1061,Lima,Videoconference,137,163,65897,142416,88182,54234,37,56,PM_SOTO,SRV-NODE-7
ERP-03848,PROJ-2178,Trujillo,Business Proc,75,93,23325,50949,29944,21005,24,4,PM_VEGA,SRV-NODE-6
ERP-03849,PROJ-9811,Lima,Audiovisual,167,177,58784,117894,59588,58306,41,15,PM_RIVAS,SRV-NODE-1
ERP-03850,PROJ-5573,Arequipa,Project Mgmt,25,29,5250,9004,5575,3429,27,16,PM_VEGA,SRV-NODE-6
ERP-03851,PROJ-3880,Iquitos,Audiovisual,90,106,27180,56017,35067,20950,46,53,PM_MEZA,SRV-NODE-7
ERP-03852,PROJ-7550,Trujillo,Business Proc,166,177,87648,162789,110592,52197,43,35,PM_MEZA,SRV-NODE-9
ERP-03853,PROJ-7857,Arequipa,Audiovisual,105,141,29610,52134,29928,22206,47,54,PM_SOTO,SRV-NODE-5
ERP-03854,PROJ-9909,Cusco,Project Mgmt,24,29,12984,22225,13630,8595,21,10,PM_VEGA,SRV-NODE-3
ERP-03855,PROJ-2284,Iquitos,Videoconference,144,170,37008,67338,41006,26332,14,7,PM_RIVAS,SRV-NODE-8
ERP-03856,PROJ-1135,Huancayo,Videoconference,166,209,44488,72570,59658,12912,42,31,PM_MEZA,SRV-NODE-4
ERP-03857,PROJ-9191,Huancayo,Project Mgmt,121,151,63646,119061,67964,51097,27,47,PM_RIVAS,SRV-NODE-2
ERP-03858,PROJ-4522,Huancayo,Audiovisual,163,203,78403,161930,89598,72332,47,14,PM_PEREZ,SRV-NODE-10
ERP-03859,PROJ-8274,Iquitos,Videoconference,149,181,60047,131996,68405,63591,9,11,PM_VEGA,SRV-NODE-6
ERP-03860,PROJ-6813,Puno,Videoconference,121,155,27709,51857,33602,18255,17,29,PM_MEZA,SRV-NODE-1
ERP-03861,PROJ-7140,Tacna,Project Mgmt,165,220,83655,157482,104877,52605,26,45,PM_SOTO,SRV-NODE-5
ERP-03862,PROJ-4587,Puno,Videoconference,150,168,57000,94653,58335,36318,19,6,PM_MEZA,SRV-NODE-4
ERP-03863,PROJ-7547,Lima,Business Proc,102,130,56610,106002,76995,29007,34,29,PM_VEGA,SRV-NODE-3
ERP-03864,PROJ-6099,Cajamarca,Audiovisual,116,134,45820,84455,56370,28085,17,18,PM_PEREZ,SRV-NODE-2
ERP-03865,PROJ-8391,Cusco,Project Mgmt,24,30,14304,30340,19743,10597,8,2,PM_SOTO,SRV-NODE-5
ERP-03866,PROJ-7286,Iquitos,Project Mgmt,151,182,61608,115445,69164,46281,8,7,PM_PEREZ,SRV-NODE-5
ERP-03867,PROJ-4276,Iquitos,Audiovisual,93,115,55707,101367,62450,38917,10,8,PM_RIVAS,SRV-NODE-1
ERP-03868,PROJ-3200,Lima,Project Mgmt,84,87,29064,49963,33200,16763,42,73,PM_RIVAS,SRV-NODE-2
ERP-03869,PROJ-2760,Cusco,Audiovisual,140,166,54600,114046,58026,56020,8,5,PM_PEREZ,SRV-NODE-8
ERP-03870,PROJ-4419,Cusco,Videoconference,157,207,75360,125682,76252,49430,48,71,PM_PEREZ,SRV-NODE-10
ERP-03871,PROJ-6742,Huancayo,Audiovisual,144,167,47520,100929,51191,49738,48,35,PM_PEREZ,SRV-NODE-8
ERP-03872,PROJ-3767,Puno,Project Mgmt,21,27,11067,19836,11466,8370,40,16,PM_VEGA,SRV-NODE-2
ERP-03873,PROJ-9139,Arequipa,Business Proc,124,135,57288,108373,58834,49539,30,51,PM_MEZA,SRV-NODE-10
ERP-03874,PROJ-9920,Tacna,Business Proc,171,184,59850,103298,76936,26362,42,11,PM_PEREZ,SRV-NODE-7
ERP-03875,PROJ-1541,Puno,Business Proc,94,121,32994,70526,39341,31185,4,5,PM_SOTO,SRV-NODE-1
ERP-03876,PROJ-4688,Tacna,Business Proc,89,114,27857,46433,28197,18236,9,2,PM_SOTO,SRV-NODE-3
ERP-03877,PROJ-3722,Tacna,Audiovisual,94,122,51230,103504,64175,39329,16,27,PM_SOTO,SRV-NODE-3
ERP-03878,PROJ-6321,Puno,Project Mgmt,152,176,76456,161191,78206,82985,10,14,PM_VEGA,SRV-NODE-7
ERP-03879,PROJ-4555,Puno,Videoconference,22,28,6358,10522,7687,2835,41,33,PM_MEZA,SRV-NODE-5
ERP-03880,PROJ-8994,Arequipa,Business Proc,57,61,26391,56383,33957,22426,35,12,PM_RIVAS,SRV-NODE-8
ERP-03881,PROJ-8516,Arequipa,Audiovisual,80,81,20880,41205,28835,12370,29,13,PM_VEGA,SRV-NODE-2
ERP-03882,PROJ-9141,Cusco,Audiovisual,148,183,35964,78847,48319,30528,17,18,PM_PEREZ,SRV-NODE-10
ERP-03883,PROJ-1958,Arequipa,Audiovisual,29,34,5916,10648,6253,4395,15,18,PM_RIVAS,SRV-NODE-1
ERP-03884,PROJ-9293,Cajamarca,Videoconference,123,140,52398,86479,64225,22254,26,40,PM_VEGA,SRV-NODE-10
ERP-03885,PROJ-2102,Trujillo,Business Proc,60,61,28200,48085,36473,11612,36,52,PM_SOTO,SRV-NODE-6
ERP-03886,PROJ-1058,Cajamarca,Audiovisual,168,206,82824,144907,89799,55108,7,11,PM_MEZA,SRV-NODE-1
ERP-03887,PROJ-3135,Cajamarca,Project Mgmt,21,23,6048,11778,7351,4427,35,61,PM_MEZA,SRV-NODE-8
ERP-03888,PROJ-9307,Lima,Project Mgmt,23,27,5106,10038,6335,3703,27,33,PM_RIVAS,SRV-NODE-8
ERP-03889,PROJ-7995,Huancayo,Business Proc,72,84,21672,39052,24445,14607,35,28,PM_PEREZ,SRV-NODE-2
ERP-03890,PROJ-8893,Trujillo,Audiovisual,139,143,30302,56393,36181,20212,39,10,PM_VEGA,SRV-NODE-2
ERP-03891,PROJ-3915,Lima,Videoconference,102,110,21216,43752,27740,16012,50,32,PM_RIVAS,SRV-NODE-2
ERP-03892,PROJ-5589,Tacna,Project Mgmt,133,169,64239,138990,64581,74409,10,16,PM_MEZA,SRV-NODE-7
ERP-03893,PROJ-7032,Lima,Audiovisual,40,46,22000,42262,23241,19021,26,6,PM_RIVAS,SRV-NODE-7
ERP-03894,PROJ-1804,Lima,Audiovisual,54,71,11016,20052,11653,8399,13,19,PM_SOTO,SRV-NODE-7
ERP-03895,PROJ-7224,Arequipa,Project Mgmt,126,134,28098,56586,28885,27701,6,10,PM_MEZA,SRV-NODE-3
ERP-03896,PROJ-7486,Trujillo,Videoconference,136,166,74392,154647,103202,51445,25,6,PM_SOTO,SRV-NODE-1
ERP-03897,PROJ-3934,Arequipa,Videoconference,169,185,96161,166144,129551,36593,17,27,PM_RIVAS,SRV-NODE-8
ERP-03898,PROJ-4230,Lima,Business Proc,88,108,25784,53958,32379,21579,12,10,PM_SOTO,SRV-NODE-9
ERP-03899,PROJ-7404,Tacna,Audiovisual,46,53,15042,29291,17289,12002,32,53,PM_PEREZ,SRV-NODE-7
ERP-03900,PROJ-1261,Arequipa,Audiovisual,168,212,44016,82810,58660,24150,40,42,PM_PEREZ,SRV-NODE-4
ERP-03901,PROJ-9518,Arequipa,Audiovisual,57,75,31293,53755,31585,22170,4,5,PM_MEZA,SRV-NODE-8
ERP-03902,PROJ-9274,Puno,Videoconference,169,203,47827,100465,52324,48141,45,46,PM_RIVAS,SRV-NODE-6
ERP-03903,PROJ-6234,Cajamarca,Project Mgmt,141,157,44133,71415,50780,20635,3,5,PM_VEGA,SRV-NODE-3
ERP-03904,PROJ-9378,Arequipa,Audiovisual,53,66,19292,37685,25295,12390,23,19,PM_SOTO,SRV-NODE-5
ERP-03905,PROJ-4061,Puno,Audiovisual,168,188,61992,124061,74048,50013,42,58,PM_RIVAS,SRV-NODE-3
ERP-03906,PROJ-4832,Cusco,Project Mgmt,48,52,18240,34711,19221,15490,4,6,PM_RIVAS,SRV-NODE-4
ERP-03907,PROJ-1829,Trujillo,Audiovisual,133,155,58786,98805,60525,38280,47,37,PM_RIVAS,SRV-NODE-2
ERP-03908,PROJ-1797,Puno,Business Proc,128,141,74112,161012,81114,79898,22,8,PM_PEREZ,SRV-NODE-8
ERP-03909,PROJ-9690,Arequipa,Business Proc,128,129,53248,102663,55344,47319,35,60,PM_PEREZ,SRV-NODE-7
ERP-03910,PROJ-4343,Piura,Project Mgmt,92,118,37076,77864,43941,33923,21,13,PM_SOTO,SRV-NODE-10
ERP-03911,PROJ-7435,Trujillo,Project Mgmt,70,84,32900,60162,45602,14560,13,22,PM_VEGA,SRV-NODE-8
ERP-03912,PROJ-3106,Arequipa,Audiovisual,133,176,59717,112693,66532,46161,49,78,PM_PEREZ,SRV-NODE-1
ERP-03913,PROJ-6286,Huancayo,Project Mgmt,36,39,8676,15096,9642,5454,42,47,PM_RIVAS,SRV-NODE-3
ERP-03914,PROJ-5609,Huancayo,Videoconference,70,77,38010,73274,51715,21559,33,11,PM_MEZA,SRV-NODE-8
ERP-03915,PROJ-5021,Cajamarca,Project Mgmt,82,101,28536,50925,36172,14753,15,17,PM_MEZA,SRV-NODE-7
ERP-03916,PROJ-5401,Cajamarca,Business Proc,73,85,21973,39566,25285,14281,31,55,PM_MEZA,SRV-NODE-1
ERP-03917,PROJ-5994,Piura,Business Proc,146,193,75482,165681,98155,67526,39,52,PM_SOTO,SRV-NODE-9
ERP-03918,PROJ-2166,Lima,Project Mgmt,75,90,39525,86764,43891,42873,33,45,PM_RIVAS,SRV-NODE-6
ERP-03919,PROJ-3031,Cajamarca,Videoconference,47,49,19458,42560,20610,21950,17,17,PM_PEREZ,SRV-NODE-5
ERP-03920,PROJ-3840,Piura,Business Proc,109,142,38804,73660,40111,33549,47,51,PM_VEGA,SRV-NODE-2
ERP-03921,PROJ-2696,Lima,Business Proc,39,40,22620,39786,23059,16727,42,63,PM_RIVAS,SRV-NODE-1
ERP-03922,PROJ-2881,Trujillo,Business Proc,76,76,19076,34252,20125,14127,7,9,PM_VEGA,SRV-NODE-1
ERP-03923,PROJ-5320,Puno,Videoconference,38,44,21052,35541,22103,13438,6,7,PM_MEZA,SRV-NODE-4
ERP-03924,PROJ-1519,Cajamarca,Business Proc,117,143,56511,107452,59192,48260,31,14,PM_MEZA,SRV-NODE-1
ERP-03925,PROJ-1423,Puno,Business Proc,57,69,18468,33151,20121,13030,7,1,PM_SOTO,SRV-NODE-1
ERP-03926,PROJ-4681,Puno,Business Proc,160,172,53120,94364,67152,27212,50,40,PM_PEREZ,SRV-NODE-5
ERP-03927,PROJ-6545,Tacna,Business Proc,95,105,47880,87940,49753,38187,36,11,PM_RIVAS,SRV-NODE-10
ERP-03928,PROJ-7731,Trujillo,Business Proc,173,227,87538,183778,109733,74045,31,8,PM_RIVAS,SRV-NODE-2
ERP-03929,PROJ-9730,Huancayo,Videoconference,41,42,11931,21337,15032,6305,10,17,PM_PEREZ,SRV-NODE-8
ERP-03930,PROJ-8893,Huancayo,Business Proc,123,156,52152,109610,58802,50808,38,32,PM_RIVAS,SRV-NODE-5
ERP-03931,PROJ-4521,Huancayo,Audiovisual,79,83,17301,33990,23134,10856,50,87,PM_PEREZ,SRV-NODE-8
ERP-03932,PROJ-5847,Lima,Project Mgmt,22,24,7304,11963,7976,3987,47,9,PM_MEZA,SRV-NODE-2
ERP-03933,PROJ-8430,Iquitos,Business Proc,30,30,6210,10297,7635,2662,20,18,PM_RIVAS,SRV-NODE-6
ERP-03934,PROJ-6960,Cusco,Videoconference,27,29,6426,11217,7411,3806,30,38,PM_SOTO,SRV-NODE-3
ERP-03935,PROJ-1256,Lima,Project Mgmt,150,166,48300,102729,65674,37055,24,26,PM_RIVAS,SRV-NODE-8
ERP-03936,PROJ-3267,Huancayo,Project Mgmt,70,79,18200,31344,20383,10961,41,65,PM_MEZA,SRV-NODE-3
ERP-03937,PROJ-5033,Huancayo,Audiovisual,149,179,34121,60852,35419,25433,38,62,PM_PEREZ,SRV-NODE-5
ERP-03938,PROJ-7184,Piura,Videoconference,47,59,11515,20150,12748,7402,22,17,PM_MEZA,SRV-NODE-5
ERP-03939,PROJ-4139,Huancayo,Project Mgmt,96,105,22656,47682,27933,19749,17,3,PM_PEREZ,SRV-NODE-7
ERP-03940,PROJ-7688,Piura,Business Proc,125,137,40000,86357,50367,35990,45,45,PM_MEZA,SRV-NODE-1
ERP-03941,PROJ-4275,Huancayo,Project Mgmt,25,27,9175,17339,12425,4914,4,3,PM_PEREZ,SRV-NODE-3
ERP-03942,PROJ-6600,Puno,Project Mgmt,70,76,26040,52737,27815,24922,34,45,PM_MEZA,SRV-NODE-6
ERP-03943,PROJ-1055,Huancayo,Business Proc,28,28,7588,12466,10607,1859,25,17,PM_SOTO,SRV-NODE-2
ERP-03944,PROJ-5265,Piura,Project Mgmt,133,175,64904,123369,90405,32964,40,52,PM_RIVAS,SRV-NODE-10
ERP-03945,PROJ-3629,Piura,Business Proc,176,231,88352,152424,99194,53230,41,33,PM_SOTO,SRV-NODE-1
ERP-03946,PROJ-5985,Arequipa,Business Proc,179,240,35979,75060,46415,28645,34,57,PM_PEREZ,SRV-NODE-10
ERP-03947,PROJ-6944,Huancayo,Project Mgmt,69,88,14559,26287,16400,9887,14,11,PM_RIVAS,SRV-NODE-5
ERP-03948,PROJ-4714,Arequipa,Project Mgmt,119,121,57953,120944,71258,49686,23,22,PM_VEGA,SRV-NODE-7
ERP-03949,PROJ-8715,Iquitos,Audiovisual,99,117,22671,41485,28577,12908,6,7,PM_RIVAS,SRV-NODE-2
ERP-03950,PROJ-1045,Arequipa,Audiovisual,75,100,27450,55591,28802,26789,44,17,PM_MEZA,SRV-NODE-5
ERP-03951,PROJ-8780,Tacna,Audiovisual,86,89,47902,78009,64912,13097,41,59,PM_MEZA,SRV-NODE-2
ERP-03952,PROJ-7533,Arequipa,Audiovisual,135,143,78840,168354,96317,72037,45,65,PM_MEZA,SRV-NODE-2
ERP-03953,PROJ-5572,Lima,Project Mgmt,137,168,74254,149033,87232,61801,46,37,PM_VEGA,SRV-NODE-10
ERP-03954,PROJ-3711,Huancayo,Videoconference,173,187,50516,105181,70094,35087,43,67,PM_PEREZ,SRV-NODE-10
ERP-03955,PROJ-9568,Puno,Business Proc,170,173,60180,98462,82060,16402,45,44,PM_SOTO,SRV-NODE-8
ERP-03956,PROJ-7075,Iquitos,Videoconference,114,145,47652,89575,60564,29011,29,49,PM_MEZA,SRV-NODE-2
ERP-03957,PROJ-8382,Trujillo,Audiovisual,175,235,97825,208403,134475,73928,48,75,PM_PEREZ,SRV-NODE-2
ERP-03958,PROJ-7330,Huancayo,Business Proc,55,67,16885,36496,17978,18518,43,35,PM_VEGA,SRV-NODE-7
ERP-03959,PROJ-2585,Cusco,Audiovisual,84,93,21840,44491,22683,21808,41,23,PM_PEREZ,SRV-NODE-9
ERP-03960,PROJ-4224,Puno,Audiovisual,60,71,30720,49166,40771,8395,37,52,PM_SOTO,SRV-NODE-3
ERP-03961,PROJ-8526,Lima,Business Proc,180,201,87300,184779,95546,89233,28,26,PM_MEZA,SRV-NODE-4
ERP-03962,PROJ-3718,Puno,Project Mgmt,99,119,40986,89707,46461,43246,14,23,PM_MEZA,SRV-NODE-10
ERP-03963,PROJ-3252,Iquitos,Videoconference,88,90,48400,94129,57696,36433,22,29,PM_VEGA,SRV-NODE-2
ERP-03964,PROJ-2053,Lima,Project Mgmt,130,149,69290,126357,93299,33058,15,8,PM_VEGA,SRV-NODE-3
ERP-03965,PROJ-4746,Puno,Audiovisual,71,86,38979,69795,44166,25629,15,25,PM_RIVAS,SRV-NODE-2
ERP-03966,PROJ-7017,Huancayo,Project Mgmt,177,216,45135,92687,62034,30653,4,3,PM_SOTO,SRV-NODE-7
ERP-03967,PROJ-5394,Cajamarca,Business Proc,90,116,42930,75698,43306,32392,22,22,PM_VEGA,SRV-NODE-5
ERP-03968,PROJ-9062,Arequipa,Project Mgmt,128,139,61568,126691,81824,44867,23,33,PM_MEZA,SRV-NODE-4
ERP-03969,PROJ-9683,Huancayo,Project Mgmt,71,84,37914,81775,41314,40461,32,30,PM_RIVAS,SRV-NODE-3
ERP-03970,PROJ-8404,Lima,Audiovisual,101,105,31512,54090,31776,22314,29,32,PM_PEREZ,SRV-NODE-2
ERP-03971,PROJ-9769,Lima,Videoconference,110,143,39710,79227,44135,35092,28,7,PM_VEGA,SRV-NODE-5
ERP-03972,PROJ-2214,Cusco,Videoconference,175,188,54075,113486,65518,47968,38,40,PM_MEZA,SRV-NODE-5
ERP-03973,PROJ-1492,Iquitos,Business Proc,128,166,32896,69331,35249,34082,3,5,PM_SOTO,SRV-NODE-3
ERP-03974,PROJ-7605,Iquitos,Business Proc,174,185,47676,98094,61601,36493,17,3,PM_MEZA,SRV-NODE-10
ERP-03975,PROJ-8616,Puno,Audiovisual,139,155,43785,88129,51543,36586,13,12,PM_MEZA,SRV-NODE-7
ERP-03976,PROJ-9124,Cajamarca,Videoconference,82,84,30750,59862,42507,17355,35,51,PM_RIVAS,SRV-NODE-3
ERP-03977,PROJ-7001,Huancayo,Project Mgmt,50,52,12850,28136,14712,13424,45,62,PM_SOTO,SRV-NODE-2
ERP-03978,PROJ-6333,Huancayo,Business Proc,41,54,17794,37185,17829,19356,13,8,PM_MEZA,SRV-NODE-3
ERP-03979,PROJ-1199,Cajamarca,Project Mgmt,43,55,10148,22076,11543,10533,42,21,PM_RIVAS,SRV-NODE-2
ERP-03980,PROJ-6870,Huancayo,Audiovisual,54,54,16686,34541,22233,12308,44,29,PM_RIVAS,SRV-NODE-7
ERP-03981,PROJ-1365,Tacna,Project Mgmt,24,31,5160,9610,5231,4379,11,17,PM_MEZA,SRV-NODE-4
ERP-03982,PROJ-3420,Iquitos,Project Mgmt,75,91,30600,49310,41318,7992,11,16,PM_VEGA,SRV-NODE-7
ERP-03983,PROJ-1184,Tacna,Project Mgmt,54,54,30132,63775,41901,21874,43,57,PM_PEREZ,SRV-NODE-5
ERP-03984,PROJ-5153,Huancayo,Videoconference,70,73,30520,48914,39546,9368,32,50,PM_SOTO,SRV-NODE-10
ERP-03985,PROJ-8151,Tacna,Project Mgmt,84,94,39648,77307,53455,23852,17,18,PM_RIVAS,SRV-NODE-7
ERP-03986,PROJ-5094,Iquitos,Business Proc,28,31,7812,15212,9391,5821,50,5,PM_SOTO,SRV-NODE-6
ERP-03987,PROJ-6496,Piura,Business Proc,159,162,56604,118382,63864,54518,44,59,PM_VEGA,SRV-NODE-1
ERP-03988,PROJ-1000,Piura,Audiovisual,124,140,42160,92125,56283,35842,36,12,PM_MEZA,SRV-NODE-4
ERP-03989,PROJ-4098,Iquitos,Project Mgmt,47,52,10246,19934,13540,6394,3,3,PM_RIVAS,SRV-NODE-10
ERP-03990,PROJ-8763,Tacna,Business Proc,151,155,80785,130278,87139,43139,42,75,PM_SOTO,SRV-NODE-7
ERP-03991,PROJ-4681,Puno,Project Mgmt,27,33,7398,16143,9971,6172,20,22,PM_RIVAS,SRV-NODE-4
ERP-03992,PROJ-3987,Piura,Project Mgmt,44,56,16060,33317,21019,12298,18,27,PM_RIVAS,SRV-NODE-5
ERP-03993,PROJ-1279,Arequipa,Business Proc,92,95,19688,33777,22567,11210,20,4,PM_MEZA,SRV-NODE-1
ERP-03994,PROJ-8686,Tacna,Videoconference,105,114,30975,65945,35671,30274,30,13,PM_RIVAS,SRV-NODE-6
ERP-03995,PROJ-9479,Tacna,Audiovisual,106,118,21412,39679,23909,15770,19,29,PM_RIVAS,SRV-NODE-6
ERP-03996,PROJ-9831,Iquitos,Project Mgmt,137,173,55485,102734,59179,43555,30,7,PM_SOTO,SRV-NODE-6
ERP-03997,PROJ-3018,Huancayo,Audiovisual,116,140,68440,135783,79048,56735,48,81,PM_MEZA,SRV-NODE-10
ERP-03998,PROJ-2915,Lima,Videoconference,97,116,32883,66727,41566,25161,24,19,PM_PEREZ,SRV-NODE-5
ERP-03999,PROJ-1574,Tacna,Videoconference,146,155,50954,98749,60037,38712,49,34,PM_MEZA,SRV-NODE-3
ERP-04000,PROJ-8136,Tacna,Business Proc,63,81,13860,23905,17679,6226,14,4,PM_MEZA,SRV-NODE-5
ERP-04001,PROJ-2633,Cajamarca,Videoconference,142,169,49984,98733,51531,47202,40,47,PM_MEZA,SRV-NODE-8
ERP-04002,PROJ-5161,Cusco,Audiovisual,99,112,47223,91021,64345,26676,38,41,PM_MEZA,SRV-NODE-8
ERP-04003,PROJ-3104,Trujillo,Project Mgmt,119,144,45220,72654,46608,26046,7,5,PM_VEGA,SRV-NODE-1
ERP-04004,PROJ-6281,Arequipa,Project Mgmt,61,69,12566,24383,13139,11244,29,22,PM_SOTO,SRV-NODE-4
ERP-04005,PROJ-6537,Tacna,Project Mgmt,24,30,11616,24106,13956,10150,26,30,PM_MEZA,SRV-NODE-9
ERP-04006,PROJ-3214,Cusco,Project Mgmt,97,120,33077,56683,42460,14223,38,45,PM_RIVAS,SRV-NODE-5
ERP-04007,PROJ-7184,Lima,Business Proc,21,22,8421,17662,9245,8417,7,12,PM_RIVAS,SRV-NODE-1
ERP-04008,PROJ-8978,Trujillo,Project Mgmt,78,87,33462,53693,34953,18740,4,3,PM_RIVAS,SRV-NODE-6
ERP-04009,PROJ-9838,Arequipa,Audiovisual,123,146,37269,69418,48095,21323,11,10,PM_PEREZ,SRV-NODE-1
ERP-04010,PROJ-9517,Trujillo,Project Mgmt,127,169,45847,79911,63073,16838,8,2,PM_PEREZ,SRV-NODE-5
ERP-04011,PROJ-8845,Tacna,Project Mgmt,83,110,41749,78609,56730,21879,3,2,PM_PEREZ,SRV-NODE-7
ERP-04012,PROJ-3776,Piura,Videoconference,170,198,89930,195267,115989,79278,20,11,PM_MEZA,SRV-NODE-6
ERP-04013,PROJ-4788,Piura,Business Proc,57,63,26391,57523,30288,27235,47,23,PM_SOTO,SRV-NODE-2
ERP-04014,PROJ-5129,Trujillo,Audiovisual,169,204,41743,79299,56878,22421,22,25,PM_PEREZ,SRV-NODE-5
ERP-04015,PROJ-6411,Cusco,Audiovisual,127,162,47117,93650,54168,39482,7,10,PM_MEZA,SRV-NODE-6
ERP-04016,PROJ-1576,Iquitos,Business Proc,153,164,52479,105237,56556,48681,24,37,PM_VEGA,SRV-NODE-2
ERP-04017,PROJ-9125,Cusco,Business Proc,81,96,37260,75512,44895,30617,7,12,PM_MEZA,SRV-NODE-6
ERP-04018,PROJ-9989,Cajamarca,Videoconference,83,103,43077,78785,48275,30510,36,40,PM_RIVAS,SRV-NODE-6
ERP-04019,PROJ-1982,Cajamarca,Videoconference,152,170,36936,71921,51041,20880,34,29,PM_MEZA,SRV-NODE-4
ERP-04020,PROJ-1279,Cusco,Audiovisual,36,40,10656,19495,13465,6030,33,46,PM_PEREZ,SRV-NODE-9
ERP-04021,PROJ-2711,Tacna,Audiovisual,121,156,71995,149118,73922,75196,14,10,PM_VEGA,SRV-NODE-7
ERP-04022,PROJ-6813,Huancayo,Audiovisual,35,36,18165,33943,19939,14004,39,26,PM_RIVAS,SRV-NODE-2
ERP-04023,PROJ-7263,Cajamarca,Business Proc,148,166,80216,141132,83595,57537,11,19,PM_PEREZ,SRV-NODE-3
ERP-04024,PROJ-2258,Huancayo,Project Mgmt,121,131,53966,107748,66572,41176,30,42,PM_RIVAS,SRV-NODE-1
ERP-04025,PROJ-8516,Cajamarca,Videoconference,138,160,62238,133353,80920,52433,36,46,PM_MEZA,SRV-NODE-7
ERP-04026,PROJ-7510,Tacna,Project Mgmt,147,155,64386,136498,69161,67337,42,11,PM_PEREZ,SRV-NODE-4
ERP-04027,PROJ-2021,Trujillo,Videoconference,122,137,37576,81143,41524,39619,42,50,PM_VEGA,SRV-NODE-8
ERP-04028,PROJ-2191,Cusco,Project Mgmt,54,68,27270,51123,37317,13806,35,14,PM_SOTO,SRV-NODE-2
ERP-04029,PROJ-7335,Huancayo,Project Mgmt,123,134,66174,112618,87387,25231,27,24,PM_SOTO,SRV-NODE-2
ERP-04030,PROJ-3453,Lima,Audiovisual,111,137,49950,106881,63449,43432,45,17,PM_MEZA,SRV-NODE-2
ERP-04031,PROJ-3348,Arequipa,Videoconference,168,209,71904,147302,89638,57664,23,8,PM_PEREZ,SRV-NODE-1
ERP-04032,PROJ-2316,Cajamarca,Project Mgmt,55,63,22715,37764,30845,6919,12,1,PM_RIVAS,SRV-NODE-4
ERP-04033,PROJ-3081,Huancayo,Business Proc,153,175,44523,79133,50448,28685,23,2,PM_VEGA,SRV-NODE-1
ERP-04034,PROJ-8138,Arequipa,Business Proc,146,185,82344,167284,98402,68882,43,42,PM_MEZA,SRV-NODE-1
ERP-04035,PROJ-3810,Iquitos,Project Mgmt,32,34,17536,38408,20232,18176,8,13,PM_VEGA,SRV-NODE-10
ERP-04036,PROJ-9056,Arequipa,Project Mgmt,41,41,22837,49885,25722,24163,3,3,PM_MEZA,SRV-NODE-6
ERP-04037,PROJ-7085,Cajamarca,Business Proc,104,114,32344,54580,44519,10061,33,29,PM_MEZA,SRV-NODE-6
ERP-04038,PROJ-5157,Piura,Business Proc,26,29,11024,19987,14652,5335,11,10,PM_MEZA,SRV-NODE-4
ERP-04039,PROJ-8517,Cusco,Videoconference,130,172,50180,91746,62214,29532,17,17,PM_PEREZ,SRV-NODE-1
ERP-04040,PROJ-3880,Lima,Business Proc,91,110,39494,69775,43091,26684,11,7,PM_VEGA,SRV-NODE-8
ERP-04041,PROJ-1422,Lima,Project Mgmt,104,121,61880,126514,65005,61509,37,34,PM_VEGA,SRV-NODE-6
ERP-04042,PROJ-9985,Puno,Business Proc,25,30,12775,24042,13601,10441,16,7,PM_PEREZ,SRV-NODE-9
ERP-04043,PROJ-8832,Lima,Project Mgmt,49,55,12985,21884,15304,6580,29,32,PM_SOTO,SRV-NODE-2
ERP-04044,PROJ-5630,Cajamarca,Videoconference,90,106,45450,97344,49616,47728,25,11,PM_MEZA,SRV-NODE-6
ERP-04045,PROJ-9250,Arequipa,Project Mgmt,58,75,29580,54312,32042,22270,12,1,PM_MEZA,SRV-NODE-7
ERP-04046,PROJ-4724,Puno,Audiovisual,132,146,36300,79631,41819,37812,22,20,PM_PEREZ,SRV-NODE-7
ERP-04047,PROJ-7347,Arequipa,Audiovisual,38,47,19722,38588,21030,17558,28,36,PM_RIVAS,SRV-NODE-2
ERP-04048,PROJ-3212,Trujillo,Videoconference,41,52,9758,19415,11189,8226,10,17,PM_SOTO,SRV-NODE-6
ERP-04049,PROJ-9114,Huancayo,Business Proc,101,123,45551,98068,51591,46477,23,23,PM_PEREZ,SRV-NODE-2
ERP-04050,PROJ-5018,Puno,Videoconference,92,96,21804,43582,28325,15257,48,71,PM_MEZA,SRV-NODE-4
ERP-04051,PROJ-6210,Huancayo,Audiovisual,160,170,45440,79146,52891,26255,4,6,PM_PEREZ,SRV-NODE-10
ERP-04052,PROJ-7044,Huancayo,Audiovisual,71,87,33583,65903,43058,22845,4,1,PM_RIVAS,SRV-NODE-10
ERP-04053,PROJ-8460,Arequipa,Audiovisual,20,26,10920,23482,14340,9142,7,1,PM_SOTO,SRV-NODE-5
ERP-04054,PROJ-1976,Arequipa,Project Mgmt,178,188,45390,81119,46683,34436,33,27,PM_RIVAS,SRV-NODE-5
ERP-04055,PROJ-3822,Trujillo,Videoconference,169,218,74529,145838,92734,53104,15,1,PM_SOTO,SRV-NODE-1
ERP-04056,PROJ-4420,Cajamarca,Audiovisual,89,114,47704,96286,53862,42424,30,53,PM_SOTO,SRV-NODE-4
ERP-04057,PROJ-5297,Cusco,Audiovisual,78,92,36582,76902,43339,33563,19,7,PM_VEGA,SRV-NODE-1
ERP-04058,PROJ-8992,Cusco,Project Mgmt,98,112,56350,100894,70410,30484,36,15,PM_VEGA,SRV-NODE-6
ERP-04059,PROJ-5060,Puno,Business Proc,147,187,42924,92048,48456,43592,18,8,PM_MEZA,SRV-NODE-10
ERP-04060,PROJ-1808,Cusco,Videoconference,98,115,54390,102038,63587,38451,33,25,PM_RIVAS,SRV-NODE-8
ERP-04061,PROJ-8251,Huancayo,Videoconference,74,87,20572,38537,22792,15745,18,18,PM_MEZA,SRV-NODE-1
ERP-04062,PROJ-3200,Piura,Audiovisual,28,31,16380,34069,17185,16884,38,63,PM_VEGA,SRV-NODE-3
ERP-04063,PROJ-5310,Trujillo,Business Proc,90,106,29970,61223,34054,27169,39,56,PM_VEGA,SRV-NODE-6
ERP-04064,PROJ-9410,Trujillo,Project Mgmt,45,60,9000,16750,10932,5818,26,3,PM_SOTO,SRV-NODE-2
ERP-04065,PROJ-1497,Lima,Audiovisual,31,31,16771,32330,20138,12192,15,19,PM_SOTO,SRV-NODE-10
ERP-04066,PROJ-7355,Lima,Videoconference,63,84,26712,46580,35747,10833,16,7,PM_MEZA,SRV-NODE-3
ERP-04067,PROJ-8032,Cajamarca,Project Mgmt,132,156,60456,103903,65691,38212,26,23,PM_VEGA,SRV-NODE-10
ERP-04068,PROJ-7877,Iquitos,Audiovisual,37,38,12099,26332,15978,10354,16,23,PM_RIVAS,SRV-NODE-5
ERP-04069,PROJ-2484,Cusco,Videoconference,158,202,52456,85348,57132,28216,48,23,PM_VEGA,SRV-NODE-2
ERP-04070,PROJ-5413,Huancayo,Business Proc,57,57,31977,58106,35657,22449,9,16,PM_SOTO,SRV-NODE-1
ERP-04071,PROJ-9581,Trujillo,Project Mgmt,53,58,19027,36243,19483,16760,23,35,PM_RIVAS,SRV-NODE-6
ERP-04072,PROJ-6545,Arequipa,Audiovisual,41,41,10537,20805,14452,6353,45,22,PM_SOTO,SRV-NODE-4
ERP-04073,PROJ-2858,Puno,Audiovisual,137,168,53019,93404,57163,36241,14,15,PM_PEREZ,SRV-NODE-3
ERP-04074,PROJ-2100,Cusco,Audiovisual,33,41,19140,31023,25717,5306,41,9,PM_SOTO,SRV-NODE-6
ERP-04075,PROJ-8264,Trujillo,Audiovisual,62,62,15624,33465,18085,15380,33,28,PM_VEGA,SRV-NODE-7
ERP-04076,PROJ-2961,Iquitos,Business Proc,135,178,45360,99463,50629,48834,44,71,PM_PEREZ,SRV-NODE-9
ERP-04077,PROJ-7429,Cusco,Videoconference,80,94,27280,59986,31714,28272,26,5,PM_MEZA,SRV-NODE-6
ERP-04078,PROJ-1339,Piura,Business Proc,41,44,18286,38162,24888,13274,43,76,PM_MEZA,SRV-NODE-9
ERP-04079,PROJ-4270,Tacna,Project Mgmt,176,200,90992,183691,119296,64395,28,47,PM_PEREZ,SRV-NODE-3
ERP-04080,PROJ-3641,Huancayo,Project Mgmt,142,151,40896,70467,47170,23297,10,14,PM_PEREZ,SRV-NODE-7
ERP-04081,PROJ-8140,Puno,Audiovisual,127,135,51308,97552,55169,42383,27,40,PM_PEREZ,SRV-NODE-5
ERP-04082,PROJ-6797,Tacna,Audiovisual,122,162,42456,84899,51192,33707,28,6,PM_RIVAS,SRV-NODE-7
ERP-04083,PROJ-5092,Cajamarca,Business Proc,74,75,26418,53276,26729,26547,4,6,PM_SOTO,SRV-NODE-4
ERP-04084,PROJ-1600,Piura,Videoconference,146,158,58546,127016,72081,54935,11,9,PM_SOTO,SRV-NODE-10
ERP-04085,PROJ-4475,Puno,Project Mgmt,38,38,14820,29692,17997,11695,11,16,PM_RIVAS,SRV-NODE-7
ERP-04086,PROJ-9436,Piura,Audiovisual,133,159,41363,82922,43490,39432,34,42,PM_RIVAS,SRV-NODE-8
ERP-04087,PROJ-9449,Cusco,Videoconference,122,152,58072,118378,77548,40830,37,12,PM_SOTO,SRV-NODE-6
ERP-04088,PROJ-5561,Huancayo,Videoconference,34,43,9452,17957,12195,5762,28,48,PM_SOTO,SRV-NODE-8
ERP-04089,PROJ-6965,Iquitos,Audiovisual,49,51,17640,28497,23004,5493,15,14,PM_RIVAS,SRV-NODE-2
ERP-04090,PROJ-8351,Iquitos,Audiovisual,72,74,18000,37895,23534,14361,48,51,PM_MEZA,SRV-NODE-2
ERP-04091,PROJ-8027,Huancayo,Videoconference,145,179,35525,76092,44317,31775,27,47,PM_VEGA,SRV-NODE-9
ERP-04092,PROJ-5002,Tacna,Videoconference,22,25,11902,26073,13252,12821,38,64,PM_PEREZ,SRV-NODE-2
ERP-04093,PROJ-8340,Trujillo,Project Mgmt,90,107,27540,47601,34474,13127,32,11,PM_PEREZ,SRV-NODE-2
ERP-04094,PROJ-9585,Trujillo,Audiovisual,162,189,80838,176783,83116,93667,50,23,PM_VEGA,SRV-NODE-2
ERP-04095,PROJ-1337,Cajamarca,Videoconference,66,78,38874,69468,53076,16392,20,32,PM_RIVAS,SRV-NODE-5
ERP-04096,PROJ-7942,Cajamarca,Business Proc,87,108,20880,44094,24735,19359,35,43,PM_SOTO,SRV-NODE-1
ERP-04097,PROJ-5664,Cusco,Business Proc,51,61,11067,23866,15391,8475,18,5,PM_RIVAS,SRV-NODE-4
ERP-04098,PROJ-5678,Iquitos,Videoconference,139,175,31553,69413,40511,28902,3,2,PM_MEZA,SRV-NODE-1
ERP-04099,PROJ-5200,Huancayo,Videoconference,130,147,75660,135728,87424,48304,17,26,PM_PEREZ,SRV-NODE-4
ERP-04100,PROJ-3654,Tacna,Business Proc,46,60,22586,37355,31457,5898,14,24,PM_SOTO,SRV-NODE-6
ERP-04101,PROJ-8812,Iquitos,Project Mgmt,32,34,7584,12258,9298,2960,13,6,PM_PEREZ,SRV-NODE-7
ERP-04102,PROJ-6079,Arequipa,Business Proc,34,38,13498,22310,13890,8420,48,65,PM_MEZA,SRV-NODE-4
ERP-04103,PROJ-6102,Piura,Business Proc,167,179,93186,178867,123092,55775,8,9,PM_SOTO,SRV-NODE-6
ERP-04104,PROJ-4066,Tacna,Project Mgmt,137,144,75487,132192,87380,44812,7,5,PM_PEREZ,SRV-NODE-8
ERP-04105,PROJ-4391,Tacna,Project Mgmt,139,160,40866,72992,47960,25032,22,12,PM_VEGA,SRV-NODE-7
ERP-04106,PROJ-1810,Tacna,Business Proc,167,169,68470,129396,80052,49344,32,4,PM_RIVAS,SRV-NODE-7
ERP-04107,PROJ-9225,Cusco,Audiovisual,152,162,38608,63626,47756,15870,14,15,PM_PEREZ,SRV-NODE-3
ERP-04108,PROJ-7478,Trujillo,Project Mgmt,100,114,50400,100473,54831,45642,14,11,PM_VEGA,SRV-NODE-8
ERP-04109,PROJ-6540,Iquitos,Business Proc,42,49,25200,42421,33002,9419,43,19,PM_VEGA,SRV-NODE-6
ERP-04110,PROJ-4576,Iquitos,Project Mgmt,111,128,59274,121669,79414,42255,40,62,PM_PEREZ,SRV-NODE-1
ERP-04111,PROJ-5840,Cusco,Project Mgmt,142,150,81934,132004,86520,45484,32,24,PM_SOTO,SRV-NODE-1
ERP-04112,PROJ-6485,Iquitos,Audiovisual,126,162,25452,45486,26593,18893,27,6,PM_MEZA,SRV-NODE-7
ERP-04113,PROJ-2312,Tacna,Videoconference,47,55,10293,17786,14167,3619,36,16,PM_MEZA,SRV-NODE-7
ERP-04114,PROJ-5773,Cajamarca,Project Mgmt,54,66,32400,57089,34851,22238,22,13,PM_PEREZ,SRV-NODE-6
ERP-04115,PROJ-4602,Huancayo,Project Mgmt,77,78,31801,52711,42250,10461,41,62,PM_MEZA,SRV-NODE-4
ERP-04116,PROJ-2414,Iquitos,Project Mgmt,178,198,83660,140064,106826,33238,12,4,PM_RIVAS,SRV-NODE-10
ERP-04117,PROJ-6245,Puno,Audiovisual,102,104,28458,52886,38462,14424,28,14,PM_VEGA,SRV-NODE-8
ERP-04118,PROJ-7820,Cusco,Project Mgmt,169,173,90077,166476,92147,74329,5,0,PM_VEGA,SRV-NODE-6
ERP-04119,PROJ-6731,Puno,Project Mgmt,20,24,8720,13976,11262,2714,47,36,PM_VEGA,SRV-NODE-10
ERP-04120,PROJ-9328,Trujillo,Business Proc,166,197,40338,72845,41412,31433,44,51,PM_RIVAS,SRV-NODE-1
ERP-04121,PROJ-9741,Puno,Project Mgmt,44,46,20636,41167,23946,17221,47,73,PM_RIVAS,SRV-NODE-6
ERP-04122,PROJ-6345,Piura,Audiovisual,21,25,11676,19158,12427,6731,9,5,PM_VEGA,SRV-NODE-9
ERP-04123,PROJ-5657,Tacna,Project Mgmt,69,77,29256,56959,29794,27165,25,5,PM_VEGA,SRV-NODE-9
ERP-04124,PROJ-7857,Tacna,Project Mgmt,37,40,18426,39867,25436,14431,29,29,PM_MEZA,SRV-NODE-3
ERP-04125,PROJ-6916,Iquitos,Business Proc,28,32,14952,29278,15937,13341,5,1,PM_MEZA,SRV-NODE-4
ERP-04126,PROJ-9357,Iquitos,Videoconference,89,106,36579,59565,46569,12996,12,20,PM_PEREZ,SRV-NODE-6
ERP-04127,PROJ-8199,Tacna,Audiovisual,77,87,24332,45724,24934,20790,24,30,PM_RIVAS,SRV-NODE-8
ERP-04128,PROJ-1498,Lima,Audiovisual,89,115,24920,52192,28539,23653,47,56,PM_PEREZ,SRV-NODE-9
ERP-04129,PROJ-2034,Iquitos,Business Proc,100,113,34200,57621,36160,21461,29,38,PM_PEREZ,SRV-NODE-10
ERP-04130,PROJ-1517,Cusco,Business Proc,71,76,30459,60151,40147,20004,35,52,PM_VEGA,SRV-NODE-1
ERP-04131,PROJ-6662,Huancayo,Business Proc,85,88,24735,50899,32122,18777,34,10,PM_VEGA,SRV-NODE-9
ERP-04132,PROJ-6778,Lima,Audiovisual,137,173,49046,90391,62742,27649,36,56,PM_MEZA,SRV-NODE-4
ERP-04133,PROJ-7674,Cusco,Business Proc,31,32,8246,15649,10528,5121,13,10,PM_RIVAS,SRV-NODE-3
ERP-04134,PROJ-6907,Trujillo,Videoconference,88,114,26840,55670,35892,19778,44,50,PM_PEREZ,SRV-NODE-4
ERP-04135,PROJ-1638,Cajamarca,Business Proc,65,65,15405,32163,16122,16041,32,33,PM_MEZA,SRV-NODE-7
ERP-04136,PROJ-2492,Iquitos,Videoconference,61,70,15189,25677,20135,5542,33,4,PM_SOTO,SRV-NODE-2
ERP-04137,PROJ-2397,Trujillo,Audiovisual,94,104,24346,40727,31814,8913,22,12,PM_MEZA,SRV-NODE-6
ERP-04138,PROJ-8038,Huancayo,Business Proc,180,210,45000,74132,55166,18966,10,13,PM_VEGA,SRV-NODE-6
ERP-04139,PROJ-1496,Iquitos,Project Mgmt,110,126,35970,64160,48153,16007,28,41,PM_SOTO,SRV-NODE-8
ERP-04140,PROJ-4914,Huancayo,Videoconference,20,24,8500,15651,9761,5890,50,63,PM_MEZA,SRV-NODE-9
ERP-04141,PROJ-8563,Piura,Videoconference,36,48,19152,40441,22101,18340,47,5,PM_VEGA,SRV-NODE-1
ERP-04142,PROJ-9990,Puno,Audiovisual,20,23,11240,22771,14295,8476,18,29,PM_RIVAS,SRV-NODE-2
ERP-04143,PROJ-1750,Huancayo,Project Mgmt,38,46,7904,15041,9458,5583,23,2,PM_RIVAS,SRV-NODE-7
ERP-04144,PROJ-6917,Trujillo,Business Proc,166,215,38180,76182,39041,37141,48,9,PM_MEZA,SRV-NODE-9
ERP-04145,PROJ-6500,Iquitos,Videoconference,32,39,12288,24244,15641,8603,47,11,PM_MEZA,SRV-NODE-7
ERP-04146,PROJ-6385,Lima,Business Proc,117,153,53586,89793,56724,33069,16,8,PM_VEGA,SRV-NODE-9
ERP-04147,PROJ-3285,Puno,Audiovisual,52,66,15132,24783,18257,6526,25,27,PM_PEREZ,SRV-NODE-6
ERP-04148,PROJ-6665,Cusco,Project Mgmt,83,100,32453,64671,40803,23868,6,10,PM_SOTO,SRV-NODE-2
ERP-04149,PROJ-4626,Trujillo,Project Mgmt,120,137,29280,61623,35606,26017,34,54,PM_SOTO,SRV-NODE-10
ERP-04150,PROJ-8445,Tacna,Audiovisual,127,165,33401,54332,44706,9626,21,20,PM_VEGA,SRV-NODE-2
ERP-04151,PROJ-1510,Trujillo,Business Proc,81,85,37908,71678,50177,21501,48,51,PM_SOTO,SRV-NODE-7
ERP-04152,PROJ-1732,Tacna,Audiovisual,166,171,43990,88595,52446,36149,13,15,PM_RIVAS,SRV-NODE-8
ERP-04153,PROJ-1781,Lima,Project Mgmt,130,170,68900,116372,75511,40861,40,55,PM_PEREZ,SRV-NODE-8
ERP-04154,PROJ-5024,Huancayo,Business Proc,68,77,15776,27630,19247,8383,26,18,PM_RIVAS,SRV-NODE-1
ERP-04155,PROJ-5025,Lima,Audiovisual,77,99,39809,75540,48338,27202,34,46,PM_RIVAS,SRV-NODE-6
ERP-04156,PROJ-7120,Huancayo,Project Mgmt,164,170,58712,98980,63811,35169,34,60,PM_VEGA,SRV-NODE-5
ERP-04157,PROJ-3989,Puno,Project Mgmt,23,29,6348,11554,8220,3334,8,7,PM_MEZA,SRV-NODE-3
ERP-04158,PROJ-4357,Arequipa,Business Proc,165,214,78375,161492,89940,71552,41,20,PM_MEZA,SRV-NODE-9
ERP-04159,PROJ-3059,Puno,Business Proc,20,24,8180,17445,8552,8893,43,50,PM_PEREZ,SRV-NODE-7
ERP-04160,PROJ-6532,Puno,Business Proc,105,108,61740,133874,83507,50367,29,45,PM_SOTO,SRV-NODE-9
ERP-04161,PROJ-2045,Puno,Videoconference,40,48,13320,24465,14482,9983,34,52,PM_RIVAS,SRV-NODE-1
ERP-04162,PROJ-3100,Piura,Project Mgmt,77,86,28567,52655,34374,18281,46,17,PM_SOTO,SRV-NODE-2
ERP-04163,PROJ-7530,Lima,Videoconference,38,44,17366,30746,18753,11993,16,2,PM_RIVAS,SRV-NODE-7
ERP-04164,PROJ-3732,Puno,Audiovisual,57,57,24510,41508,25312,16196,37,26,PM_MEZA,SRV-NODE-6
ERP-04165,PROJ-3154,Cusco,Audiovisual,49,55,27391,51948,35947,16001,8,6,PM_RIVAS,SRV-NODE-10
ERP-04166,PROJ-4129,Cajamarca,Business Proc,49,50,11417,19331,11498,7833,14,23,PM_MEZA,SRV-NODE-9
ERP-04167,PROJ-3434,Piura,Project Mgmt,30,37,17940,33276,18933,14343,12,16,PM_MEZA,SRV-NODE-7
ERP-04168,PROJ-3076,Puno,Audiovisual,27,28,10017,21372,10322,11050,36,55,PM_RIVAS,SRV-NODE-10
ERP-04169,PROJ-1037,Arequipa,Videoconference,110,146,28930,46451,38213,8238,36,11,PM_VEGA,SRV-NODE-2
ERP-04170,PROJ-1980,Iquitos,Audiovisual,50,65,20150,35339,24632,10707,43,74,PM_SOTO,SRV-NODE-3
ERP-04171,PROJ-5228,Huancayo,Project Mgmt,109,128,34226,57692,45840,11852,29,36,PM_VEGA,SRV-NODE-2
ERP-04172,PROJ-1897,Cajamarca,Videoconference,27,30,12150,24043,12484,11559,45,5,PM_VEGA,SRV-NODE-7
ERP-04173,PROJ-8327,Arequipa,Project Mgmt,119,124,64141,116446,85005,31441,34,18,PM_RIVAS,SRV-NODE-2
ERP-04174,PROJ-5766,Lima,Videoconference,160,179,83200,150561,114476,36085,19,14,PM_PEREZ,SRV-NODE-1
ERP-04175,PROJ-1231,Arequipa,Audiovisual,149,192,37548,65632,46174,19458,39,37,PM_PEREZ,SRV-NODE-10
ERP-04176,PROJ-3836,Iquitos,Audiovisual,25,27,9700,16850,13384,3466,27,18,PM_SOTO,SRV-NODE-5
ERP-04177,PROJ-3221,Puno,Project Mgmt,144,159,81360,149452,99198,50254,10,4,PM_VEGA,SRV-NODE-3
ERP-04178,PROJ-9139,Iquitos,Videoconference,127,168,26035,42160,27543,14617,20,28,PM_RIVAS,SRV-NODE-1
ERP-04179,PROJ-2134,Iquitos,Business Proc,128,160,50560,94898,51872,43026,21,3,PM_MEZA,SRV-NODE-9
ERP-04180,PROJ-8777,Cusco,Business Proc,153,189,60588,97460,76019,21441,49,27,PM_RIVAS,SRV-NODE-7
ERP-04181,PROJ-7919,Trujillo,Project Mgmt,130,168,47840,81303,48524,32779,25,25,PM_VEGA,SRV-NODE-3
ERP-04182,PROJ-3562,Tacna,Videoconference,173,192,84943,178675,92026,86649,20,22,PM_RIVAS,SRV-NODE-10
ERP-04183,PROJ-4238,Iquitos,Project Mgmt,23,24,9062,16355,12642,3713,25,35,PM_MEZA,SRV-NODE-8
ERP-04184,PROJ-7955,Puno,Business Proc,97,114,51022,87115,51939,35176,4,0,PM_SOTO,SRV-NODE-8
ERP-04185,PROJ-2293,Huancayo,Audiovisual,160,193,80160,151580,107615,43965,23,10,PM_RIVAS,SRV-NODE-8
ERP-04186,PROJ-2331,Arequipa,Project Mgmt,93,108,38223,71042,39393,31649,13,10,PM_MEZA,SRV-NODE-2
ERP-04187,PROJ-9508,Piura,Business Proc,113,117,55144,118889,70452,48437,11,6,PM_PEREZ,SRV-NODE-1
ERP-04188,PROJ-6370,Piura,Videoconference,171,180,56601,104844,59316,45528,5,6,PM_SOTO,SRV-NODE-4
ERP-04189,PROJ-9827,Trujillo,Project Mgmt,68,73,33660,69414,40470,28944,36,57,PM_PEREZ,SRV-NODE-5
ERP-04190,PROJ-3537,Iquitos,Business Proc,152,158,44080,92569,48192,44377,47,11,PM_RIVAS,SRV-NODE-9
ERP-04191,PROJ-9452,Piura,Audiovisual,20,25,11980,25997,12157,13840,32,27,PM_MEZA,SRV-NODE-1
ERP-04192,PROJ-6602,Tacna,Videoconference,110,146,46970,83416,59099,24317,32,27,PM_RIVAS,SRV-NODE-5
ERP-04193,PROJ-8419,Cusco,Videoconference,153,199,47277,91814,60112,31702,33,35,PM_RIVAS,SRV-NODE-6
ERP-04194,PROJ-6844,Piura,Project Mgmt,137,162,36031,72411,45753,26658,4,1,PM_MEZA,SRV-NODE-5
ERP-04195,PROJ-6994,Huancayo,Audiovisual,137,148,44388,90316,58976,31340,20,23,PM_VEGA,SRV-NODE-7
ERP-04196,PROJ-4534,Arequipa,Business Proc,162,177,70632,143419,97814,45605,23,3,PM_PEREZ,SRV-NODE-8
ERP-04197,PROJ-6994,Trujillo,Videoconference,162,199,32886,59160,40824,18336,34,23,PM_MEZA,SRV-NODE-8
ERP-04198,PROJ-2675,Tacna,Project Mgmt,143,145,57343,104263,71594,32669,12,14,PM_MEZA,SRV-NODE-5
ERP-04199,PROJ-7151,Piura,Business Proc,134,179,37922,78273,44656,33617,36,38,PM_RIVAS,SRV-NODE-8
ERP-04200,PROJ-7571,Cusco,Videoconference,41,54,14227,29307,16803,12504,28,22,PM_RIVAS,SRV-NODE-10
ERP-04201,PROJ-2247,Piura,Audiovisual,81,87,19521,34672,22311,12361,49,38,PM_RIVAS,SRV-NODE-7
ERP-04202,PROJ-8361,Iquitos,Project Mgmt,20,22,5880,9726,7599,2127,31,54,PM_PEREZ,SRV-NODE-1
ERP-04203,PROJ-6632,Piura,Audiovisual,131,175,34846,58518,35511,23007,31,10,PM_RIVAS,SRV-NODE-8
ERP-04204,PROJ-1897,Cusco,Videoconference,34,43,12920,26702,18019,8683,45,75,PM_MEZA,SRV-NODE-4
ERP-04205,PROJ-5977,Tacna,Audiovisual,69,78,15594,32886,21674,11212,32,41,PM_MEZA,SRV-NODE-10
ERP-04206,PROJ-7700,Lima,Project Mgmt,167,172,78156,147474,101771,45703,9,14,PM_RIVAS,SRV-NODE-4
ERP-04207,PROJ-6669,Lima,Business Proc,42,43,9660,18535,10430,8105,41,42,PM_RIVAS,SRV-NODE-3
ERP-04208,PROJ-9967,Puno,Videoconference,42,44,15540,29127,20738,8389,12,11,PM_PEREZ,SRV-NODE-5
ERP-04209,PROJ-6174,Puno,Audiovisual,126,165,28476,47099,28938,18161,48,78,PM_MEZA,SRV-NODE-2
ERP-04210,PROJ-3769,Tacna,Videoconference,161,183,38479,83973,48028,35945,17,11,PM_VEGA,SRV-NODE-5
ERP-04211,PROJ-6994,Cusco,Audiovisual,33,36,18084,34324,22671,11653,13,5,PM_PEREZ,SRV-NODE-10
ERP-04212,PROJ-9462,Cusco,Business Proc,139,172,38920,77224,40220,37004,39,49,PM_MEZA,SRV-NODE-5
ERP-04213,PROJ-7774,Lima,Videoconference,38,49,11210,22035,15138,6897,6,9,PM_VEGA,SRV-NODE-10
ERP-04214,PROJ-2235,Puno,Business Proc,119,150,49742,84022,66209,17813,28,25,PM_RIVAS,SRV-NODE-10
ERP-04215,PROJ-8887,Cusco,Audiovisual,52,61,15704,34416,19926,14490,8,11,PM_RIVAS,SRV-NODE-2
ERP-04216,PROJ-6224,Arequipa,Project Mgmt,92,108,50784,105054,62287,42767,25,19,PM_RIVAS,SRV-NODE-5
ERP-04217,PROJ-1110,Tacna,Project Mgmt,160,177,60960,119322,66365,52957,42,39,PM_SOTO,SRV-NODE-5
ERP-04218,PROJ-3732,Cajamarca,Business Proc,66,80,22242,48491,22743,25748,40,70,PM_RIVAS,SRV-NODE-1
ERP-04219,PROJ-7577,Cusco,Business Proc,30,30,17700,38534,19130,19404,32,35,PM_MEZA,SRV-NODE-6
ERP-04220,PROJ-2382,Iquitos,Audiovisual,93,110,53289,87315,54947,32368,12,7,PM_RIVAS,SRV-NODE-9
ERP-04221,PROJ-2992,Cusco,Videoconference,129,170,41022,77100,42484,34616,12,16,PM_PEREZ,SRV-NODE-10
ERP-04222,PROJ-1935,Iquitos,Project Mgmt,48,48,16032,33967,16779,17188,32,43,PM_VEGA,SRV-NODE-8
ERP-04223,PROJ-7101,Iquitos,Audiovisual,59,70,21181,46319,22385,23934,34,22,PM_SOTO,SRV-NODE-5
ERP-04224,PROJ-9739,Arequipa,Videoconference,51,53,12852,27784,13558,14226,7,8,PM_PEREZ,SRV-NODE-4
ERP-04225,PROJ-4058,Tacna,Project Mgmt,173,198,63318,110538,69039,41499,5,2,PM_SOTO,SRV-NODE-5
ERP-04226,PROJ-4959,Arequipa,Videoconference,93,117,48546,99099,64157,34942,24,39,PM_RIVAS,SRV-NODE-10
ERP-04227,PROJ-6510,Lima,Project Mgmt,81,103,21708,45815,29027,16788,27,21,PM_VEGA,SRV-NODE-10
ERP-04228,PROJ-3082,Cajamarca,Business Proc,86,98,21758,46657,24997,21660,14,13,PM_MEZA,SRV-NODE-4
ERP-04229,PROJ-1536,Iquitos,Videoconference,139,152,70751,149868,91058,58810,17,14,PM_VEGA,SRV-NODE-5
ERP-04230,PROJ-6111,Iquitos,Videoconference,153,176,71145,145519,82224,63295,39,27,PM_MEZA,SRV-NODE-1
ERP-04231,PROJ-8098,Puno,Videoconference,39,46,18876,39315,23224,16091,42,46,PM_MEZA,SRV-NODE-2
ERP-04232,PROJ-2726,Lima,Business Proc,112,149,54768,98153,72449,25704,9,12,PM_VEGA,SRV-NODE-3
ERP-04233,PROJ-8570,Lima,Audiovisual,174,209,54636,118663,72727,45936,6,3,PM_MEZA,SRV-NODE-3
ERP-04234,PROJ-4417,Cajamarca,Audiovisual,148,176,82732,161056,99550,61506,21,27,PM_RIVAS,SRV-NODE-6
ERP-04235,PROJ-2991,Piura,Audiovisual,173,208,91171,166432,107417,59015,44,42,PM_PEREZ,SRV-NODE-10
ERP-04236,PROJ-1900,Cusco,Audiovisual,155,179,42160,91375,42573,48802,40,33,PM_SOTO,SRV-NODE-7
ERP-04237,PROJ-2184,Tacna,Project Mgmt,173,212,81829,143580,82163,61417,3,4,PM_SOTO,SRV-NODE-7
ERP-04238,PROJ-1161,Cusco,Project Mgmt,102,128,53040,97483,66005,31478,5,5,PM_RIVAS,SRV-NODE-9
ERP-04239,PROJ-1685,Lima,Business Proc,113,149,35595,60848,41904,18944,19,30,PM_MEZA,SRV-NODE-10
ERP-04240,PROJ-8611,Lima,Videoconference,46,54,9752,16310,11784,4526,22,24,PM_VEGA,SRV-NODE-5
ERP-04241,PROJ-7815,Iquitos,Audiovisual,34,45,13124,21723,16182,5541,14,15,PM_VEGA,SRV-NODE-4
ERP-04242,PROJ-5347,Piura,Videoconference,138,154,30498,64577,31125,33452,14,19,PM_MEZA,SRV-NODE-1
ERP-04243,PROJ-7045,Piura,Project Mgmt,137,160,41648,75933,51903,24030,40,48,PM_MEZA,SRV-NODE-6
ERP-04244,PROJ-9195,Piura,Project Mgmt,24,29,4800,8362,5105,3257,37,19,PM_MEZA,SRV-NODE-4
ERP-04245,PROJ-3110,Piura,Audiovisual,118,131,39766,74521,45233,29288,43,32,PM_VEGA,SRV-NODE-1
ERP-04246,PROJ-7616,Piura,Project Mgmt,69,83,14904,28007,15129,12878,35,60,PM_PEREZ,SRV-NODE-6
ERP-04247,PROJ-9686,Arequipa,Business Proc,174,224,55332,103796,71464,32332,12,20,PM_PEREZ,SRV-NODE-6
ERP-04248,PROJ-3881,Puno,Project Mgmt,90,90,28980,53815,37791,16024,12,6,PM_SOTO,SRV-NODE-4
ERP-04249,PROJ-6236,Lima,Videoconference,89,92,41652,83571,57834,25737,37,60,PM_VEGA,SRV-NODE-3
ERP-04250,PROJ-2560,Arequipa,Audiovisual,70,78,16800,29960,20010,9950,3,2,PM_VEGA,SRV-NODE-1
ERP-04251,PROJ-6482,Piura,Audiovisual,107,112,32528,66068,38033,28035,12,19,PM_SOTO,SRV-NODE-6
ERP-04252,PROJ-7275,Puno,Videoconference,39,46,7995,14393,8208,6185,22,33,PM_SOTO,SRV-NODE-1
ERP-04253,PROJ-7737,Lima,Videoconference,176,202,68816,146429,86244,60185,20,27,PM_RIVAS,SRV-NODE-10
ERP-04254,PROJ-5325,Tacna,Videoconference,157,161,91531,179242,116514,62728,40,25,PM_RIVAS,SRV-NODE-2
ERP-04255,PROJ-4461,Tacna,Project Mgmt,111,114,45288,74043,51185,22858,47,79,PM_RIVAS,SRV-NODE-3
ERP-04256,PROJ-4797,Tacna,Project Mgmt,131,175,48863,80101,49737,30364,3,1,PM_PEREZ,SRV-NODE-10
ERP-04257,PROJ-6106,Arequipa,Project Mgmt,28,34,14616,23402,20288,3114,25,32,PM_MEZA,SRV-NODE-8
ERP-04258,PROJ-8527,Iquitos,Business Proc,47,49,14805,31282,17927,13355,9,7,PM_PEREZ,SRV-NODE-4
ERP-04259,PROJ-4412,Puno,Project Mgmt,107,112,45903,100603,59499,41104,8,8,PM_MEZA,SRV-NODE-6
ERP-04260,PROJ-1906,Puno,Videoconference,102,106,41106,69025,53212,15813,15,17,PM_RIVAS,SRV-NODE-6
ERP-04261,PROJ-2796,Arequipa,Audiovisual,164,191,95284,154422,115327,39095,38,62,PM_PEREZ,SRV-NODE-10
ERP-04262,PROJ-3793,Lima,Audiovisual,30,33,11580,21217,14987,6230,26,33,PM_MEZA,SRV-NODE-8
ERP-04263,PROJ-4937,Piura,Business Proc,157,187,37523,60665,45826,14839,39,11,PM_VEGA,SRV-NODE-3
ERP-04264,PROJ-4938,Arequipa,Project Mgmt,48,59,11088,19638,11653,7985,35,59,PM_VEGA,SRV-NODE-4
ERP-04265,PROJ-2096,Iquitos,Project Mgmt,21,22,8631,17419,8640,8779,24,29,PM_MEZA,SRV-NODE-4
ERP-04266,PROJ-8340,Tacna,Project Mgmt,43,56,21715,43648,21906,21742,38,59,PM_PEREZ,SRV-NODE-5
ERP-04267,PROJ-6698,Huancayo,Project Mgmt,72,89,20448,42823,22052,20771,43,54,PM_MEZA,SRV-NODE-4
ERP-04268,PROJ-7465,Puno,Project Mgmt,21,25,8148,17159,9031,8128,29,47,PM_PEREZ,SRV-NODE-1
ERP-04269,PROJ-5162,Cusco,Audiovisual,151,170,60551,100617,70896,29721,30,36,PM_VEGA,SRV-NODE-6
ERP-04270,PROJ-2565,Cusco,Audiovisual,128,153,29952,58251,37130,21121,40,62,PM_VEGA,SRV-NODE-10
ERP-04271,PROJ-5886,Trujillo,Audiovisual,21,26,9009,15546,9178,6368,45,48,PM_VEGA,SRV-NODE-10
ERP-04272,PROJ-1528,Huancayo,Project Mgmt,50,63,21750,38730,27435,11295,29,9,PM_VEGA,SRV-NODE-1
ERP-04273,PROJ-5304,Iquitos,Business Proc,88,104,29216,56970,36078,20892,5,1,PM_MEZA,SRV-NODE-2
ERP-04274,PROJ-5558,Arequipa,Business Proc,128,159,75392,144568,88746,55822,29,10,PM_PEREZ,SRV-NODE-7
ERP-04275,PROJ-5578,Tacna,Project Mgmt,47,57,20539,34494,27665,6829,12,6,PM_PEREZ,SRV-NODE-2
ERP-04276,PROJ-5609,Iquitos,Business Proc,61,73,34770,68596,43454,25142,21,28,PM_VEGA,SRV-NODE-5
ERP-04277,PROJ-4084,Iquitos,Audiovisual,95,121,28785,57039,39392,17647,23,6,PM_RIVAS,SRV-NODE-1
ERP-04278,PROJ-1231,Cajamarca,Videoconference,133,175,65170,104516,67719,36797,48,70,PM_MEZA,SRV-NODE-7
ERP-04279,PROJ-7542,Cusco,Business Proc,94,119,44274,79032,61203,17829,34,41,PM_RIVAS,SRV-NODE-8
ERP-04280,PROJ-2706,Iquitos,Videoconference,107,125,50183,101588,69500,32088,5,8,PM_MEZA,SRV-NODE-7
ERP-04281,PROJ-8271,Trujillo,Business Proc,95,103,44840,93841,60255,33586,13,6,PM_VEGA,SRV-NODE-6
ERP-04282,PROJ-5862,Cajamarca,Videoconference,54,71,26244,57191,36466,20725,31,11,PM_VEGA,SRV-NODE-6
ERP-04283,PROJ-7782,Huancayo,Project Mgmt,58,69,29000,47626,34252,13374,41,27,PM_SOTO,SRV-NODE-3
ERP-04284,PROJ-1528,Tacna,Project Mgmt,93,95,49383,104152,56194,47958,50,85,PM_VEGA,SRV-NODE-4
ERP-04285,PROJ-8263,Lima,Audiovisual,140,140,29820,63131,33935,29196,29,31,PM_RIVAS,SRV-NODE-7
ERP-04286,PROJ-3535,Tacna,Videoconference,125,166,48750,89706,49608,40098,13,3,PM_PEREZ,SRV-NODE-10
ERP-04287,PROJ-9397,Piura,Project Mgmt,172,230,71208,122051,77935,44116,29,26,PM_SOTO,SRV-NODE-7
ERP-04288,PROJ-8414,Trujillo,Videoconference,138,169,77142,154290,93954,60336,15,19,PM_SOTO,SRV-NODE-9
ERP-04289,PROJ-7769,Cajamarca,Audiovisual,164,217,61336,121996,66104,55892,8,2,PM_MEZA,SRV-NODE-9
ERP-04290,PROJ-3786,Cajamarca,Audiovisual,83,85,36022,68684,46099,22585,50,38,PM_MEZA,SRV-NODE-3
ERP-04291,PROJ-6868,Cajamarca,Business Proc,160,175,85440,165783,103343,62440,29,51,PM_PEREZ,SRV-NODE-3
ERP-04292,PROJ-2941,Huancayo,Business Proc,92,120,39284,71853,49628,22225,16,28,PM_SOTO,SRV-NODE-3
ERP-04293,PROJ-2999,Cajamarca,Business Proc,155,205,48980,90972,58921,32051,5,4,PM_SOTO,SRV-NODE-3
ERP-04294,PROJ-1084,Puno,Project Mgmt,163,183,68623,111600,70522,41078,10,4,PM_VEGA,SRV-NODE-1
ERP-04295,PROJ-7179,Puno,Project Mgmt,165,171,89430,190384,115911,74473,46,11,PM_SOTO,SRV-NODE-9
ERP-04296,PROJ-4647,Iquitos,Audiovisual,152,200,62776,116426,64224,52202,45,21,PM_PEREZ,SRV-NODE-5
ERP-04297,PROJ-3674,Arequipa,Project Mgmt,81,95,36855,71274,46324,24950,50,37,PM_SOTO,SRV-NODE-2
ERP-04298,PROJ-5528,Piura,Videoconference,168,219,89040,190292,113525,76767,4,6,PM_MEZA,SRV-NODE-5
ERP-04299,PROJ-2053,Puno,Business Proc,47,61,21009,41743,21521,20222,50,57,PM_MEZA,SRV-NODE-8
ERP-04300,PROJ-8304,Huancayo,Audiovisual,127,166,44069,83324,57764,25560,4,5,PM_SOTO,SRV-NODE-3
ERP-04301,PROJ-1710,Puno,Audiovisual,72,88,31248,66963,35213,31750,39,48,PM_MEZA,SRV-NODE-9
ERP-04302,PROJ-4715,Huancayo,Videoconference,22,23,12342,25560,14095,11465,14,23,PM_MEZA,SRV-NODE-4
ERP-04303,PROJ-9972,Huancayo,Business Proc,143,188,51194,89575,53327,36248,12,5,PM_PEREZ,SRV-NODE-10
ERP-04304,PROJ-3166,Piura,Videoconference,87,114,39237,69709,39276,30433,28,22,PM_VEGA,SRV-NODE-7
ERP-04305,PROJ-3411,Cusco,Business Proc,26,29,9906,21641,10839,10802,32,34,PM_SOTO,SRV-NODE-4
ERP-04306,PROJ-3356,Puno,Business Proc,91,103,34944,66096,40514,25582,34,48,PM_VEGA,SRV-NODE-5
ERP-04307,PROJ-5862,Huancayo,Project Mgmt,130,164,33930,62962,41256,21706,27,23,PM_RIVAS,SRV-NODE-2
ERP-04308,PROJ-3848,Piura,Business Proc,115,149,65780,113953,86990,26963,36,46,PM_SOTO,SRV-NODE-4
ERP-04309,PROJ-2514,Cajamarca,Audiovisual,71,71,15123,27901,19616,8285,28,15,PM_PEREZ,SRV-NODE-2
ERP-04310,PROJ-7970,Arequipa,Project Mgmt,61,78,33733,68588,47221,21367,10,1,PM_PEREZ,SRV-NODE-5
ERP-04311,PROJ-1330,Lima,Audiovisual,102,127,59058,109339,81000,28339,14,10,PM_MEZA,SRV-NODE-9
ERP-04312,PROJ-3967,Cusco,Project Mgmt,169,173,98527,160253,114820,45433,19,22,PM_SOTO,SRV-NODE-8
ERP-04313,PROJ-8845,Cusco,Audiovisual,46,57,25070,51719,32973,18746,11,13,PM_VEGA,SRV-NODE-8
ERP-04314,PROJ-5389,Piura,Business Proc,111,113,42957,81002,59345,21657,43,76,PM_MEZA,SRV-NODE-10
ERP-04315,PROJ-3404,Puno,Audiovisual,176,210,35200,65477,41347,24130,46,16,PM_SOTO,SRV-NODE-9
ERP-04316,PROJ-2444,Iquitos,Business Proc,30,38,15360,33637,21220,12417,33,47,PM_SOTO,SRV-NODE-6
ERP-04317,PROJ-2083,Trujillo,Business Proc,104,120,29328,55548,34021,21527,20,25,PM_PEREZ,SRV-NODE-8
ERP-04318,PROJ-9739,Trujillo,Videoconference,162,187,52488,86306,55487,30819,21,37,PM_RIVAS,SRV-NODE-9
ERP-04319,PROJ-1124,Lima,Videoconference,109,117,30084,53340,39375,13965,38,34,PM_MEZA,SRV-NODE-2
ERP-04320,PROJ-8897,Huancayo,Videoconference,132,170,40920,81328,51629,29699,33,45,PM_RIVAS,SRV-NODE-2
ERP-04321,PROJ-1400,Trujillo,Videoconference,68,72,29172,54706,29238,25468,43,26,PM_MEZA,SRV-NODE-9
ERP-04322,PROJ-4973,Puno,Project Mgmt,114,137,36024,68251,40055,28196,10,6,PM_PEREZ,SRV-NODE-3
ERP-04323,PROJ-5790,Iquitos,Project Mgmt,132,170,55044,109141,71250,37891,45,80,PM_PEREZ,SRV-NODE-4
ERP-04324,PROJ-7900,Lima,Videoconference,122,131,44042,72670,59516,13154,42,58,PM_SOTO,SRV-NODE-6
ERP-04325,PROJ-9362,Tacna,Audiovisual,176,183,61424,104937,67089,37848,25,6,PM_PEREZ,SRV-NODE-8
ERP-04326,PROJ-4815,Lima,Business Proc,78,83,20436,37325,20956,16369,50,14,PM_PEREZ,SRV-NODE-10
ERP-04327,PROJ-7779,Iquitos,Audiovisual,57,70,23256,43225,25666,17559,23,39,PM_MEZA,SRV-NODE-6
ERP-04328,PROJ-6909,Piura,Business Proc,91,98,35854,63996,45341,18655,20,9,PM_MEZA,SRV-NODE-4
ERP-04329,PROJ-7461,Arequipa,Audiovisual,86,98,22532,40225,22985,17240,20,32,PM_SOTO,SRV-NODE-5
ERP-04330,PROJ-6803,Piura,Business Proc,63,83,17766,33684,22694,10990,30,37,PM_PEREZ,SRV-NODE-2
ERP-04331,PROJ-6197,Piura,Audiovisual,73,84,35770,74607,46669,27938,28,26,PM_MEZA,SRV-NODE-7
ERP-04332,PROJ-2773,Cajamarca,Business Proc,102,106,23154,47435,25008,22427,27,25,PM_MEZA,SRV-NODE-5
ERP-04333,PROJ-6406,Cajamarca,Videoconference,48,59,25104,43873,28900,14973,48,73,PM_RIVAS,SRV-NODE-8
ERP-04334,PROJ-4095,Puno,Audiovisual,61,71,14762,24320,17506,6814,27,4,PM_PEREZ,SRV-NODE-4
ERP-04335,PROJ-5159,Puno,Project Mgmt,56,73,14392,25926,18085,7841,22,6,PM_VEGA,SRV-NODE-2
ERP-04336,PROJ-2695,Tacna,Audiovisual,132,148,35244,62408,47871,14537,10,9,PM_RIVAS,SRV-NODE-7
ERP-04337,PROJ-3944,Lima,Videoconference,145,176,32770,62237,44913,17324,17,5,PM_RIVAS,SRV-NODE-5
ERP-04338,PROJ-4561,Tacna,Business Proc,170,182,83810,140442,98179,42263,36,37,PM_SOTO,SRV-NODE-9
ERP-04339,PROJ-5216,Cusco,Project Mgmt,145,195,74385,139133,87164,51969,26,5,PM_RIVAS,SRV-NODE-3
ERP-04340,PROJ-7533,Cusco,Videoconference,56,71,32984,71356,36427,34929,41,8,PM_MEZA,SRV-NODE-3
ERP-04341,PROJ-9731,Arequipa,Videoconference,110,138,27280,51377,35733,15644,36,55,PM_PEREZ,SRV-NODE-7
ERP-04342,PROJ-5409,Trujillo,Audiovisual,88,113,52712,91948,57377,34571,47,7,PM_MEZA,SRV-NODE-8
ERP-04343,PROJ-6074,Puno,Audiovisual,119,133,30940,50067,41935,8132,42,58,PM_SOTO,SRV-NODE-4
ERP-04344,PROJ-1729,Cusco,Business Proc,64,85,30400,49492,39421,10071,23,16,PM_VEGA,SRV-NODE-7
ERP-04345,PROJ-6337,Lima,Project Mgmt,117,123,25740,50181,29914,20267,6,10,PM_PEREZ,SRV-NODE-5
ERP-04346,PROJ-2921,Lima,Videoconference,157,194,51025,107465,63708,43757,40,21,PM_MEZA,SRV-NODE-7
ERP-04347,PROJ-1764,Cajamarca,Audiovisual,180,216,89460,147590,119825,27765,35,38,PM_MEZA,SRV-NODE-5
ERP-04348,PROJ-9871,Puno,Videoconference,170,187,88060,148417,115055,33362,34,30,PM_PEREZ,SRV-NODE-7
ERP-04349,PROJ-9948,Iquitos,Business Proc,60,67,14100,24477,15551,8926,22,7,PM_PEREZ,SRV-NODE-6
ERP-04350,PROJ-9888,Cusco,Audiovisual,95,98,54720,102873,59615,43258,45,7,PM_RIVAS,SRV-NODE-3
ERP-04351,PROJ-4241,Trujillo,Videoconference,112,113,43904,94316,47581,46735,31,53,PM_PEREZ,SRV-NODE-8
ERP-04352,PROJ-1165,Tacna,Videoconference,138,146,75348,150846,78176,72670,9,1,PM_SOTO,SRV-NODE-4
ERP-04353,PROJ-7710,Trujillo,Business Proc,163,168,44499,71390,50243,21147,22,34,PM_VEGA,SRV-NODE-1
ERP-04354,PROJ-9756,Huancayo,Audiovisual,173,189,38925,64251,41876,22375,23,30,PM_SOTO,SRV-NODE-1
ERP-04355,PROJ-7500,Lima,Project Mgmt,67,73,37989,69227,42776,26451,35,13,PM_SOTO,SRV-NODE-10
ERP-04356,PROJ-9923,Huancayo,Videoconference,124,144,59768,118495,63409,55086,21,33,PM_RIVAS,SRV-NODE-5
ERP-04357,PROJ-2678,Arequipa,Audiovisual,162,172,97200,159445,111583,47862,18,4,PM_SOTO,SRV-NODE-1
ERP-04358,PROJ-3751,Lima,Project Mgmt,165,214,90585,193535,110044,83491,14,10,PM_RIVAS,SRV-NODE-9
ERP-04359,PROJ-1707,Piura,Project Mgmt,46,51,23552,42979,32251,10728,17,3,PM_VEGA,SRV-NODE-7
ERP-04360,PROJ-1894,Trujillo,Audiovisual,21,22,11718,22502,13264,9238,40,8,PM_VEGA,SRV-NODE-3
ERP-04361,PROJ-4461,Trujillo,Videoconference,154,195,33110,66816,46212,20604,21,21,PM_SOTO,SRV-NODE-1
ERP-04362,PROJ-5910,Arequipa,Project Mgmt,41,46,22509,46236,27143,19093,3,0,PM_VEGA,SRV-NODE-6
ERP-04363,PROJ-5736,Cajamarca,Project Mgmt,157,181,55578,115349,68307,47042,4,6,PM_RIVAS,SRV-NODE-6
ERP-04364,PROJ-8523,Cusco,Business Proc,41,48,9717,17977,10412,7565,40,6,PM_SOTO,SRV-NODE-9
ERP-04365,PROJ-4246,Tacna,Business Proc,39,46,20865,40168,25582,14586,42,20,PM_VEGA,SRV-NODE-8
ERP-04366,PROJ-2151,Cajamarca,Project Mgmt,39,52,8502,14029,9523,4506,32,48,PM_MEZA,SRV-NODE-3
ERP-04367,PROJ-5083,Huancayo,Videoconference,155,174,44640,93410,49499,43911,5,7,PM_SOTO,SRV-NODE-1
ERP-04368,PROJ-1868,Huancayo,Audiovisual,44,56,16412,28359,17510,10849,16,28,PM_VEGA,SRV-NODE-2
ERP-04369,PROJ-5918,Puno,Business Proc,116,128,38396,71188,46282,24906,17,29,PM_VEGA,SRV-NODE-9
ERP-04370,PROJ-9797,Iquitos,Business Proc,166,208,51958,88081,52450,35631,47,19,PM_VEGA,SRV-NODE-7
ERP-04371,PROJ-7020,Tacna,Project Mgmt,119,130,33201,58793,37966,20827,17,3,PM_RIVAS,SRV-NODE-7
ERP-04372,PROJ-6648,Trujillo,Videoconference,153,162,34272,65204,42643,22561,19,7,PM_VEGA,SRV-NODE-8
ERP-04373,PROJ-6701,Cusco,Business Proc,51,57,16524,33208,22470,10738,32,8,PM_SOTO,SRV-NODE-6
ERP-04374,PROJ-5180,Huancayo,Videoconference,134,156,40066,81687,42155,39532,18,10,PM_SOTO,SRV-NODE-4
ERP-04375,PROJ-1371,Trujillo,Audiovisual,177,227,40533,73213,53028,20185,35,33,PM_RIVAS,SRV-NODE-9
ERP-04376,PROJ-5833,Arequipa,Business Proc,45,47,16830,28000,17171,10829,44,63,PM_PEREZ,SRV-NODE-5
ERP-04377,PROJ-6696,Cajamarca,Videoconference,135,139,50490,87595,66961,20634,32,14,PM_RIVAS,SRV-NODE-8
ERP-04378,PROJ-2925,Puno,Audiovisual,61,66,18178,38263,23785,14478,3,0,PM_PEREZ,SRV-NODE-1
ERP-04379,PROJ-5572,Lima,Business Proc,57,59,12939,25584,17624,7960,32,19,PM_SOTO,SRV-NODE-4
ERP-04380,PROJ-5716,Tacna,Project Mgmt,174,200,74124,132102,74436,57666,15,11,PM_SOTO,SRV-NODE-10
ERP-04381,PROJ-3080,Arequipa,Project Mgmt,65,70,14755,24232,18774,5458,7,7,PM_RIVAS,SRV-NODE-3
ERP-04382,PROJ-8994,Iquitos,Videoconference,60,68,20040,40203,21009,19194,6,10,PM_MEZA,SRV-NODE-8
ERP-04383,PROJ-8133,Arequipa,Project Mgmt,63,84,37044,71919,44864,27055,25,22,PM_SOTO,SRV-NODE-6
ERP-04384,PROJ-6818,Tacna,Audiovisual,128,157,34048,72635,37815,34820,27,44,PM_MEZA,SRV-NODE-6
ERP-04385,PROJ-9970,Trujillo,Project Mgmt,96,127,31488,65218,37135,28083,50,8,PM_SOTO,SRV-NODE-4
ERP-04386,PROJ-7046,Cajamarca,Business Proc,62,62,29140,48242,31362,16880,3,2,PM_SOTO,SRV-NODE-3
ERP-04387,PROJ-7377,Huancayo,Audiovisual,54,56,17982,38834,22989,15845,17,14,PM_RIVAS,SRV-NODE-2
ERP-04388,PROJ-8411,Tacna,Videoconference,96,124,19200,37771,21144,16627,42,72,PM_VEGA,SRV-NODE-9
ERP-04389,PROJ-4323,Cusco,Audiovisual,31,32,6851,11002,7673,3329,15,7,PM_MEZA,SRV-NODE-1
ERP-04390,PROJ-8587,Arequipa,Business Proc,107,111,30709,63096,34020,29076,41,19,PM_MEZA,SRV-NODE-8
ERP-04391,PROJ-3914,Iquitos,Audiovisual,127,127,75184,124216,86208,38008,7,0,PM_SOTO,SRV-NODE-9
ERP-04392,PROJ-6278,Iquitos,Project Mgmt,104,106,54080,118778,62398,56380,48,28,PM_RIVAS,SRV-NODE-10
ERP-04393,PROJ-8636,Lima,Videoconference,47,53,21996,41607,23356,18251,21,19,PM_VEGA,SRV-NODE-8
ERP-04394,PROJ-7607,Trujillo,Business Proc,152,178,41344,68149,53942,14207,13,3,PM_MEZA,SRV-NODE-1
ERP-04395,PROJ-7353,Lima,Project Mgmt,157,175,78814,169559,92046,77513,24,28,PM_VEGA,SRV-NODE-4
ERP-04396,PROJ-6859,Trujillo,Videoconference,82,85,24518,44636,33143,11493,16,1,PM_PEREZ,SRV-NODE-4
ERP-04397,PROJ-2730,Arequipa,Videoconference,42,43,16674,32176,18836,13340,4,5,PM_MEZA,SRV-NODE-4
ERP-04398,PROJ-3333,Cajamarca,Audiovisual,42,49,11802,21314,12311,9003,34,49,PM_PEREZ,SRV-NODE-5
ERP-04399,PROJ-1137,Puno,Audiovisual,49,50,21168,40857,22970,17887,16,8,PM_SOTO,SRV-NODE-9
ERP-04400,PROJ-7515,Tacna,Project Mgmt,20,22,9960,21859,13154,8705,18,12,PM_SOTO,SRV-NODE-9
ERP-04401,PROJ-5127,Lima,Audiovisual,130,156,32500,62373,43387,18986,44,18,PM_RIVAS,SRV-NODE-2
ERP-04402,PROJ-6208,Tacna,Audiovisual,125,146,54500,89855,65646,24209,47,59,PM_RIVAS,SRV-NODE-5
ERP-04403,PROJ-1195,Piura,Videoconference,75,76,28125,56896,34979,21917,24,26,PM_VEGA,SRV-NODE-8
ERP-04404,PROJ-4717,Puno,Business Proc,131,174,43230,75010,47904,27106,42,35,PM_MEZA,SRV-NODE-4
ERP-04405,PROJ-8892,Tacna,Project Mgmt,62,74,12400,24205,15512,8693,32,49,PM_PEREZ,SRV-NODE-1
ERP-04406,PROJ-2577,Iquitos,Business Proc,71,75,39050,62662,52858,9804,26,13,PM_VEGA,SRV-NODE-9
ERP-04407,PROJ-9201,Cajamarca,Business Proc,30,32,8580,15774,8702,7072,31,31,PM_VEGA,SRV-NODE-4
ERP-04408,PROJ-8946,Huancayo,Business Proc,64,66,30016,64386,31674,32712,23,8,PM_MEZA,SRV-NODE-8
ERP-04409,PROJ-9693,Cusco,Project Mgmt,58,75,17458,32747,18142,14605,41,59,PM_SOTO,SRV-NODE-2
ERP-04410,PROJ-6004,Arequipa,Videoconference,133,150,53333,114311,68178,46133,20,5,PM_VEGA,SRV-NODE-7
ERP-04411,PROJ-4293,Iquitos,Project Mgmt,157,202,79756,149678,100192,49486,22,18,PM_PEREZ,SRV-NODE-3
ERP-04412,PROJ-3375,Trujillo,Audiovisual,138,145,33810,59804,41359,18445,26,26,PM_RIVAS,SRV-NODE-10
ERP-04413,PROJ-3778,Puno,Business Proc,141,171,72333,148150,78591,69559,30,47,PM_RIVAS,SRV-NODE-9
ERP-04414,PROJ-3697,Huancayo,Audiovisual,87,87,27231,58241,31875,26366,40,18,PM_VEGA,SRV-NODE-5
ERP-04415,PROJ-2226,Cajamarca,Audiovisual,107,111,63237,119726,73120,46606,10,14,PM_VEGA,SRV-NODE-9
ERP-04416,PROJ-8087,Tacna,Videoconference,80,80,29520,48928,41104,7824,15,17,PM_RIVAS,SRV-NODE-3
ERP-04417,PROJ-9979,Piura,Project Mgmt,44,52,25916,42165,30901,11264,10,6,PM_RIVAS,SRV-NODE-4
ERP-04418,PROJ-3859,Puno,Project Mgmt,94,95,24158,52013,29202,22811,46,35,PM_SOTO,SRV-NODE-9
ERP-04419,PROJ-4672,Huancayo,Business Proc,119,153,66164,114805,83435,31370,45,68,PM_RIVAS,SRV-NODE-8
ERP-04420,PROJ-6117,Cajamarca,Business Proc,73,88,20732,40681,21792,18889,11,15,PM_MEZA,SRV-NODE-5
ERP-04421,PROJ-2839,Cajamarca,Business Proc,104,131,29640,60523,36382,24141,45,54,PM_SOTO,SRV-NODE-4
ERP-04422,PROJ-9902,Arequipa,Project Mgmt,124,133,45632,91463,46114,45349,12,2,PM_VEGA,SRV-NODE-10
ERP-04423,PROJ-9217,Cajamarca,Audiovisual,55,73,30580,55662,41572,14090,15,11,PM_VEGA,SRV-NODE-9
ERP-04424,PROJ-9270,Huancayo,Audiovisual,180,224,69120,130529,70647,59882,37,30,PM_MEZA,SRV-NODE-9
ERP-04425,PROJ-7275,Piura,Project Mgmt,75,79,19125,32922,21515,11407,7,9,PM_VEGA,SRV-NODE-5
ERP-04426,PROJ-9737,Cajamarca,Project Mgmt,138,141,58512,109866,76332,33534,14,15,PM_RIVAS,SRV-NODE-4
ERP-04427,PROJ-9370,Piura,Videoconference,123,135,33948,63272,37269,26003,14,24,PM_RIVAS,SRV-NODE-10
ERP-04428,PROJ-1658,Piura,Business Proc,165,167,82830,140085,86727,53358,44,34,PM_VEGA,SRV-NODE-8
ERP-04429,PROJ-2043,Piura,Business Proc,118,130,30562,60399,37258,23141,16,4,PM_PEREZ,SRV-NODE-1
ERP-04430,PROJ-3894,Iquitos,Project Mgmt,111,139,65046,105305,69095,36210,3,3,PM_PEREZ,SRV-NODE-10
ERP-04431,PROJ-7398,Puno,Audiovisual,106,121,32118,60979,33206,27773,50,41,PM_MEZA,SRV-NODE-6
ERP-04432,PROJ-8000,Huancayo,Videoconference,117,136,28431,56756,32464,24292,38,50,PM_VEGA,SRV-NODE-8
ERP-04433,PROJ-9639,Cusco,Videoconference,73,75,39274,80216,42742,37474,44,6,PM_RIVAS,SRV-NODE-2
ERP-04434,PROJ-8728,Arequipa,Business Proc,49,59,16807,35376,18620,16756,28,18,PM_PEREZ,SRV-NODE-2
ERP-04435,PROJ-9077,Huancayo,Audiovisual,173,197,48959,105276,49289,55987,50,62,PM_VEGA,SRV-NODE-8
ERP-04436,PROJ-8152,Iquitos,Project Mgmt,172,174,65876,136968,82585,54383,50,34,PM_MEZA,SRV-NODE-3
ERP-04437,PROJ-5696,Lima,Videoconference,155,198,78895,161297,81880,79417,23,18,PM_SOTO,SRV-NODE-9
ERP-04438,PROJ-9044,Cajamarca,Project Mgmt,74,89,33004,54495,35397,19098,3,3,PM_MEZA,SRV-NODE-10
ERP-04439,PROJ-2510,Cusco,Videoconference,89,115,22695,39576,27667,11909,15,15,PM_RIVAS,SRV-NODE-6
ERP-04440,PROJ-9166,Iquitos,Videoconference,120,123,24840,52037,25692,26345,24,37,PM_RIVAS,SRV-NODE-5
ERP-04441,PROJ-1681,Huancayo,Videoconference,178,184,66216,123346,81083,42263,38,32,PM_PEREZ,SRV-NODE-5
ERP-04442,PROJ-3952,Piura,Business Proc,83,111,35939,71359,49383,21976,33,8,PM_MEZA,SRV-NODE-4
ERP-04443,PROJ-4689,Arequipa,Videoconference,37,46,12173,21491,12431,9060,24,34,PM_MEZA,SRV-NODE-7
ERP-04444,PROJ-5431,Huancayo,Videoconference,50,54,27950,52071,34617,17454,46,52,PM_VEGA,SRV-NODE-7
ERP-04445,PROJ-5919,Iquitos,Business Proc,127,156,52324,113875,58608,55267,22,28,PM_VEGA,SRV-NODE-1
ERP-04446,PROJ-3756,Cajamarca,Videoconference,98,111,30086,63263,42057,21206,29,23,PM_RIVAS,SRV-NODE-1
ERP-04447,PROJ-6262,Piura,Videoconference,99,122,34254,72963,36626,36337,31,29,PM_VEGA,SRV-NODE-1
ERP-04448,PROJ-1627,Puno,Videoconference,58,68,24012,44348,30303,14045,25,27,PM_SOTO,SRV-NODE-8
ERP-04449,PROJ-1706,Tacna,Project Mgmt,75,77,29625,65013,37385,27628,34,46,PM_VEGA,SRV-NODE-2
ERP-04450,PROJ-6924,Piura,Project Mgmt,140,159,58660,110986,75652,35334,12,16,PM_RIVAS,SRV-NODE-9
ERP-04451,PROJ-3779,Tacna,Project Mgmt,66,79,30954,55954,41797,14157,48,79,PM_RIVAS,SRV-NODE-2
ERP-04452,PROJ-4925,Tacna,Audiovisual,109,129,60931,102283,68559,33724,7,5,PM_MEZA,SRV-NODE-3
ERP-04453,PROJ-8508,Huancayo,Business Proc,98,131,21070,33985,26713,7272,31,25,PM_RIVAS,SRV-NODE-6
ERP-04454,PROJ-7599,Huancayo,Business Proc,159,194,36252,58421,44714,13707,17,26,PM_VEGA,SRV-NODE-2
ERP-04455,PROJ-8066,Piura,Business Proc,163,208,40587,68954,47440,21514,26,12,PM_VEGA,SRV-NODE-6
ERP-04456,PROJ-8589,Iquitos,Audiovisual,46,54,15502,31960,20534,11426,19,34,PM_MEZA,SRV-NODE-8
ERP-04457,PROJ-8019,Cusco,Videoconference,63,77,14742,25103,19987,5116,34,45,PM_VEGA,SRV-NODE-9
ERP-04458,PROJ-3543,Cusco,Audiovisual,135,136,37395,60749,44846,15903,7,2,PM_MEZA,SRV-NODE-3
ERP-04459,PROJ-5139,Puno,Audiovisual,169,226,86866,170914,115513,55401,14,11,PM_VEGA,SRV-NODE-8
ERP-04460,PROJ-8975,Cajamarca,Audiovisual,115,147,41055,74221,45890,28331,27,12,PM_RIVAS,SRV-NODE-7
ERP-04461,PROJ-2689,Lima,Audiovisual,136,153,29648,64293,33617,30676,20,24,PM_MEZA,SRV-NODE-5
ERP-04462,PROJ-4342,Piura,Audiovisual,89,105,48772,89831,64789,25042,10,9,PM_VEGA,SRV-NODE-9
ERP-04463,PROJ-1443,Cajamarca,Videoconference,22,24,8910,16363,10793,5570,4,6,PM_RIVAS,SRV-NODE-6
ERP-04464,PROJ-7104,Cusco,Business Proc,142,152,70574,116006,71538,44468,14,18,PM_PEREZ,SRV-NODE-9
ERP-04465,PROJ-6170,Huancayo,Videoconference,87,87,26796,54438,32625,21813,17,16,PM_PEREZ,SRV-NODE-2
ERP-04466,PROJ-7334,Piura,Audiovisual,83,88,34860,63622,37006,26616,30,22,PM_MEZA,SRV-NODE-7
ERP-04467,PROJ-3676,Puno,Audiovisual,107,114,54570,118324,66006,52318,42,41,PM_MEZA,SRV-NODE-2
ERP-04468,PROJ-8013,Cajamarca,Project Mgmt,93,99,29946,52759,40191,12568,26,7,PM_PEREZ,SRV-NODE-2
ERP-04469,PROJ-2662,Piura,Project Mgmt,138,164,65964,123062,70660,52402,45,55,PM_RIVAS,SRV-NODE-8
ERP-04470,PROJ-8225,Huancayo,Audiovisual,96,114,41376,79996,41864,38132,13,18,PM_RIVAS,SRV-NODE-7
ERP-04471,PROJ-2159,Lima,Videoconference,78,88,39468,63646,52610,11036,24,37,PM_MEZA,SRV-NODE-7
ERP-04472,PROJ-3608,Tacna,Business Proc,32,34,19136,33956,19551,14405,25,38,PM_SOTO,SRV-NODE-4
ERP-04473,PROJ-3402,Trujillo,Project Mgmt,55,69,18865,30522,25753,4769,48,20,PM_MEZA,SRV-NODE-3
ERP-04474,PROJ-3200,Iquitos,Audiovisual,64,80,26176,43972,32143,11829,36,12,PM_PEREZ,SRV-NODE-5
ERP-04475,PROJ-9415,Tacna,Videoconference,46,61,11270,20295,12200,8095,47,18,PM_PEREZ,SRV-NODE-9
ERP-04476,PROJ-1271,Puno,Videoconference,172,185,36120,78237,49137,29100,10,16,PM_VEGA,SRV-NODE-7
ERP-04477,PROJ-5279,Arequipa,Audiovisual,119,135,49266,79229,62375,16854,27,20,PM_RIVAS,SRV-NODE-9
ERP-04478,PROJ-6067,Huancayo,Audiovisual,103,114,53869,95820,72140,23680,9,6,PM_PEREZ,SRV-NODE-6
ERP-04479,PROJ-9587,Huancayo,Audiovisual,126,165,71820,129834,80737,49097,22,3,PM_VEGA,SRV-NODE-8
ERP-04480,PROJ-2973,Iquitos,Project Mgmt,178,196,89534,145186,96253,48933,33,55,PM_RIVAS,SRV-NODE-4
ERP-04481,PROJ-6451,Iquitos,Videoconference,116,151,29928,51243,37898,13345,10,17,PM_MEZA,SRV-NODE-4
ERP-04482,PROJ-6073,Puno,Audiovisual,52,57,27404,45850,32591,13259,8,14,PM_RIVAS,SRV-NODE-8
ERP-04483,PROJ-5529,Cajamarca,Audiovisual,64,79,30144,64585,39832,24753,19,11,PM_SOTO,SRV-NODE-2
ERP-04484,PROJ-3720,Trujillo,Business Proc,64,72,20416,43992,27583,16409,50,49,PM_MEZA,SRV-NODE-4
ERP-04485,PROJ-6433,Huancayo,Videoconference,154,194,69608,134003,71001,63002,16,19,PM_MEZA,SRV-NODE-4
ERP-04486,PROJ-5105,Iquitos,Project Mgmt,31,41,8990,19584,11198,8386,43,44,PM_SOTO,SRV-NODE-1
ERP-04487,PROJ-1156,Puno,Videoconference,145,156,71485,124510,99903,24607,10,2,PM_PEREZ,SRV-NODE-10
ERP-04488,PROJ-1875,Iquitos,Audiovisual,132,137,40128,81007,43503,37504,16,9,PM_VEGA,SRV-NODE-5
ERP-04489,PROJ-9171,Huancayo,Videoconference,167,181,81830,172248,84775,87473,4,4,PM_SOTO,SRV-NODE-4
ERP-04490,PROJ-3283,Huancayo,Project Mgmt,96,113,52800,112191,58078,54113,50,38,PM_MEZA,SRV-NODE-2
ERP-04491,PROJ-7650,Puno,Project Mgmt,56,60,30296,62411,30347,32064,30,49,PM_PEREZ,SRV-NODE-10
ERP-04492,PROJ-1234,Tacna,Videoconference,97,110,19982,37432,20634,16798,17,6,PM_RIVAS,SRV-NODE-9
ERP-04493,PROJ-6814,Puno,Business Proc,79,102,37604,74910,46466,28444,39,59,PM_VEGA,SRV-NODE-7
ERP-04494,PROJ-2937,Arequipa,Project Mgmt,111,124,38739,63729,38874,24855,17,21,PM_MEZA,SRV-NODE-10
ERP-04495,PROJ-8314,Cusco,Videoconference,148,173,68376,126966,84540,42426,16,23,PM_PEREZ,SRV-NODE-2
ERP-04496,PROJ-9514,Puno,Project Mgmt,138,183,63756,127908,78935,48973,12,3,PM_PEREZ,SRV-NODE-6
ERP-04497,PROJ-4558,Lima,Project Mgmt,114,131,64638,113282,78545,34737,14,10,PM_MEZA,SRV-NODE-7
ERP-04498,PROJ-2207,Tacna,Audiovisual,66,77,34320,58913,36520,22393,40,38,PM_SOTO,SRV-NODE-6
ERP-04499,PROJ-1497,Cajamarca,Audiovisual,72,96,25848,42961,31376,11585,13,22,PM_MEZA,SRV-NODE-8
ERP-04500,PROJ-5487,Lima,Project Mgmt,109,115,48614,83443,60868,22575,12,15,PM_VEGA,SRV-NODE-3
ERP-04501,PROJ-1133,Tacna,Project Mgmt,96,127,49632,86296,67481,18815,10,5,PM_VEGA,SRV-NODE-6
ERP-04502,PROJ-2135,Huancayo,Videoconference,114,116,50274,101853,57376,44477,16,3,PM_PEREZ,SRV-NODE-2
ERP-04503,PROJ-5576,Cusco,Audiovisual,130,147,36530,78167,36601,41566,28,40,PM_SOTO,SRV-NODE-7
ERP-04504,PROJ-8910,Lima,Videoconference,173,195,57090,113063,60353,52710,50,27,PM_PEREZ,SRV-NODE-1
ERP-04505,PROJ-4293,Puno,Business Proc,43,49,25069,48335,34926,13409,17,18,PM_PEREZ,SRV-NODE-6
ERP-04506,PROJ-6977,Cajamarca,Project Mgmt,127,148,50800,84403,62172,22231,13,9,PM_SOTO,SRV-NODE-3
ERP-04507,PROJ-3695,Puno,Project Mgmt,97,104,33659,71637,40891,30746,42,15,PM_MEZA,SRV-NODE-6
ERP-04508,PROJ-7574,Trujillo,Project Mgmt,97,118,54805,117149,74368,42781,26,36,PM_MEZA,SRV-NODE-6
ERP-04509,PROJ-6590,Arequipa,Audiovisual,80,106,20720,36345,28378,7967,40,30,PM_SOTO,SRV-NODE-6
ERP-04510,PROJ-3103,Lima,Videoconference,56,57,19488,35108,21146,13962,6,10,PM_MEZA,SRV-NODE-8
ERP-04511,PROJ-9937,Trujillo,Videoconference,72,84,15768,29655,18448,11207,48,84,PM_SOTO,SRV-NODE-1
ERP-04512,PROJ-7561,Puno,Business Proc,58,72,24824,40262,28001,12261,44,28,PM_SOTO,SRV-NODE-7
ERP-04513,PROJ-5727,Cajamarca,Audiovisual,132,171,61512,134358,85350,49008,30,33,PM_SOTO,SRV-NODE-9
ERP-04514,PROJ-4980,Puno,Audiovisual,84,108,24696,45030,33259,11771,37,42,PM_PEREZ,SRV-NODE-2
ERP-04515,PROJ-9281,Tacna,Audiovisual,96,106,44064,79290,59582,19708,20,9,PM_VEGA,SRV-NODE-6
ERP-04516,PROJ-6349,Puno,Business Proc,118,140,59236,109421,74249,35172,50,41,PM_VEGA,SRV-NODE-7
ERP-04517,PROJ-1580,Arequipa,Business Proc,95,104,50730,96246,62753,33493,15,9,PM_VEGA,SRV-NODE-10
ERP-04518,PROJ-1053,Arequipa,Project Mgmt,136,137,64056,124388,78220,46168,45,56,PM_RIVAS,SRV-NODE-3
ERP-04519,PROJ-5325,Cusco,Audiovisual,35,39,12390,24812,13722,11090,18,9,PM_PEREZ,SRV-NODE-5
ERP-04520,PROJ-6514,Trujillo,Project Mgmt,60,67,22080,48240,30031,18209,27,27,PM_SOTO,SRV-NODE-3
ERP-04521,PROJ-4349,Huancayo,Videoconference,25,26,14450,23290,17918,5372,36,9,PM_VEGA,SRV-NODE-10
ERP-04522,PROJ-5882,Cajamarca,Audiovisual,96,125,43968,72447,60893,11554,45,32,PM_VEGA,SRV-NODE-10
ERP-04523,PROJ-5671,Trujillo,Audiovisual,116,124,59856,129210,63260,65950,5,7,PM_SOTO,SRV-NODE-5
ERP-04524,PROJ-7219,Arequipa,Business Proc,81,84,18468,31274,21211,10063,10,6,PM_PEREZ,SRV-NODE-2
ERP-04525,PROJ-1983,Cusco,Audiovisual,58,58,31378,56938,41551,15387,16,5,PM_PEREZ,SRV-NODE-8
ERP-04526,PROJ-7175,Cajamarca,Audiovisual,146,162,50370,100576,65946,34630,43,55,PM_PEREZ,SRV-NODE-6
ERP-04527,PROJ-5830,Trujillo,Business Proc,106,118,43354,85972,50229,35743,7,1,PM_SOTO,SRV-NODE-4
ERP-04528,PROJ-4459,Piura,Business Proc,130,131,60190,124758,76036,48722,10,5,PM_MEZA,SRV-NODE-10
ERP-04529,PROJ-6424,Cusco,Project Mgmt,136,158,27880,48873,36995,11878,19,15,PM_PEREZ,SRV-NODE-2
ERP-04530,PROJ-2769,Lima,Project Mgmt,100,102,21600,39056,30102,8954,48,65,PM_VEGA,SRV-NODE-8
ERP-04531,PROJ-6477,Piura,Business Proc,55,60,19360,40122,23372,16750,39,8,PM_PEREZ,SRV-NODE-6
ERP-04532,PROJ-9547,Piura,Videoconference,53,71,31270,58713,36111,22602,21,10,PM_RIVAS,SRV-NODE-5
ERP-04533,PROJ-2530,Puno,Business Proc,105,118,41790,80621,46403,34218,22,31,PM_RIVAS,SRV-NODE-3
ERP-04534,PROJ-3105,Trujillo,Business Proc,175,194,90650,156903,98279,58624,36,61,PM_SOTO,SRV-NODE-1
ERP-04535,PROJ-8809,Lima,Business Proc,163,176,42543,89897,55743,34154,39,59,PM_MEZA,SRV-NODE-10
ERP-04536,PROJ-1055,Cajamarca,Audiovisual,135,152,62235,125509,86430,39079,5,4,PM_VEGA,SRV-NODE-8
ERP-04537,PROJ-2921,Huancayo,Audiovisual,157,196,69237,125183,84976,40207,4,4,PM_MEZA,SRV-NODE-10
ERP-04538,PROJ-2349,Piura,Project Mgmt,160,182,46720,92346,64554,27792,33,21,PM_PEREZ,SRV-NODE-7
ERP-04539,PROJ-8694,Arequipa,Videoconference,114,147,38988,73497,54291,19206,34,27,PM_MEZA,SRV-NODE-1
ERP-04540,PROJ-8819,Arequipa,Audiovisual,102,108,31008,49985,43334,6651,33,44,PM_PEREZ,SRV-NODE-5
ERP-04541,PROJ-3956,Lima,Project Mgmt,41,51,23739,41111,27161,13950,11,15,PM_PEREZ,SRV-NODE-8
ERP-04542,PROJ-6049,Iquitos,Videoconference,40,40,8360,16518,11370,5148,24,3,PM_PEREZ,SRV-NODE-7
ERP-04543,PROJ-2527,Cajamarca,Videoconference,136,144,32504,60637,44350,16287,24,42,PM_VEGA,SRV-NODE-2
ERP-04544,PROJ-7515,Iquitos,Project Mgmt,82,99,23616,51170,30062,21108,27,11,PM_VEGA,SRV-NODE-2
ERP-04545,PROJ-9083,Lima,Audiovisual,80,107,30720,51087,31413,19674,36,21,PM_MEZA,SRV-NODE-9
ERP-04546,PROJ-7584,Cusco,Audiovisual,158,167,53246,85659,63879,21780,16,25,PM_PEREZ,SRV-NODE-4
ERP-04547,PROJ-8164,Trujillo,Audiovisual,68,68,18224,29261,22175,7086,20,25,PM_PEREZ,SRV-NODE-9
ERP-04548,PROJ-8679,Huancayo,Audiovisual,171,196,52155,85012,65399,19613,18,27,PM_SOTO,SRV-NODE-9
ERP-04549,PROJ-7649,Huancayo,Project Mgmt,154,160,35574,77201,46223,30978,46,43,PM_MEZA,SRV-NODE-8
ERP-04550,PROJ-1541,Huancayo,Audiovisual,56,73,12264,25745,13931,11814,35,38,PM_MEZA,SRV-NODE-1
ERP-04551,PROJ-8213,Tacna,Audiovisual,22,29,8294,13607,9466,4141,49,44,PM_MEZA,SRV-NODE-5
ERP-04552,PROJ-3240,Piura,Project Mgmt,73,88,43435,80252,49511,30741,35,22,PM_RIVAS,SRV-NODE-6
ERP-04553,PROJ-4014,Puno,Project Mgmt,138,155,66240,123947,74590,49357,47,21,PM_SOTO,SRV-NODE-2
ERP-04554,PROJ-6432,Cusco,Audiovisual,117,144,57330,99540,77368,22172,11,7,PM_RIVAS,SRV-NODE-6
ERP-04555,PROJ-6024,Huancayo,Project Mgmt,132,173,29436,63121,31291,31830,9,13,PM_VEGA,SRV-NODE-6
ERP-04556,PROJ-7698,Huancayo,Project Mgmt,49,50,25774,53133,36053,17080,27,32,PM_PEREZ,SRV-NODE-2
ERP-04557,PROJ-7037,Arequipa,Project Mgmt,20,24,11320,20113,12194,7919,29,24,PM_VEGA,SRV-NODE-8
ERP-04558,PROJ-4581,Piura,Audiovisual,58,72,29000,61835,36398,25437,17,26,PM_PEREZ,SRV-NODE-3
ERP-04559,PROJ-5287,Iquitos,Videoconference,161,212,47012,82265,52783,29482,25,32,PM_SOTO,SRV-NODE-4
ERP-04560,PROJ-7067,Cusco,Videoconference,127,133,74168,146648,74910,71738,31,12,PM_RIVAS,SRV-NODE-3
ERP-04561,PROJ-3051,Arequipa,Audiovisual,46,46,22540,41907,28168,13739,39,69,PM_MEZA,SRV-NODE-7
ERP-04562,PROJ-4975,Lima,Project Mgmt,158,174,38868,79348,47265,32083,30,35,PM_PEREZ,SRV-NODE-6
ERP-04563,PROJ-8858,Iquitos,Videoconference,97,108,43456,84219,54717,29502,7,5,PM_RIVAS,SRV-NODE-6
ERP-04564,PROJ-4242,Tacna,Audiovisual,45,57,19665,35583,22194,13389,6,7,PM_MEZA,SRV-NODE-7
ERP-04565,PROJ-2954,Arequipa,Videoconference,113,146,28928,58397,30869,27528,32,24,PM_RIVAS,SRV-NODE-3
ERP-04566,PROJ-6233,Lima,Project Mgmt,25,30,5025,10444,6373,4071,44,76,PM_SOTO,SRV-NODE-9
ERP-04567,PROJ-3289,Arequipa,Project Mgmt,146,193,61466,122576,82010,40566,5,7,PM_MEZA,SRV-NODE-2
ERP-04568,PROJ-6948,Lima,Business Proc,56,65,18032,33193,23908,9285,43,67,PM_PEREZ,SRV-NODE-9
ERP-04569,PROJ-1753,Huancayo,Audiovisual,127,145,41656,78623,53098,25525,35,41,PM_VEGA,SRV-NODE-5
ERP-04570,PROJ-2951,Piura,Audiovisual,46,54,24656,50865,27786,23079,49,55,PM_PEREZ,SRV-NODE-9
ERP-04571,PROJ-3976,Trujillo,Audiovisual,59,66,25075,55002,25562,29440,30,11,PM_RIVAS,SRV-NODE-1
ERP-04572,PROJ-1966,Piura,Audiovisual,39,42,8034,14445,8515,5930,10,8,PM_MEZA,SRV-NODE-3
ERP-04573,PROJ-2811,Huancayo,Business Proc,73,79,27156,56604,36608,19996,14,16,PM_PEREZ,SRV-NODE-1
ERP-04574,PROJ-9960,Trujillo,Business Proc,67,85,23651,41403,27084,14319,9,13,PM_MEZA,SRV-NODE-8
ERP-04575,PROJ-4916,Piura,Business Proc,140,144,58380,125621,70498,55123,17,1,PM_RIVAS,SRV-NODE-6
ERP-04576,PROJ-9859,Tacna,Business Proc,150,174,85650,166650,117611,49039,13,1,PM_SOTO,SRV-NODE-6
ERP-04577,PROJ-9784,Piura,Videoconference,165,216,46035,89846,56224,33622,3,1,PM_VEGA,SRV-NODE-1
ERP-04578,PROJ-3676,Puno,Videoconference,148,167,33448,71393,33787,37606,21,14,PM_SOTO,SRV-NODE-8
ERP-04579,PROJ-2529,Piura,Audiovisual,33,39,17490,32386,24060,8326,50,50,PM_MEZA,SRV-NODE-3
ERP-04580,PROJ-2579,Piura,Business Proc,34,38,9860,17990,12889,5101,40,54,PM_PEREZ,SRV-NODE-4
ERP-04581,PROJ-4789,Arequipa,Audiovisual,126,150,67536,132015,85204,46811,45,43,PM_MEZA,SRV-NODE-6
ERP-04582,PROJ-8358,Piura,Audiovisual,178,218,37202,80315,51551,28764,44,58,PM_VEGA,SRV-NODE-5
ERP-04583,PROJ-9727,Lima,Audiovisual,73,75,14746,31530,19182,12348,38,7,PM_MEZA,SRV-NODE-4
ERP-04584,PROJ-7794,Tacna,Audiovisual,162,216,64476,115828,78303,37525,14,9,PM_MEZA,SRV-NODE-8
ERP-04585,PROJ-9168,Huancayo,Audiovisual,178,215,51798,95069,58735,36334,28,27,PM_RIVAS,SRV-NODE-7
ERP-04586,PROJ-5113,Piura,Audiovisual,37,40,8954,19207,11640,7567,34,35,PM_PEREZ,SRV-NODE-3
ERP-04587,PROJ-7284,Tacna,Business Proc,144,158,41040,82900,41751,41149,43,53,PM_RIVAS,SRV-NODE-10
ERP-04588,PROJ-8728,Cajamarca,Project Mgmt,112,133,60256,115165,64735,50430,35,23,PM_RIVAS,SRV-NODE-7
ERP-04589,PROJ-9331,Huancayo,Business Proc,23,28,5106,10549,7085,3464,44,17,PM_VEGA,SRV-NODE-1
ERP-04590,PROJ-5818,Piura,Videoconference,38,47,13148,24719,16802,7917,8,7,PM_PEREZ,SRV-NODE-5
ERP-04591,PROJ-6849,Cusco,Project Mgmt,179,180,89858,152693,94719,57974,20,29,PM_RIVAS,SRV-NODE-6
ERP-04592,PROJ-4869,Piura,Audiovisual,73,76,36938,65207,51569,13638,34,28,PM_MEZA,SRV-NODE-6
ERP-04593,PROJ-1470,Iquitos,Videoconference,179,202,84846,145152,110150,35002,30,48,PM_PEREZ,SRV-NODE-2
ERP-04594,PROJ-3760,Puno,Project Mgmt,97,115,26578,49397,30124,19273,17,7,PM_PEREZ,SRV-NODE-8
ERP-04595,PROJ-2706,Trujillo,Project Mgmt,41,53,19680,31906,24757,7149,36,4,PM_MEZA,SRV-NODE-8
ERP-04596,PROJ-8966,Lima,Project Mgmt,55,64,30195,62141,36912,25229,19,17,PM_SOTO,SRV-NODE-6
ERP-04597,PROJ-4053,Cusco,Audiovisual,147,172,29694,56764,36699,20065,9,1,PM_MEZA,SRV-NODE-8
ERP-04598,PROJ-3926,Piura,Project Mgmt,158,194,63516,133804,84503,49301,35,43,PM_SOTO,SRV-NODE-7
ERP-04599,PROJ-4076,Puno,Audiovisual,71,81,34151,63443,35841,27602,40,31,PM_RIVAS,SRV-NODE-5
ERP-04600,PROJ-9931,Iquitos,Videoconference,59,69,15340,33052,19480,13572,15,17,PM_MEZA,SRV-NODE-1
ERP-04601,PROJ-4279,Piura,Videoconference,68,69,21624,39165,27564,11601,48,61,PM_PEREZ,SRV-NODE-7
ERP-04602,PROJ-9662,Puno,Audiovisual,41,42,21361,34263,29596,4667,32,26,PM_PEREZ,SRV-NODE-9
ERP-04603,PROJ-1111,Iquitos,Business Proc,34,44,10982,18778,11580,7198,37,29,PM_VEGA,SRV-NODE-7
ERP-04604,PROJ-6484,Lima,Project Mgmt,59,71,31860,64258,44331,19927,20,3,PM_VEGA,SRV-NODE-1
ERP-04605,PROJ-2015,Cusco,Project Mgmt,30,35,11700,25052,15327,9725,9,1,PM_RIVAS,SRV-NODE-6
ERP-04606,PROJ-1330,Iquitos,Project Mgmt,174,195,68556,118297,75268,43029,22,26,PM_VEGA,SRV-NODE-8
ERP-04607,PROJ-9282,Cajamarca,Project Mgmt,154,207,81620,164546,98689,65857,50,39,PM_PEREZ,SRV-NODE-5
ERP-04608,PROJ-6264,Lima,Project Mgmt,130,170,33930,71635,40289,31346,42,65,PM_PEREZ,SRV-NODE-6
ERP-04609,PROJ-2218,Iquitos,Project Mgmt,110,138,60940,118208,76049,42159,4,1,PM_MEZA,SRV-NODE-10
ERP-04610,PROJ-3569,Trujillo,Videoconference,157,198,92002,186978,122813,64165,50,33,PM_VEGA,SRV-NODE-4
ERP-04611,PROJ-1019,Iquitos,Business Proc,46,48,9338,16795,13042,3753,12,5,PM_VEGA,SRV-NODE-1
ERP-04612,PROJ-8400,Tacna,Audiovisual,74,90,30340,49221,34614,14607,3,3,PM_VEGA,SRV-NODE-5
ERP-04613,PROJ-4360,Huancayo,Project Mgmt,151,171,75198,120840,102021,18819,49,38,PM_PEREZ,SRV-NODE-8
ERP-04614,PROJ-6121,Iquitos,Audiovisual,93,111,50220,82311,66226,16085,47,69,PM_PEREZ,SRV-NODE-5
ERP-04615,PROJ-2465,Tacna,Videoconference,144,146,70848,148329,96346,51983,32,33,PM_RIVAS,SRV-NODE-3
ERP-04616,PROJ-2357,Huancayo,Audiovisual,69,73,18768,35797,21628,14169,40,5,PM_VEGA,SRV-NODE-2
ERP-04617,PROJ-8131,Arequipa,Business Proc,108,143,27000,58279,35621,22658,31,17,PM_SOTO,SRV-NODE-10
ERP-04618,PROJ-7929,Cusco,Business Proc,63,75,18459,33713,22669,11044,20,22,PM_VEGA,SRV-NODE-10
ERP-04619,PROJ-1812,Arequipa,Audiovisual,109,127,44036,93147,44782,48365,13,14,PM_SOTO,SRV-NODE-1
ERP-04620,PROJ-5948,Tacna,Audiovisual,59,59,22597,40209,31619,8590,12,17,PM_SOTO,SRV-NODE-10
ERP-04621,PROJ-6023,Huancayo,Audiovisual,159,202,38796,79812,43115,36697,3,3,PM_SOTO,SRV-NODE-8
ERP-04622,PROJ-6660,Puno,Project Mgmt,137,184,35620,62233,39966,22267,16,18,PM_RIVAS,SRV-NODE-2
ERP-04623,PROJ-2220,Cusco,Videoconference,131,149,29999,51036,41612,9424,49,5,PM_VEGA,SRV-NODE-4
ERP-04624,PROJ-6545,Cusco,Project Mgmt,74,84,23828,49865,23979,25886,42,33,PM_RIVAS,SRV-NODE-10
ERP-04625,PROJ-1750,Cajamarca,Audiovisual,122,137,29646,63734,34590,29144,33,11,PM_VEGA,SRV-NODE-6
ERP-04626,PROJ-3992,Cusco,Videoconference,42,49,13734,26994,15090,11904,8,3,PM_SOTO,SRV-NODE-1
ERP-04627,PROJ-8073,Tacna,Videoconference,107,135,50076,95682,61397,34285,22,4,PM_SOTO,SRV-NODE-6
ERP-04628,PROJ-9415,Cajamarca,Audiovisual,49,55,16954,32350,23678,8672,5,5,PM_PEREZ,SRV-NODE-4
ERP-04629,PROJ-2433,Huancayo,Business Proc,129,150,55212,91622,66735,24887,3,3,PM_SOTO,SRV-NODE-6
ERP-04630,PROJ-9512,Puno,Project Mgmt,161,171,51198,98906,66160,32746,7,3,PM_SOTO,SRV-NODE-8
ERP-04631,PROJ-4733,Cajamarca,Business Proc,167,183,89345,179169,99474,79695,28,25,PM_PEREZ,SRV-NODE-8
ERP-04632,PROJ-4113,Iquitos,Business Proc,162,214,40014,66528,43595,22933,15,15,PM_MEZA,SRV-NODE-4
ERP-04633,PROJ-2833,Cusco,Videoconference,53,59,18550,39715,21066,18649,48,42,PM_SOTO,SRV-NODE-2
ERP-04634,PROJ-9249,Lima,Videoconference,65,70,20930,33934,28543,5391,13,12,PM_MEZA,SRV-NODE-2
ERP-04635,PROJ-2873,Lima,Audiovisual,73,95,38033,72544,50014,22530,39,35,PM_MEZA,SRV-NODE-5
ERP-04636,PROJ-3995,Trujillo,Videoconference,27,33,11475,24329,11615,12714,43,69,PM_MEZA,SRV-NODE-5
ERP-04637,PROJ-3125,Tacna,Audiovisual,26,34,7332,15583,9498,6085,9,6,PM_PEREZ,SRV-NODE-2
ERP-04638,PROJ-4089,Arequipa,Audiovisual,57,65,33060,57092,33101,23991,13,15,PM_MEZA,SRV-NODE-4
ERP-04639,PROJ-3602,Cajamarca,Project Mgmt,95,107,52345,108529,70982,37547,17,26,PM_RIVAS,SRV-NODE-10
ERP-04640,PROJ-8807,Piura,Videoconference,170,200,72930,158024,73751,84273,36,47,PM_VEGA,SRV-NODE-2
ERP-04641,PROJ-3370,Puno,Project Mgmt,20,25,4420,9516,5420,4096,48,74,PM_SOTO,SRV-NODE-6
ERP-04642,PROJ-3038,Trujillo,Videoconference,50,62,18250,29972,20096,9876,46,38,PM_PEREZ,SRV-NODE-6
ERP-04643,PROJ-6340,Puno,Audiovisual,48,62,26640,50714,30304,20410,22,19,PM_SOTO,SRV-NODE-6
ERP-04644,PROJ-3720,Tacna,Business Proc,26,34,8892,18958,9931,9027,30,51,PM_VEGA,SRV-NODE-5
ERP-04645,PROJ-3706,Piura,Business Proc,142,146,45156,98377,49573,48804,23,8,PM_RIVAS,SRV-NODE-3
ERP-04646,PROJ-6738,Arequipa,Audiovisual,110,120,48070,78288,58543,19745,45,6,PM_SOTO,SRV-NODE-3
ERP-04647,PROJ-8813,Puno,Project Mgmt,157,185,52438,113609,66604,47005,43,4,PM_MEZA,SRV-NODE-6
ERP-04648,PROJ-9065,Cusco,Audiovisual,44,48,20328,38357,28119,10238,42,43,PM_RIVAS,SRV-NODE-1
ERP-04649,PROJ-1201,Arequipa,Audiovisual,136,179,70312,120704,95765,24939,33,15,PM_MEZA,SRV-NODE-6
ERP-04650,PROJ-2829,Huancayo,Audiovisual,91,108,22659,47774,23597,24177,50,32,PM_PEREZ,SRV-NODE-1
ERP-04651,PROJ-5535,Huancayo,Business Proc,114,139,46512,93783,48003,45780,39,47,PM_VEGA,SRV-NODE-7
ERP-04652,PROJ-7519,Arequipa,Videoconference,61,64,13908,30309,19282,11027,45,10,PM_VEGA,SRV-NODE-3
ERP-04653,PROJ-6935,Cajamarca,Business Proc,62,76,35340,76684,49336,27348,3,2,PM_MEZA,SRV-NODE-1
ERP-04654,PROJ-6125,Lima,Project Mgmt,144,171,78912,137717,85592,52125,32,23,PM_VEGA,SRV-NODE-4
ERP-04655,PROJ-6415,Huancayo,Videoconference,163,184,42869,72374,54344,18030,23,33,PM_PEREZ,SRV-NODE-7
ERP-04656,PROJ-7882,Cusco,Videoconference,32,36,10944,20583,12623,7960,50,45,PM_SOTO,SRV-NODE-5
ERP-04657,PROJ-1850,Tacna,Project Mgmt,175,198,70000,152870,73353,79517,8,7,PM_RIVAS,SRV-NODE-10
ERP-04658,PROJ-6727,Huancayo,Project Mgmt,78,88,32058,51408,32297,19111,9,6,PM_PEREZ,SRV-NODE-10
ERP-04659,PROJ-6386,Tacna,Business Proc,124,139,31868,60805,39887,20918,36,52,PM_VEGA,SRV-NODE-10
ERP-04660,PROJ-5484,Cusco,Project Mgmt,107,112,23112,42422,24746,17676,6,5,PM_RIVAS,SRV-NODE-3
ERP-04661,PROJ-2808,Tacna,Business Proc,46,50,18860,38022,24741,13281,21,7,PM_VEGA,SRV-NODE-5
ERP-04662,PROJ-5113,Trujillo,Videoconference,78,81,41730,75520,48355,27165,48,6,PM_MEZA,SRV-NODE-8
ERP-04663,PROJ-3474,Piura,Audiovisual,159,214,43407,80518,44811,35707,5,8,PM_SOTO,SRV-NODE-8
ERP-04664,PROJ-8729,Cajamarca,Business Proc,159,182,35139,74061,37741,36320,21,25,PM_RIVAS,SRV-NODE-1
ERP-04665,PROJ-1773,Huancayo,Business Proc,87,104,33669,62807,38177,24630,28,25,PM_SOTO,SRV-NODE-8
ERP-04666,PROJ-6559,Cusco,Project Mgmt,167,192,86506,146583,106824,39759,50,32,PM_RIVAS,SRV-NODE-2
ERP-04667,PROJ-5633,Iquitos,Business Proc,25,30,9525,19576,12196,7380,30,11,PM_MEZA,SRV-NODE-2
ERP-04668,PROJ-6667,Huancayo,Videoconference,135,174,31725,53043,42961,10082,22,18,PM_MEZA,SRV-NODE-5
ERP-04669,PROJ-9162,Trujillo,Videoconference,128,169,54400,96741,67526,29215,32,30,PM_VEGA,SRV-NODE-4
ERP-04670,PROJ-3522,Cajamarca,Videoconference,132,151,60588,132625,82523,50102,28,32,PM_RIVAS,SRV-NODE-5
ERP-04671,PROJ-8978,Arequipa,Audiovisual,40,49,14760,26956,19006,7950,50,49,PM_PEREZ,SRV-NODE-3
ERP-04672,PROJ-4483,Cajamarca,Project Mgmt,31,33,11315,24366,13903,10463,10,3,PM_VEGA,SRV-NODE-6
ERP-04673,PROJ-9888,Lima,Audiovisual,80,91,39680,72931,44942,27989,24,26,PM_RIVAS,SRV-NODE-1
ERP-04674,PROJ-6751,Cajamarca,Project Mgmt,33,38,16104,30927,20875,10052,16,8,PM_VEGA,SRV-NODE-6
ERP-04675,PROJ-1175,Cusco,Project Mgmt,122,147,39040,80046,45311,34735,42,32,PM_VEGA,SRV-NODE-3
ERP-04676,PROJ-7488,Iquitos,Business Proc,21,23,7917,13963,9698,4265,38,63,PM_VEGA,SRV-NODE-3
ERP-04677,PROJ-9804,Huancayo,Audiovisual,34,36,14076,28919,16519,12400,5,2,PM_MEZA,SRV-NODE-5
ERP-04678,PROJ-9352,Arequipa,Business Proc,43,56,17845,37320,18133,19187,5,7,PM_PEREZ,SRV-NODE-5
ERP-04679,PROJ-7231,Lima,Videoconference,151,156,47414,90655,55233,35422,16,15,PM_PEREZ,SRV-NODE-2
ERP-04680,PROJ-3819,Cusco,Project Mgmt,137,138,58499,113930,67767,46163,22,25,PM_VEGA,SRV-NODE-5
ERP-04681,PROJ-7193,Puno,Videoconference,139,178,67415,147601,87053,60548,40,18,PM_VEGA,SRV-NODE-9
ERP-04682,PROJ-3779,Trujillo,Audiovisual,119,128,36176,73222,37593,35629,25,27,PM_MEZA,SRV-NODE-5
ERP-04683,PROJ-1521,Cajamarca,Audiovisual,106,122,48548,102056,60129,41927,24,36,PM_SOTO,SRV-NODE-8
ERP-04684,PROJ-6202,Piura,Project Mgmt,176,230,103840,206797,106624,100173,34,12,PM_RIVAS,SRV-NODE-4
ERP-04685,PROJ-8095,Puno,Audiovisual,86,114,20898,36558,25651,10907,46,80,PM_MEZA,SRV-NODE-5
ERP-04686,PROJ-2714,Piura,Business Proc,165,178,54945,99322,63643,35679,45,76,PM_VEGA,SRV-NODE-9
ERP-04687,PROJ-1729,Lima,Project Mgmt,80,93,43920,75773,57933,17840,50,22,PM_PEREZ,SRV-NODE-6
ERP-04688,PROJ-3309,Arequipa,Audiovisual,78,99,32760,57599,45818,11781,32,25,PM_RIVAS,SRV-NODE-7
ERP-04689,PROJ-5037,Cajamarca,Business Proc,170,203,93670,195690,99354,96336,22,6,PM_MEZA,SRV-NODE-1
ERP-04690,PROJ-4150,Cajamarca,Project Mgmt,116,139,61712,130770,82872,47898,4,0,PM_SOTO,SRV-NODE-8
ERP-04691,PROJ-1794,Cusco,Videoconference,63,67,27720,58118,33498,24620,30,13,PM_RIVAS,SRV-NODE-5
ERP-04692,PROJ-5125,Tacna,Audiovisual,122,154,62952,101636,72993,28643,12,10,PM_SOTO,SRV-NODE-2
ERP-04693,PROJ-5765,Huancayo,Audiovisual,116,136,58580,107422,67334,40088,3,5,PM_PEREZ,SRV-NODE-9
ERP-04694,PROJ-1123,Piura,Project Mgmt,153,162,32436,64402,44060,20342,42,63,PM_VEGA,SRV-NODE-3
ERP-04695,PROJ-7478,Cusco,Project Mgmt,172,185,42656,81215,48215,33000,12,2,PM_MEZA,SRV-NODE-10
ERP-04696,PROJ-1631,Trujillo,Videoconference,153,155,55845,89420,59638,29782,5,8,PM_VEGA,SRV-NODE-9
ERP-04697,PROJ-1149,Trujillo,Audiovisual,87,100,31059,65763,31585,34178,28,15,PM_PEREZ,SRV-NODE-2
ERP-04698,PROJ-8102,Trujillo,Business Proc,81,81,29565,55171,32668,22503,44,54,PM_SOTO,SRV-NODE-10
ERP-04699,PROJ-5875,Piura,Audiovisual,144,185,50544,93592,70484,23108,7,7,PM_MEZA,SRV-NODE-9
ERP-04700,PROJ-7082,Iquitos,Business Proc,72,89,37872,75051,47499,27552,24,17,PM_MEZA,SRV-NODE-9
ERP-04701,PROJ-5404,Iquitos,Business Proc,121,151,34848,76511,42455,34056,41,69,PM_RIVAS,SRV-NODE-6
ERP-04702,PROJ-5696,Tacna,Videoconference,50,65,22050,43461,28790,14671,21,11,PM_PEREZ,SRV-NODE-5
ERP-04703,PROJ-1392,Iquitos,Project Mgmt,32,40,17280,31045,21900,9145,7,6,PM_VEGA,SRV-NODE-7
ERP-04704,PROJ-5099,Iquitos,Audiovisual,173,213,92555,192675,129068,63607,14,7,PM_PEREZ,SRV-NODE-3
ERP-04705,PROJ-5745,Huancayo,Business Proc,178,228,79566,143482,82132,61350,19,16,PM_RIVAS,SRV-NODE-7
ERP-04706,PROJ-9933,Piura,Project Mgmt,53,54,26871,52275,37388,14887,4,1,PM_MEZA,SRV-NODE-9
ERP-04707,PROJ-9656,Piura,Audiovisual,128,130,75392,136239,104956,31283,40,17,PM_VEGA,SRV-NODE-2
ERP-04708,PROJ-4274,Cajamarca,Audiovisual,120,131,41880,88581,47675,40906,12,12,PM_SOTO,SRV-NODE-9
ERP-04709,PROJ-3421,Cajamarca,Audiovisual,93,112,38688,62295,43618,18677,4,4,PM_RIVAS,SRV-NODE-1
ERP-04710,PROJ-8008,Puno,Videoconference,89,112,18868,40672,25714,14958,13,23,PM_MEZA,SRV-NODE-9
ERP-04711,PROJ-5124,Iquitos,Audiovisual,173,194,47056,88776,64520,24256,42,28,PM_MEZA,SRV-NODE-4
ERP-04712,PROJ-5244,Piura,Project Mgmt,23,30,13455,21685,17769,3916,39,46,PM_RIVAS,SRV-NODE-3
ERP-04713,PROJ-5312,Trujillo,Videoconference,149,190,30992,66884,38769,28115,42,63,PM_SOTO,SRV-NODE-5
ERP-04714,PROJ-8179,Huancayo,Business Proc,65,65,23920,48975,31941,17034,12,20,PM_RIVAS,SRV-NODE-5
ERP-04715,PROJ-7303,Iquitos,Project Mgmt,163,210,65689,135761,68584,67177,27,27,PM_RIVAS,SRV-NODE-4
ERP-04716,PROJ-9084,Iquitos,Project Mgmt,153,194,46359,89546,51850,37696,15,16,PM_SOTO,SRV-NODE-3
ERP-04717,PROJ-1534,Cajamarca,Business Proc,101,133,33027,67117,41639,25478,19,25,PM_PEREZ,SRV-NODE-5
ERP-04718,PROJ-2239,Iquitos,Project Mgmt,115,143,59455,98945,77644,21301,24,8,PM_RIVAS,SRV-NODE-10
ERP-04719,PROJ-1078,Arequipa,Project Mgmt,28,32,12824,21637,13790,7847,5,4,PM_RIVAS,SRV-NODE-1
ERP-04720,PROJ-1949,Cusco,Business Proc,120,122,69240,117518,72412,45106,22,18,PM_PEREZ,SRV-NODE-6
ERP-04721,PROJ-9674,Trujillo,Audiovisual,152,170,64144,102638,83764,18874,40,55,PM_SOTO,SRV-NODE-10
ERP-04722,PROJ-9421,Cajamarca,Business Proc,46,59,12328,22503,15361,7142,34,30,PM_MEZA,SRV-NODE-6
ERP-04723,PROJ-1116,Tacna,Project Mgmt,54,66,20736,38226,20971,17255,18,28,PM_PEREZ,SRV-NODE-7
ERP-04724,PROJ-4877,Piura,Project Mgmt,155,191,51770,107849,69102,38747,16,7,PM_RIVAS,SRV-NODE-6
ERP-04725,PROJ-6523,Arequipa,Project Mgmt,68,84,37604,79768,51836,27932,3,4,PM_MEZA,SRV-NODE-7
ERP-04726,PROJ-5657,Cusco,Videoconference,104,111,40976,74802,55799,19003,17,17,PM_MEZA,SRV-NODE-1
ERP-04727,PROJ-6956,Puno,Videoconference,60,73,18060,30053,22928,7125,12,17,PM_VEGA,SRV-NODE-2
ERP-04728,PROJ-6189,Tacna,Videoconference,22,23,11044,23906,11596,12310,30,16,PM_PEREZ,SRV-NODE-5
ERP-04729,PROJ-3448,Puno,Audiovisual,171,199,54720,111557,68594,42963,15,19,PM_MEZA,SRV-NODE-8
ERP-04730,PROJ-5301,Cusco,Project Mgmt,161,187,65366,139599,89278,50321,47,71,PM_PEREZ,SRV-NODE-5
ERP-04731,PROJ-7852,Arequipa,Business Proc,91,116,36582,75136,45221,29915,35,22,PM_RIVAS,SRV-NODE-7
ERP-04732,PROJ-3371,Cusco,Videoconference,145,195,86420,158738,114350,44388,37,9,PM_PEREZ,SRV-NODE-10
ERP-04733,PROJ-7704,Huancayo,Business Proc,125,166,50125,89527,51794,37733,23,37,PM_SOTO,SRV-NODE-6
ERP-04734,PROJ-1151,Trujillo,Audiovisual,67,83,26130,47134,33246,13888,42,44,PM_VEGA,SRV-NODE-5
ERP-04735,PROJ-2736,Piura,Audiovisual,99,113,47619,77454,66642,10812,4,6,PM_SOTO,SRV-NODE-9
ERP-04736,PROJ-3258,Cajamarca,Videoconference,31,41,9796,16664,10372,6292,5,5,PM_SOTO,SRV-NODE-10
ERP-04737,PROJ-6246,Lima,Business Proc,108,137,36288,77692,50397,27295,14,8,PM_RIVAS,SRV-NODE-5
ERP-04738,PROJ-9638,Huancayo,Project Mgmt,38,49,17974,35252,20256,14996,50,25,PM_SOTO,SRV-NODE-10
ERP-04739,PROJ-1304,Tacna,Audiovisual,51,58,18462,29693,19672,10021,17,15,PM_SOTO,SRV-NODE-3
ERP-04740,PROJ-6372,Cusco,Audiovisual,91,94,28756,51529,29826,21703,8,12,PM_SOTO,SRV-NODE-8
ERP-04741,PROJ-6495,Arequipa,Audiovisual,178,222,85440,165163,108960,56203,20,28,PM_MEZA,SRV-NODE-6
ERP-04742,PROJ-6386,Lima,Project Mgmt,172,217,64156,120785,76456,44329,26,35,PM_VEGA,SRV-NODE-3
ERP-04743,PROJ-8941,Tacna,Project Mgmt,180,206,92700,180851,123825,57026,22,19,PM_PEREZ,SRV-NODE-4
ERP-04744,PROJ-7407,Tacna,Audiovisual,180,183,70920,153691,90521,63170,26,7,PM_MEZA,SRV-NODE-6
ERP-04745,PROJ-6659,Lima,Business Proc,166,172,39508,63889,52757,11132,10,4,PM_SOTO,SRV-NODE-3
ERP-04746,PROJ-3675,Iquitos,Business Proc,20,20,10180,18142,13850,4292,38,15,PM_MEZA,SRV-NODE-3
ERP-04747,PROJ-2298,Trujillo,Audiovisual,93,104,46965,79166,47646,31520,3,1,PM_PEREZ,SRV-NODE-3
ERP-04748,PROJ-6201,Piura,Business Proc,132,133,62832,116813,80818,35995,23,40,PM_SOTO,SRV-NODE-7
ERP-04749,PROJ-1128,Tacna,Project Mgmt,62,65,24304,45241,29702,15539,39,39,PM_VEGA,SRV-NODE-10
ERP-04750,PROJ-5997,Tacna,Audiovisual,97,105,39285,71048,52819,18229,31,40,PM_PEREZ,SRV-NODE-10
ERP-04751,PROJ-6895,Puno,Videoconference,92,104,33396,54333,42370,11963,38,34,PM_SOTO,SRV-NODE-2
ERP-04752,PROJ-6600,Iquitos,Audiovisual,117,151,47034,92505,55952,36553,42,65,PM_MEZA,SRV-NODE-4
ERP-04753,PROJ-2672,Lima,Project Mgmt,113,148,39211,67881,54147,13734,22,24,PM_RIVAS,SRV-NODE-4
ERP-04754,PROJ-4000,Puno,Business Proc,25,30,6100,11588,7705,3883,44,67,PM_SOTO,SRV-NODE-10
ERP-04755,PROJ-8430,Piura,Project Mgmt,83,86,49136,101967,60033,41934,8,2,PM_PEREZ,SRV-NODE-8
ERP-04756,PROJ-6390,Cusco,Project Mgmt,47,49,24346,40681,27385,13296,8,1,PM_PEREZ,SRV-NODE-9
ERP-04757,PROJ-1282,Puno,Videoconference,69,71,24150,48114,24537,23577,48,6,PM_PEREZ,SRV-NODE-9
ERP-04758,PROJ-4467,Trujillo,Videoconference,119,126,61523,121764,71825,49939,44,28,PM_MEZA,SRV-NODE-9
ERP-04759,PROJ-9012,Cajamarca,Audiovisual,159,165,54855,115448,74384,41064,19,16,PM_MEZA,SRV-NODE-1
ERP-04760,PROJ-5538,Arequipa,Videoconference,65,82,37765,63810,49854,13956,37,37,PM_RIVAS,SRV-NODE-8
ERP-04761,PROJ-2309,Piura,Project Mgmt,20,21,5580,11956,7804,4152,21,11,PM_RIVAS,SRV-NODE-7
ERP-04762,PROJ-1218,Arequipa,Videoconference,122,150,35014,58320,44335,13985,13,13,PM_RIVAS,SRV-NODE-9
ERP-04763,PROJ-5574,Trujillo,Project Mgmt,138,142,71070,136680,81466,55214,50,35,PM_VEGA,SRV-NODE-9
ERP-04764,PROJ-8349,Cusco,Project Mgmt,62,83,20026,37188,25437,11751,42,6,PM_MEZA,SRV-NODE-7
ERP-04765,PROJ-6085,Puno,Business Proc,149,180,69285,125511,82245,43266,9,4,PM_MEZA,SRV-NODE-2
ERP-04766,PROJ-4683,Iquitos,Audiovisual,72,73,28224,54462,35043,19419,30,46,PM_VEGA,SRV-NODE-4
ERP-04767,PROJ-3336,Huancayo,Audiovisual,118,130,59354,117308,74285,43023,4,2,PM_MEZA,SRV-NODE-2
ERP-04768,PROJ-3813,Trujillo,Audiovisual,146,182,61466,120780,71541,49239,44,72,PM_MEZA,SRV-NODE-10
ERP-04769,PROJ-8165,Iquitos,Videoconference,74,96,14948,29203,19702,9501,32,24,PM_VEGA,SRV-NODE-8
ERP-04770,PROJ-6290,Huancayo,Audiovisual,105,110,32025,53724,35062,18662,44,42,PM_SOTO,SRV-NODE-1
ERP-04771,PROJ-1840,Piura,Business Proc,20,23,4560,9590,6149,3441,18,19,PM_PEREZ,SRV-NODE-5
ERP-04772,PROJ-4227,Piura,Audiovisual,155,165,52855,91776,55413,36363,20,10,PM_SOTO,SRV-NODE-5
ERP-04773,PROJ-3347,Piura,Business Proc,79,81,21330,39543,23169,16374,36,33,PM_RIVAS,SRV-NODE-1
ERP-04774,PROJ-1963,Cajamarca,Project Mgmt,177,219,77349,158249,103420,54829,48,8,PM_PEREZ,SRV-NODE-10
ERP-04775,PROJ-5776,Tacna,Videoconference,66,78,18150,35149,21930,13219,15,11,PM_RIVAS,SRV-NODE-7
ERP-04776,PROJ-4771,Iquitos,Business Proc,57,67,21945,44769,26984,17785,25,8,PM_VEGA,SRV-NODE-2
ERP-04777,PROJ-9482,Lima,Business Proc,79,94,25122,46182,26456,19726,17,29,PM_PEREZ,SRV-NODE-7
ERP-04778,PROJ-3843,Cajamarca,Audiovisual,29,37,15660,34324,21799,12525,14,12,PM_RIVAS,SRV-NODE-1
ERP-04779,PROJ-1431,Cajamarca,Business Proc,45,49,17190,30301,18715,11586,7,5,PM_SOTO,SRV-NODE-9
ERP-04780,PROJ-3499,Huancayo,Videoconference,46,60,24150,40006,30317,9689,14,22,PM_MEZA,SRV-NODE-5
ERP-04781,PROJ-8968,Trujillo,Project Mgmt,91,91,18291,34165,24359,9806,23,25,PM_RIVAS,SRV-NODE-1
ERP-04782,PROJ-1672,Iquitos,Audiovisual,44,48,14080,29172,18605,10567,29,5,PM_PEREZ,SRV-NODE-9
ERP-04783,PROJ-3500,Huancayo,Videoconference,52,57,25220,40878,34660,6218,3,3,PM_MEZA,SRV-NODE-2
ERP-04784,PROJ-9965,Tacna,Business Proc,163,164,52649,109134,57084,52050,14,11,PM_RIVAS,SRV-NODE-4
ERP-04785,PROJ-3133,Iquitos,Audiovisual,96,122,43776,81277,50995,30282,9,11,PM_PEREZ,SRV-NODE-10
ERP-04786,PROJ-3665,Tacna,Business Proc,44,52,24948,54329,25676,28653,43,34,PM_RIVAS,SRV-NODE-10
ERP-04787,PROJ-3698,Tacna,Business Proc,109,146,28013,60097,31792,28305,41,32,PM_VEGA,SRV-NODE-5
ERP-04788,PROJ-2854,Tacna,Audiovisual,147,160,47922,92944,55590,37354,27,32,PM_MEZA,SRV-NODE-9
ERP-04789,PROJ-6729,Arequipa,Videoconference,54,61,32184,68426,35497,32929,40,8,PM_PEREZ,SRV-NODE-3
ERP-04790,PROJ-4046,Cusco,Videoconference,169,193,43771,88612,46059,42553,36,11,PM_RIVAS,SRV-NODE-4
ERP-04791,PROJ-9999,Iquitos,Project Mgmt,23,30,7981,16681,8972,7709,26,18,PM_VEGA,SRV-NODE-8
ERP-04792,PROJ-3581,Arequipa,Videoconference,33,39,9999,16037,10606,5431,27,37,PM_MEZA,SRV-NODE-6
ERP-04793,PROJ-5621,Puno,Videoconference,180,221,56880,121684,58865,62819,50,74,PM_PEREZ,SRV-NODE-10
ERP-04794,PROJ-5903,Cusco,Audiovisual,90,110,22230,40519,28530,11989,38,32,PM_RIVAS,SRV-NODE-2
ERP-04795,PROJ-8134,Lima,Audiovisual,178,185,46102,75054,52750,22304,50,27,PM_PEREZ,SRV-NODE-5
ERP-04796,PROJ-6910,Arequipa,Audiovisual,165,179,34815,62746,43587,19159,34,45,PM_PEREZ,SRV-NODE-7
ERP-04797,PROJ-7420,Arequipa,Project Mgmt,45,60,23760,45324,27380,17944,13,4,PM_MEZA,SRV-NODE-5
ERP-04798,PROJ-9525,Lima,Business Proc,121,135,51183,110636,57802,52834,4,3,PM_RIVAS,SRV-NODE-5
ERP-04799,PROJ-6480,Trujillo,Videoconference,111,114,48840,99142,59389,39753,32,56,PM_VEGA,SRV-NODE-1
ERP-04800,PROJ-3248,Cajamarca,Business Proc,48,56,10032,18976,12576,6400,35,7,PM_MEZA,SRV-NODE-9
ERP-04801,PROJ-3591,Cusco,Business Proc,165,193,40590,88703,47337,41366,19,21,PM_SOTO,SRV-NODE-6
ERP-04802,PROJ-2736,Trujillo,Audiovisual,147,166,64092,116472,73874,42598,21,23,PM_RIVAS,SRV-NODE-8
ERP-04803,PROJ-3192,Lima,Project Mgmt,80,101,24720,50208,30448,19760,26,13,PM_RIVAS,SRV-NODE-5
ERP-04804,PROJ-7472,Cusco,Project Mgmt,95,125,55765,98937,67902,31035,21,11,PM_VEGA,SRV-NODE-4
ERP-04805,PROJ-4219,Trujillo,Audiovisual,73,74,40442,65850,49185,16665,18,31,PM_RIVAS,SRV-NODE-3
ERP-04806,PROJ-7911,Trujillo,Videoconference,134,137,54538,96739,64895,31844,25,5,PM_VEGA,SRV-NODE-6
ERP-04807,PROJ-5654,Trujillo,Project Mgmt,118,155,56876,109004,78247,30757,16,24,PM_PEREZ,SRV-NODE-3
ERP-04808,PROJ-3355,Piura,Audiovisual,100,134,53200,95259,71848,23411,21,8,PM_MEZA,SRV-NODE-5
ERP-04809,PROJ-8815,Puno,Audiovisual,23,25,10051,20744,13230,7514,19,15,PM_PEREZ,SRV-NODE-3
ERP-04810,PROJ-6348,Huancayo,Videoconference,172,191,36292,63691,38200,25491,3,0,PM_VEGA,SRV-NODE-7
ERP-04811,PROJ-6270,Trujillo,Audiovisual,122,145,38430,67274,42966,24308,45,20,PM_MEZA,SRV-NODE-10
ERP-04812,PROJ-2597,Huancayo,Audiovisual,169,185,45292,94022,45521,48501,29,21,PM_RIVAS,SRV-NODE-5
ERP-04813,PROJ-8743,Cusco,Videoconference,161,185,51681,83130,56380,26750,8,13,PM_VEGA,SRV-NODE-2
ERP-04814,PROJ-3032,Huancayo,Audiovisual,135,161,77220,142161,85799,56362,35,53,PM_SOTO,SRV-NODE-4
ERP-04815,PROJ-2915,Trujillo,Project Mgmt,93,116,38595,78694,40479,38215,18,14,PM_MEZA,SRV-NODE-8
ERP-04816,PROJ-7155,Huancayo,Audiovisual,71,89,28684,52149,36621,15528,36,46,PM_PEREZ,SRV-NODE-10
ERP-04817,PROJ-8339,Tacna,Videoconference,127,158,53594,100408,67749,32659,35,53,PM_MEZA,SRV-NODE-10
ERP-04818,PROJ-1082,Iquitos,Videoconference,51,66,28662,50986,34034,16952,41,45,PM_SOTO,SRV-NODE-1
ERP-04819,PROJ-2420,Huancayo,Project Mgmt,25,31,11350,24522,13783,10739,50,74,PM_SOTO,SRV-NODE-5
ERP-04820,PROJ-6182,Arequipa,Audiovisual,38,44,14060,30020,15458,14562,37,22,PM_VEGA,SRV-NODE-5
ERP-04821,PROJ-6811,Cajamarca,Business Proc,97,123,25608,47754,34646,13108,4,2,PM_PEREZ,SRV-NODE-1
ERP-04822,PROJ-6847,Arequipa,Audiovisual,178,238,47526,87314,60000,27314,19,15,PM_RIVAS,SRV-NODE-8
ERP-04823,PROJ-8438,Tacna,Audiovisual,127,163,42672,76455,56945,19510,44,53,PM_MEZA,SRV-NODE-6
ERP-04824,PROJ-5566,Iquitos,Videoconference,153,181,37332,74873,37634,37239,14,21,PM_MEZA,SRV-NODE-8
ERP-04825,PROJ-2397,Iquitos,Audiovisual,48,59,10128,21191,12949,8242,22,35,PM_VEGA,SRV-NODE-2
ERP-04826,PROJ-5918,Cajamarca,Project Mgmt,126,139,46998,80911,65312,15599,22,19,PM_VEGA,SRV-NODE-4
ERP-04827,PROJ-1391,Lima,Business Proc,99,121,51579,101865,65187,36678,21,20,PM_SOTO,SRV-NODE-7
ERP-04828,PROJ-1373,Iquitos,Project Mgmt,154,159,58520,106036,72635,33401,33,22,PM_MEZA,SRV-NODE-3
ERP-04829,PROJ-1122,Trujillo,Videoconference,125,152,70625,119341,91993,27348,13,10,PM_VEGA,SRV-NODE-9
ERP-04830,PROJ-3073,Piura,Videoconference,36,44,9972,16201,12741,3460,35,54,PM_RIVAS,SRV-NODE-4
ERP-04831,PROJ-7193,Arequipa,Business Proc,154,174,64834,120650,72399,48251,15,3,PM_MEZA,SRV-NODE-9
ERP-04832,PROJ-9202,Cajamarca,Project Mgmt,112,137,50624,94603,57806,36797,12,15,PM_MEZA,SRV-NODE-5
ERP-04833,PROJ-7301,Cajamarca,Business Proc,180,208,57600,105379,66098,39281,13,19,PM_VEGA,SRV-NODE-9
ERP-04834,PROJ-2017,Tacna,Project Mgmt,62,81,26040,52695,33686,19009,9,10,PM_PEREZ,SRV-NODE-5
ERP-04835,PROJ-1028,Tacna,Videoconference,48,59,21936,45209,23197,22012,16,5,PM_VEGA,SRV-NODE-8
ERP-04836,PROJ-9039,Cusco,Audiovisual,70,92,16870,31568,22655,8913,26,4,PM_SOTO,SRV-NODE-6
ERP-04837,PROJ-3216,Cajamarca,Business Proc,80,83,27200,57534,29976,27558,21,29,PM_PEREZ,SRV-NODE-1
ERP-04838,PROJ-7769,Iquitos,Project Mgmt,134,165,49446,105592,65979,39613,38,31,PM_SOTO,SRV-NODE-6
ERP-04839,PROJ-9237,Arequipa,Videoconference,144,147,70416,153665,96880,56785,8,1,PM_RIVAS,SRV-NODE-7
ERP-04840,PROJ-2199,Cajamarca,Audiovisual,168,217,69048,136315,90530,45785,10,16,PM_RIVAS,SRV-NODE-10
ERP-04841,PROJ-2083,Huancayo,Videoconference,153,169,88587,151839,103102,48737,43,59,PM_VEGA,SRV-NODE-1
ERP-04842,PROJ-2140,Piura,Videoconference,168,183,62664,127307,87675,39632,48,67,PM_PEREZ,SRV-NODE-2
ERP-04843,PROJ-4499,Puno,Videoconference,177,195,95757,209081,108577,100504,18,27,PM_MEZA,SRV-NODE-1
ERP-04844,PROJ-9155,Iquitos,Audiovisual,58,72,28942,59693,38324,21369,28,48,PM_MEZA,SRV-NODE-6
ERP-04845,PROJ-5733,Puno,Audiovisual,132,155,73656,135649,94802,40847,5,6,PM_VEGA,SRV-NODE-8
ERP-04846,PROJ-1560,Cusco,Videoconference,116,149,41528,66476,51684,14792,42,30,PM_SOTO,SRV-NODE-8
ERP-04847,PROJ-5189,Lima,Business Proc,54,54,22464,49344,30097,19247,49,25,PM_MEZA,SRV-NODE-8
ERP-04848,PROJ-1719,Iquitos,Audiovisual,76,95,19532,37447,27017,10430,47,53,PM_VEGA,SRV-NODE-10
ERP-04849,PROJ-7126,Arequipa,Audiovisual,52,70,12740,25701,16565,9136,50,44,PM_RIVAS,SRV-NODE-4
ERP-04850,PROJ-2796,Cajamarca,Audiovisual,49,59,12348,23866,13508,10358,16,21,PM_SOTO,SRV-NODE-8
ERP-04851,PROJ-9174,Tacna,Videoconference,114,129,40242,75047,44376,30671,8,10,PM_RIVAS,SRV-NODE-8
ERP-04852,PROJ-8056,Puno,Business Proc,42,44,11970,22057,13036,9021,33,46,PM_VEGA,SRV-NODE-10
ERP-04853,PROJ-9105,Cajamarca,Audiovisual,62,78,25482,52058,29121,22937,13,17,PM_MEZA,SRV-NODE-10
ERP-04854,PROJ-8787,Puno,Business Proc,98,105,40474,81351,46551,34800,3,1,PM_MEZA,SRV-NODE-6
ERP-04855,PROJ-2590,Lima,Business Proc,101,111,49187,106134,51866,54268,44,48,PM_SOTO,SRV-NODE-3
ERP-04856,PROJ-7371,Lima,Business Proc,135,148,51300,111201,57747,53454,40,34,PM_MEZA,SRV-NODE-1
ERP-04857,PROJ-9123,Cusco,Business Proc,68,84,40392,68486,55613,12873,36,17,PM_VEGA,SRV-NODE-3
ERP-04858,PROJ-4679,Iquitos,Project Mgmt,64,68,29376,53624,34851,18773,45,72,PM_SOTO,SRV-NODE-9
ERP-04859,PROJ-1016,Piura,Project Mgmt,80,84,29840,60750,31543,29207,18,26,PM_VEGA,SRV-NODE-8
ERP-04860,PROJ-3934,Iquitos,Project Mgmt,58,64,32886,71057,41194,29863,26,16,PM_SOTO,SRV-NODE-7
ERP-04861,PROJ-9911,Trujillo,Business Proc,166,175,62748,103489,65786,37703,8,5,PM_VEGA,SRV-NODE-9
ERP-04862,PROJ-4845,Cusco,Project Mgmt,95,103,39710,79742,55131,24611,7,2,PM_PEREZ,SRV-NODE-5
ERP-04863,PROJ-6163,Puno,Business Proc,93,119,30318,53321,37645,15676,47,44,PM_VEGA,SRV-NODE-8
ERP-04864,PROJ-3551,Trujillo,Audiovisual,58,72,22910,37723,25017,12706,29,5,PM_MEZA,SRV-NODE-10
ERP-04865,PROJ-2365,Puno,Business Proc,118,120,69148,131161,95156,36005,46,81,PM_VEGA,SRV-NODE-1
ERP-04866,PROJ-8224,Trujillo,Project Mgmt,156,181,51324,108355,58535,49820,12,18,PM_PEREZ,SRV-NODE-7
ERP-04867,PROJ-4582,Puno,Audiovisual,174,227,36366,71563,42896,28667,39,27,PM_MEZA,SRV-NODE-8
ERP-04868,PROJ-2970,Puno,Audiovisual,87,101,47328,95295,63926,31369,46,16,PM_VEGA,SRV-NODE-7
ERP-04869,PROJ-3688,Tacna,Business Proc,121,143,60500,130934,79046,51888,9,10,PM_VEGA,SRV-NODE-4
ERP-04870,PROJ-2242,Puno,Audiovisual,140,167,63140,103816,72041,31775,5,5,PM_RIVAS,SRV-NODE-4
ERP-04871,PROJ-6108,Tacna,Project Mgmt,102,114,58956,108571,80762,27809,16,13,PM_PEREZ,SRV-NODE-8
ERP-04872,PROJ-8096,Tacna,Audiovisual,106,114,31694,55839,40530,15309,38,32,PM_RIVAS,SRV-NODE-3
ERP-04873,PROJ-7765,Arequipa,Business Proc,93,98,33387,60215,43400,16815,23,32,PM_VEGA,SRV-NODE-7
ERP-04874,PROJ-5557,Lima,Audiovisual,28,31,12544,20208,12970,7238,20,21,PM_SOTO,SRV-NODE-8
ERP-04875,PROJ-5934,Arequipa,Business Proc,78,99,23478,43179,23646,19533,10,16,PM_PEREZ,SRV-NODE-10
ERP-04876,PROJ-8324,Trujillo,Audiovisual,39,42,8385,16866,9438,7428,42,14,PM_RIVAS,SRV-NODE-9
ERP-04877,PROJ-9986,Huancayo,Business Proc,144,166,37008,59438,41409,18029,47,51,PM_PEREZ,SRV-NODE-5
ERP-04878,PROJ-2026,Puno,Business Proc,104,127,41184,84149,48297,35852,36,32,PM_MEZA,SRV-NODE-4
ERP-04879,PROJ-2266,Huancayo,Audiovisual,137,138,80008,154187,98008,56179,15,21,PM_SOTO,SRV-NODE-9
ERP-04880,PROJ-7347,Lima,Project Mgmt,158,174,46136,93281,52784,40497,47,54,PM_SOTO,SRV-NODE-8
ERP-04881,PROJ-3120,Piura,Project Mgmt,162,190,68202,135255,78872,56383,5,0,PM_MEZA,SRV-NODE-9
ERP-04882,PROJ-1290,Arequipa,Project Mgmt,84,108,39732,79325,50542,28783,43,35,PM_RIVAS,SRV-NODE-3
ERP-04883,PROJ-3008,Huancayo,Audiovisual,77,99,29106,50417,40069,10348,28,36,PM_MEZA,SRV-NODE-2
ERP-04884,PROJ-6296,Cusco,Business Proc,117,133,66573,108982,77570,31412,18,10,PM_RIVAS,SRV-NODE-6
ERP-04885,PROJ-7202,Huancayo,Videoconference,26,31,6162,10511,8198,2313,49,17,PM_MEZA,SRV-NODE-10
ERP-04886,PROJ-3729,Iquitos,Videoconference,114,124,58596,113791,79480,34311,39,9,PM_RIVAS,SRV-NODE-6
ERP-04887,PROJ-8548,Arequipa,Business Proc,37,43,8991,19193,12032,7161,47,40,PM_VEGA,SRV-NODE-2
ERP-04888,PROJ-5338,Cajamarca,Project Mgmt,150,166,53250,96336,71944,24392,12,6,PM_MEZA,SRV-NODE-2
ERP-04889,PROJ-9445,Puno,Videoconference,48,61,17904,33100,18822,14278,17,29,PM_PEREZ,SRV-NODE-9
ERP-04890,PROJ-4150,Arequipa,Project Mgmt,46,59,21942,46407,28147,18260,25,12,PM_RIVAS,SRV-NODE-8
ERP-04891,PROJ-8875,Arequipa,Business Proc,50,51,14950,25862,17186,8676,20,19,PM_RIVAS,SRV-NODE-2
ERP-04892,PROJ-5345,Puno,Project Mgmt,170,183,73780,128493,76113,52380,34,38,PM_VEGA,SRV-NODE-6
ERP-04893,PROJ-6463,Lima,Project Mgmt,61,77,32086,51965,42718,9247,46,80,PM_VEGA,SRV-NODE-5
ERP-04894,PROJ-5736,Cajamarca,Business Proc,128,137,63232,126159,80781,45378,19,8,PM_MEZA,SRV-NODE-7
ERP-04895,PROJ-6879,Cajamarca,Videoconference,60,70,22680,38842,25916,12926,37,48,PM_MEZA,SRV-NODE-5
ERP-04896,PROJ-8381,Cajamarca,Project Mgmt,153,153,33813,71898,38539,33359,40,30,PM_SOTO,SRV-NODE-2
ERP-04897,PROJ-7491,Cusco,Audiovisual,158,167,37920,62443,52017,10426,39,42,PM_SOTO,SRV-NODE-10
ERP-04898,PROJ-7194,Iquitos,Project Mgmt,77,80,35728,63941,39537,24404,32,25,PM_SOTO,SRV-NODE-3
ERP-04899,PROJ-1520,Piura,Audiovisual,118,140,39766,86132,45875,40257,47,51,PM_SOTO,SRV-NODE-7
ERP-04900,PROJ-1325,Trujillo,Videoconference,162,180,79218,159134,94882,64252,41,53,PM_VEGA,SRV-NODE-4
ERP-04901,PROJ-3271,Puno,Audiovisual,89,116,45390,84883,58028,26855,15,26,PM_MEZA,SRV-NODE-9
ERP-04902,PROJ-3949,Trujillo,Project Mgmt,105,133,31185,57744,37376,20368,29,10,PM_MEZA,SRV-NODE-3
ERP-04903,PROJ-9866,Puno,Business Proc,72,78,20160,33297,24043,9254,32,47,PM_PEREZ,SRV-NODE-10
ERP-04904,PROJ-2485,Puno,Business Proc,127,146,51435,89255,71598,17657,17,13,PM_SOTO,SRV-NODE-3
ERP-04905,PROJ-2985,Cusco,Videoconference,116,119,52200,89767,68586,21181,16,21,PM_SOTO,SRV-NODE-5
ERP-04906,PROJ-6262,Arequipa,Business Proc,32,39,19040,31428,23984,7444,50,31,PM_MEZA,SRV-NODE-10
ERP-04907,PROJ-6899,Cajamarca,Project Mgmt,71,75,14910,26022,20239,5783,9,11,PM_MEZA,SRV-NODE-1
ERP-04908,PROJ-7119,Cusco,Business Proc,134,158,31222,62987,33327,29660,34,40,PM_PEREZ,SRV-NODE-6
ERP-04909,PROJ-4011,Tacna,Project Mgmt,106,132,40704,84550,52270,32280,47,46,PM_MEZA,SRV-NODE-7
ERP-04910,PROJ-7691,Cajamarca,Business Proc,168,218,80136,134014,92518,41496,45,39,PM_RIVAS,SRV-NODE-8
ERP-04911,PROJ-3812,Lima,Project Mgmt,54,58,15876,31054,19269,11785,12,12,PM_SOTO,SRV-NODE-2
ERP-04912,PROJ-7699,Tacna,Audiovisual,136,157,43384,75066,60628,14438,26,32,PM_MEZA,SRV-NODE-4
ERP-04913,PROJ-6209,Lima,Videoconference,149,186,82844,156181,87517,68664,24,31,PM_MEZA,SRV-NODE-4
ERP-04914,PROJ-5164,Huancayo,Business Proc,175,203,46025,97595,58505,39090,39,51,PM_VEGA,SRV-NODE-3
ERP-04915,PROJ-1009,Arequipa,Business Proc,49,56,17444,29145,24313,4832,10,6,PM_RIVAS,SRV-NODE-5
ERP-04916,PROJ-2451,Huancayo,Audiovisual,91,105,33579,64715,46912,17803,7,2,PM_PEREZ,SRV-NODE-1
ERP-04917,PROJ-5127,Tacna,Project Mgmt,158,158,72522,153402,84153,69249,41,5,PM_VEGA,SRV-NODE-3
ERP-04918,PROJ-3503,Iquitos,Business Proc,92,114,31832,61158,36788,24370,6,5,PM_VEGA,SRV-NODE-1
ERP-04919,PROJ-2226,Puno,Audiovisual,127,143,66421,133087,74247,58840,21,35,PM_MEZA,SRV-NODE-7
ERP-04920,PROJ-6150,Huancayo,Business Proc,82,85,18204,39123,24704,14419,18,21,PM_MEZA,SRV-NODE-6
ERP-04921,PROJ-7459,Arequipa,Audiovisual,170,179,47260,95545,64325,31220,7,8,PM_RIVAS,SRV-NODE-7
ERP-04922,PROJ-6598,Trujillo,Business Proc,100,112,50600,106258,68870,37388,43,58,PM_SOTO,SRV-NODE-10
ERP-04923,PROJ-6390,Cajamarca,Business Proc,84,89,47796,94885,56914,37971,7,12,PM_VEGA,SRV-NODE-5
ERP-04924,PROJ-2073,Huancayo,Videoconference,140,143,46340,83810,54863,28947,46,13,PM_PEREZ,SRV-NODE-3
ERP-04925,PROJ-2678,Cusco,Project Mgmt,53,69,13568,28066,15530,12536,40,52,PM_RIVAS,SRV-NODE-8
ERP-04926,PROJ-7637,Iquitos,Videoconference,145,148,40745,77249,50952,26297,48,36,PM_RIVAS,SRV-NODE-1
ERP-04927,PROJ-1378,Trujillo,Business Proc,97,125,53544,116729,59891,56838,36,38,PM_PEREZ,SRV-NODE-6
ERP-04928,PROJ-6450,Piura,Business Proc,106,141,46958,82535,50434,32101,4,2,PM_SOTO,SRV-NODE-10
ERP-04929,PROJ-5322,Huancayo,Project Mgmt,67,67,38391,83015,51955,31060,38,55,PM_PEREZ,SRV-NODE-6
ERP-04930,PROJ-1553,Iquitos,Videoconference,21,23,5397,10805,6681,4124,50,30,PM_SOTO,SRV-NODE-5
ERP-04931,PROJ-2244,Cajamarca,Project Mgmt,180,194,91080,147340,111060,36280,39,38,PM_SOTO,SRV-NODE-4
ERP-04932,PROJ-8346,Piura,Business Proc,133,140,40033,80192,54025,26167,17,24,PM_VEGA,SRV-NODE-6
ERP-04933,PROJ-5212,Iquitos,Audiovisual,51,64,27795,55426,38211,17215,18,6,PM_MEZA,SRV-NODE-7
ERP-04934,PROJ-9670,Huancayo,Audiovisual,111,134,26196,54494,26420,28074,18,21,PM_PEREZ,SRV-NODE-8
ERP-04935,PROJ-3379,Tacna,Business Proc,142,147,82502,179835,104319,75516,17,4,PM_PEREZ,SRV-NODE-10
ERP-04936,PROJ-5127,Piura,Business Proc,156,183,78936,153197,85156,68041,14,5,PM_SOTO,SRV-NODE-5
ERP-04937,PROJ-6849,Cusco,Videoconference,145,191,65250,112230,76613,35617,30,46,PM_MEZA,SRV-NODE-6
ERP-04938,PROJ-1646,Puno,Videoconference,172,191,70004,150809,93603,57206,6,6,PM_VEGA,SRV-NODE-2
ERP-04939,PROJ-2136,Huancayo,Business Proc,75,88,20400,34728,24954,9774,20,13,PM_SOTO,SRV-NODE-10
ERP-04940,PROJ-5631,Tacna,Project Mgmt,130,162,61880,99625,83733,15892,32,30,PM_SOTO,SRV-NODE-8
ERP-04941,PROJ-4129,Lima,Project Mgmt,101,130,27977,58202,33578,24624,25,28,PM_SOTO,SRV-NODE-1
ERP-04942,PROJ-7137,Iquitos,Audiovisual,37,42,11211,21378,13773,7605,43,6,PM_SOTO,SRV-NODE-3
ERP-04943,PROJ-1774,Lima,Business Proc,142,151,65888,116368,90608,25760,37,62,PM_MEZA,SRV-NODE-6
ERP-04944,PROJ-4923,Piura,Videoconference,27,27,14337,29169,18387,10782,9,5,PM_MEZA,SRV-NODE-8
ERP-04945,PROJ-5847,Puno,Project Mgmt,64,81,16320,28882,18091,10791,30,4,PM_MEZA,SRV-NODE-10
ERP-04946,PROJ-9701,Piura,Audiovisual,71,95,25631,47872,30778,17094,11,2,PM_SOTO,SRV-NODE-6
ERP-04947,PROJ-9854,Cajamarca,Audiovisual,148,180,86284,174011,117145,56866,46,6,PM_RIVAS,SRV-NODE-5
ERP-04948,PROJ-6282,Lima,Project Mgmt,103,138,54178,118433,73431,45002,33,50,PM_RIVAS,SRV-NODE-7
ERP-04949,PROJ-5124,Tacna,Videoconference,131,131,71264,122622,87613,35009,24,31,PM_VEGA,SRV-NODE-8
ERP-04950,PROJ-9838,Arequipa,Audiovisual,62,64,13702,22573,18320,4253,21,11,PM_RIVAS,SRV-NODE-5
ERP-04951,PROJ-3013,Lima,Videoconference,161,172,73416,152507,96707,55800,38,9,PM_PEREZ,SRV-NODE-10
ERP-04952,PROJ-6337,Piura,Audiovisual,69,73,36432,61094,42412,18682,50,5,PM_SOTO,SRV-NODE-1
ERP-04953,PROJ-5801,Iquitos,Audiovisual,83,89,25398,41531,30100,11431,12,5,PM_RIVAS,SRV-NODE-4
ERP-04954,PROJ-2177,Cusco,Business Proc,125,159,66625,129877,73788,56089,35,32,PM_RIVAS,SRV-NODE-10
ERP-04955,PROJ-1635,Lima,Business Proc,149,197,60494,119230,72069,47161,42,63,PM_MEZA,SRV-NODE-7
ERP-04956,PROJ-4284,Trujillo,Project Mgmt,161,202,35098,58019,46853,11166,40,61,PM_VEGA,SRV-NODE-6
ERP-04957,PROJ-5249,Trujillo,Videoconference,161,191,62307,124644,76833,47811,43,68,PM_RIVAS,SRV-NODE-2
ERP-04958,PROJ-1848,Cajamarca,Project Mgmt,159,208,50721,84285,62783,21502,7,3,PM_SOTO,SRV-NODE-10
ERP-04959,PROJ-2502,Trujillo,Business Proc,89,111,21093,38670,21666,17004,8,6,PM_VEGA,SRV-NODE-6
ERP-04960,PROJ-6931,Trujillo,Audiovisual,180,185,50940,81832,62187,19645,32,25,PM_RIVAS,SRV-NODE-7
ERP-04961,PROJ-4635,Cajamarca,Videoconference,76,81,16112,34900,20175,14725,45,71,PM_RIVAS,SRV-NODE-8
ERP-04962,PROJ-8666,Trujillo,Project Mgmt,94,116,20022,36987,27432,9555,10,2,PM_RIVAS,SRV-NODE-2
ERP-04963,PROJ-5496,Cusco,Videoconference,110,112,42680,71182,56437,14745,5,7,PM_RIVAS,SRV-NODE-7
ERP-04964,PROJ-9953,Cajamarca,Audiovisual,83,84,19007,35098,23450,11648,39,12,PM_SOTO,SRV-NODE-7
ERP-04965,PROJ-5918,Trujillo,Videoconference,153,157,65943,138807,69303,69504,10,5,PM_RIVAS,SRV-NODE-10
ERP-04966,PROJ-3970,Piura,Business Proc,139,143,29607,56599,36041,20558,32,22,PM_VEGA,SRV-NODE-9
ERP-04967,PROJ-9267,Arequipa,Audiovisual,154,174,40502,70332,41502,28830,41,41,PM_PEREZ,SRV-NODE-8
ERP-04968,PROJ-4080,Cajamarca,Business Proc,164,212,37228,70497,39833,30664,27,43,PM_MEZA,SRV-NODE-3
ERP-04969,PROJ-8738,Cusco,Project Mgmt,118,123,38822,81324,53862,27462,31,55,PM_MEZA,SRV-NODE-6
ERP-04970,PROJ-5864,Puno,Audiovisual,88,88,37576,80241,48918,31323,12,19,PM_PEREZ,SRV-NODE-1
ERP-04971,PROJ-2843,Iquitos,Videoconference,23,30,4945,9082,5653,3429,40,56,PM_PEREZ,SRV-NODE-10
ERP-04972,PROJ-6791,Piura,Business Proc,111,118,29415,51511,35246,16265,17,23,PM_SOTO,SRV-NODE-4
ERP-04973,PROJ-2856,Iquitos,Videoconference,172,179,60716,128375,66856,61519,35,19,PM_MEZA,SRV-NODE-6
ERP-04974,PROJ-8968,Arequipa,Business Proc,34,38,9520,15986,12118,3868,27,27,PM_VEGA,SRV-NODE-7
ERP-04975,PROJ-7315,Lima,Videoconference,109,142,25288,53749,29289,24460,26,4,PM_RIVAS,SRV-NODE-3
ERP-04976,PROJ-3987,Tacna,Videoconference,37,41,15022,26616,20931,5685,47,81,PM_RIVAS,SRV-NODE-9
ERP-04977,PROJ-2429,Arequipa,Business Proc,159,213,83157,148821,94593,54228,12,5,PM_VEGA,SRV-NODE-6
ERP-04978,PROJ-3971,Arequipa,Project Mgmt,134,138,42612,83176,55606,27570,41,49,PM_PEREZ,SRV-NODE-6
ERP-04979,PROJ-8178,Cajamarca,Videoconference,146,149,48910,106483,57600,48883,20,15,PM_PEREZ,SRV-NODE-1
ERP-04980,PROJ-8023,Huancayo,Project Mgmt,122,128,54290,93985,74510,19475,37,35,PM_RIVAS,SRV-NODE-7
ERP-04981,PROJ-3703,Trujillo,Audiovisual,29,38,5974,11984,6266,5718,18,14,PM_PEREZ,SRV-NODE-8
ERP-04982,PROJ-2832,Tacna,Audiovisual,83,111,23987,39228,32212,7016,14,18,PM_SOTO,SRV-NODE-3
ERP-04983,PROJ-7629,Trujillo,Videoconference,165,213,95370,199210,121803,77407,18,17,PM_PEREZ,SRV-NODE-4
ERP-04984,PROJ-5771,Piura,Project Mgmt,177,219,36639,79097,48280,30817,3,2,PM_VEGA,SRV-NODE-2
ERP-04985,PROJ-5511,Huancayo,Audiovisual,44,56,10912,18480,13339,5141,7,1,PM_SOTO,SRV-NODE-1
ERP-04986,PROJ-4507,Iquitos,Audiovisual,104,116,48256,82189,62877,19312,4,5,PM_RIVAS,SRV-NODE-6
ERP-04987,PROJ-1048,Tacna,Audiovisual,92,121,32384,54937,42165,12772,14,19,PM_PEREZ,SRV-NODE-9
ERP-04988,PROJ-2498,Cajamarca,Business Proc,45,45,23535,46218,32336,13882,21,30,PM_SOTO,SRV-NODE-9
ERP-04989,PROJ-1319,Cajamarca,Business Proc,88,97,37576,71151,46113,25038,34,54,PM_VEGA,SRV-NODE-1
ERP-04990,PROJ-3399,Iquitos,Business Proc,36,45,16236,31614,18917,12697,22,31,PM_RIVAS,SRV-NODE-10
ERP-04991,PROJ-6531,Huancayo,Business Proc,128,128,38272,76483,48392,28091,15,24,PM_PEREZ,SRV-NODE-3
ERP-04992,PROJ-3260,Huancayo,Videoconference,112,120,32032,68226,33959,34267,24,32,PM_MEZA,SRV-NODE-6
ERP-04993,PROJ-1852,Puno,Business Proc,81,89,39528,63798,52190,11608,48,28,PM_RIVAS,SRV-NODE-3
ERP-04994,PROJ-1239,Cusco,Business Proc,166,193,97940,170407,115363,55044,7,7,PM_PEREZ,SRV-NODE-9
ERP-04995,PROJ-9603,Cajamarca,Business Proc,92,120,27324,54279,30437,23842,7,3,PM_VEGA,SRV-NODE-4
ERP-04996,PROJ-9615,Cusco,Project Mgmt,164,198,57564,123032,64514,58518,35,11,PM_PEREZ,SRV-NODE-1
ERP-04997,PROJ-8830,Tacna,Business Proc,27,35,14445,25873,19635,6238,42,61,PM_PEREZ,SRV-NODE-5
ERP-04998,PROJ-4019,Lima,Audiovisual,75,93,30600,62734,41415,21319,24,20,PM_MEZA,SRV-NODE-6
ERP-04999,PROJ-4465,Lima,Project Mgmt,87,93,18009,33391,25132,8259,35,9,PM_VEGA,SRV-NODE-6
ERP-05000,PROJ-8215,Lima,Audiovisual,165,176,35805,76118,39659,36459,36,14,PM_PEREZ,SRV-NODE-6
ERP-05001,PROJ-1184,Piura,Videoconference,32,38,8064,16462,8315,8147,21,18,PM_MEZA,SRV-NODE-7
ERP-05002,PROJ-9741,Piura,Videoconference,168,203,43680,95694,57357,38337,30,5,PM_PEREZ,SRV-NODE-6
ERP-05003,PROJ-4873,Cusco,Videoconference,132,148,42240,76362,42511,33851,38,44,PM_MEZA,SRV-NODE-9
ERP-05004,PROJ-8604,Lima,Audiovisual,112,117,25648,43405,32056,11349,46,72,PM_RIVAS,SRV-NODE-5
ERP-05005,PROJ-7519,Iquitos,Business Proc,147,154,30576,51501,38641,12860,20,2,PM_PEREZ,SRV-NODE-6
ERP-05006,PROJ-9658,Puno,Audiovisual,158,191,46768,92734,56487,36247,40,51,PM_SOTO,SRV-NODE-3
ERP-05007,PROJ-6750,Cajamarca,Audiovisual,71,81,42458,89174,56366,32808,14,23,PM_MEZA,SRV-NODE-1
ERP-05008,PROJ-5265,Puno,Audiovisual,100,113,32900,57602,40953,16649,5,5,PM_RIVAS,SRV-NODE-9
ERP-05009,PROJ-5099,Tacna,Audiovisual,166,207,43658,74006,45494,28512,25,2,PM_RIVAS,SRV-NODE-6
ERP-05010,PROJ-2227,Puno,Videoconference,57,74,13053,24917,16153,8764,34,19,PM_MEZA,SRV-NODE-5
ERP-05011,PROJ-1624,Cajamarca,Audiovisual,124,144,51088,110872,62990,47882,13,13,PM_VEGA,SRV-NODE-4
ERP-05012,PROJ-3637,Iquitos,Business Proc,97,125,41807,73496,42896,30600,45,58,PM_SOTO,SRV-NODE-5
ERP-05013,PROJ-5284,Trujillo,Business Proc,77,99,34342,70066,42872,27194,35,30,PM_VEGA,SRV-NODE-1
ERP-05014,PROJ-4933,Iquitos,Project Mgmt,104,104,24440,52076,30301,21775,17,30,PM_RIVAS,SRV-NODE-5
ERP-05015,PROJ-3261,Cajamarca,Project Mgmt,45,58,9855,19440,11446,7994,35,52,PM_SOTO,SRV-NODE-5
ERP-05016,PROJ-7862,Cusco,Videoconference,92,109,42688,76955,59514,17441,3,1,PM_MEZA,SRV-NODE-8
ERP-05017,PROJ-3041,Cajamarca,Business Proc,104,128,47424,79373,65524,13849,14,23,PM_SOTO,SRV-NODE-1
ERP-05018,PROJ-3099,Tacna,Audiovisual,99,102,36729,77528,39295,38233,43,46,PM_RIVAS,SRV-NODE-2
ERP-05019,PROJ-8075,Cusco,Audiovisual,63,63,35973,58027,40556,17471,24,8,PM_SOTO,SRV-NODE-3
ERP-05020,PROJ-4281,Arequipa,Videoconference,46,53,20976,36741,22262,14479,27,26,PM_VEGA,SRV-NODE-8
ERP-05021,PROJ-2703,Huancayo,Videoconference,150,159,71400,148168,91296,56872,18,16,PM_VEGA,SRV-NODE-7
ERP-05022,PROJ-3882,Cajamarca,Audiovisual,151,165,70819,128796,84451,44345,40,36,PM_MEZA,SRV-NODE-10
ERP-05023,PROJ-1761,Arequipa,Videoconference,177,194,54516,102162,59622,42540,34,7,PM_RIVAS,SRV-NODE-7
ERP-05024,PROJ-7456,Trujillo,Business Proc,81,108,25596,53832,27210,26622,11,2,PM_RIVAS,SRV-NODE-3
ERP-05025,PROJ-6404,Piura,Business Proc,98,103,20482,42758,24349,18409,33,3,PM_RIVAS,SRV-NODE-6
ERP-05026,PROJ-1722,Trujillo,Business Proc,144,157,60624,112153,84771,27382,32,20,PM_PEREZ,SRV-NODE-4
ERP-05027,PROJ-7296,Cusco,Videoconference,106,123,55756,93877,73517,20360,26,41,PM_PEREZ,SRV-NODE-7
ERP-05028,PROJ-1377,Iquitos,Business Proc,120,127,64200,125148,81691,43457,11,6,PM_VEGA,SRV-NODE-1
ERP-05029,PROJ-9660,Huancayo,Audiovisual,36,45,19512,33301,19776,13525,32,13,PM_VEGA,SRV-NODE-8
ERP-05030,PROJ-8832,Puno,Project Mgmt,156,156,87672,153796,98746,55050,22,26,PM_RIVAS,SRV-NODE-2
ERP-05031,PROJ-7687,Lima,Project Mgmt,60,66,25320,51897,28470,23427,18,13,PM_SOTO,SRV-NODE-6
ERP-05032,PROJ-8916,Iquitos,Audiovisual,26,28,8554,14429,10763,3666,10,13,PM_RIVAS,SRV-NODE-9
ERP-05033,PROJ-7710,Piura,Videoconference,172,206,49880,90944,57090,33854,7,7,PM_PEREZ,SRV-NODE-7
ERP-05034,PROJ-5517,Cajamarca,Project Mgmt,91,113,41405,88019,56738,31281,50,56,PM_MEZA,SRV-NODE-7
ERP-05035,PROJ-1526,Trujillo,Project Mgmt,42,47,13734,22160,16690,5470,26,25,PM_PEREZ,SRV-NODE-9
ERP-05036,PROJ-3580,Cusco,Audiovisual,159,183,76479,123618,86888,36730,9,6,PM_VEGA,SRV-NODE-2
ERP-05037,PROJ-9027,Cusco,Audiovisual,55,62,31350,55081,32682,22399,36,13,PM_MEZA,SRV-NODE-4
ERP-05038,PROJ-5184,Arequipa,Business Proc,123,140,48831,86616,50352,36264,23,40,PM_VEGA,SRV-NODE-4
ERP-05039,PROJ-1785,Piura,Business Proc,139,170,36279,76242,41859,34383,24,20,PM_SOTO,SRV-NODE-6
ERP-05040,PROJ-2933,Trujillo,Business Proc,58,72,15950,34077,20075,14002,8,1,PM_PEREZ,SRV-NODE-5
ERP-05041,PROJ-3183,Tacna,Videoconference,123,132,67773,147063,91029,56034,6,5,PM_RIVAS,SRV-NODE-6
ERP-05042,PROJ-4965,Lima,Videoconference,60,72,23580,42272,27463,14809,50,80,PM_VEGA,SRV-NODE-4
ERP-05043,PROJ-5058,Arequipa,Business Proc,59,72,13393,24874,18051,6823,13,10,PM_VEGA,SRV-NODE-2
ERP-05044,PROJ-8890,Huancayo,Project Mgmt,48,50,19056,32058,20598,11460,46,59,PM_PEREZ,SRV-NODE-9
ERP-05045,PROJ-6564,Cusco,Project Mgmt,80,92,45600,97876,59961,37915,41,49,PM_SOTO,SRV-NODE-2
ERP-05046,PROJ-3266,Puno,Business Proc,136,148,65824,135733,82718,53015,11,9,PM_VEGA,SRV-NODE-8
ERP-05047,PROJ-8321,Huancayo,Project Mgmt,40,52,17040,30560,23491,7069,40,9,PM_MEZA,SRV-NODE-10
ERP-05048,PROJ-9445,Arequipa,Business Proc,122,154,64050,132582,81912,50670,8,3,PM_MEZA,SRV-NODE-9
ERP-05049,PROJ-2078,Huancayo,Videoconference,161,167,94507,167678,129619,38059,15,23,PM_VEGA,SRV-NODE-7
ERP-05050,PROJ-5581,Lima,Business Proc,68,75,34204,74066,42873,31193,12,18,PM_MEZA,SRV-NODE-2
ERP-05051,PROJ-2229,Huancayo,Videoconference,91,120,36400,63144,41155,21989,34,47,PM_SOTO,SRV-NODE-6
ERP-05052,PROJ-7162,Cajamarca,Audiovisual,54,57,23760,51456,24906,26550,9,16,PM_PEREZ,SRV-NODE-1
ERP-05053,PROJ-8546,Piura,Audiovisual,46,61,9430,16563,11978,4585,45,59,PM_VEGA,SRV-NODE-6
ERP-05054,PROJ-7481,Piura,Videoconference,81,101,32157,68689,41691,26998,27,34,PM_PEREZ,SRV-NODE-7
ERP-05055,PROJ-1606,Lima,Audiovisual,41,44,15785,27886,20720,7166,28,21,PM_PEREZ,SRV-NODE-2
ERP-05056,PROJ-8301,Cajamarca,Videoconference,164,196,60024,125185,75919,49266,8,9,PM_MEZA,SRV-NODE-9
ERP-05057,PROJ-6790,Cusco,Project Mgmt,53,65,29998,65580,32393,33187,5,6,PM_MEZA,SRV-NODE-5
ERP-05058,PROJ-6505,Arequipa,Audiovisual,159,214,32913,64980,41185,23795,15,19,PM_MEZA,SRV-NODE-4
ERP-05059,PROJ-2315,Lima,Audiovisual,146,150,83074,175169,106002,69167,16,8,PM_VEGA,SRV-NODE-7
ERP-05060,PROJ-7518,Cajamarca,Business Proc,159,192,59148,129652,62069,67583,46,39,PM_RIVAS,SRV-NODE-9
ERP-05061,PROJ-4814,Cajamarca,Videoconference,96,129,38784,74628,47745,26883,45,19,PM_PEREZ,SRV-NODE-6
ERP-05062,PROJ-9580,Tacna,Project Mgmt,82,106,30832,65775,31614,34161,10,3,PM_SOTO,SRV-NODE-6
ERP-05063,PROJ-2395,Cusco,Project Mgmt,100,119,39400,66634,45529,21105,33,52,PM_RIVAS,SRV-NODE-9
ERP-05064,PROJ-5203,Arequipa,Project Mgmt,168,182,72240,128136,76931,51205,34,53,PM_VEGA,SRV-NODE-1
ERP-05065,PROJ-5080,Tacna,Business Proc,129,146,71595,119712,90332,29380,32,6,PM_VEGA,SRV-NODE-7
ERP-05066,PROJ-1046,Iquitos,Videoconference,174,182,83694,136890,104933,31957,25,8,PM_SOTO,SRV-NODE-5
ERP-05067,PROJ-3616,Puno,Audiovisual,49,65,20825,45527,25126,20401,13,4,PM_VEGA,SRV-NODE-4
ERP-05068,PROJ-8117,Tacna,Business Proc,159,189,62646,133649,79003,54646,41,9,PM_RIVAS,SRV-NODE-7
ERP-05069,PROJ-1284,Huancayo,Project Mgmt,109,128,55917,114657,69263,45394,25,25,PM_MEZA,SRV-NODE-9
ERP-05070,PROJ-7215,Puno,Project Mgmt,38,47,12882,25143,16462,8681,27,24,PM_VEGA,SRV-NODE-1
ERP-05071,PROJ-1337,Piura,Audiovisual,26,33,14638,31465,19768,11697,34,51,PM_RIVAS,SRV-NODE-7
ERP-05072,PROJ-1123,Arequipa,Audiovisual,66,75,31812,51441,43496,7945,17,2,PM_VEGA,SRV-NODE-3
ERP-05073,PROJ-6823,Puno,Audiovisual,97,108,38315,63933,46437,17496,34,28,PM_VEGA,SRV-NODE-2
ERP-05074,PROJ-8934,Piura,Project Mgmt,129,162,74562,150230,88842,61388,15,2,PM_MEZA,SRV-NODE-5
ERP-05075,PROJ-1686,Cajamarca,Videoconference,98,123,35378,72312,47017,25295,35,11,PM_PEREZ,SRV-NODE-10
ERP-05076,PROJ-2791,Cusco,Audiovisual,155,203,52080,95619,55238,40381,19,2,PM_SOTO,SRV-NODE-6
ERP-05077,PROJ-6644,Huancayo,Videoconference,73,78,41610,87902,47812,40090,14,15,PM_MEZA,SRV-NODE-7
ERP-05078,PROJ-5605,Trujillo,Videoconference,86,112,50396,88912,54713,34199,11,8,PM_SOTO,SRV-NODE-3
ERP-05079,PROJ-9878,Huancayo,Audiovisual,92,113,38272,79983,50319,29664,38,17,PM_RIVAS,SRV-NODE-4
ERP-05080,PROJ-5701,Cajamarca,Business Proc,120,132,70800,152571,91425,61146,31,50,PM_PEREZ,SRV-NODE-1
ERP-05081,PROJ-4825,Cajamarca,Audiovisual,156,207,59124,122197,65283,56914,49,43,PM_PEREZ,SRV-NODE-1
ERP-05082,PROJ-6152,Arequipa,Videoconference,89,111,49484,108578,50363,58215,32,39,PM_SOTO,SRV-NODE-6
ERP-05083,PROJ-8474,Arequipa,Audiovisual,102,124,32946,67802,33881,33921,4,6,PM_MEZA,SRV-NODE-8
ERP-05084,PROJ-1086,Cusco,Audiovisual,88,95,24112,42883,25393,17490,45,8,PM_PEREZ,SRV-NODE-7
ERP-05085,PROJ-4887,Trujillo,Business Proc,93,125,29667,49068,41090,7978,21,26,PM_MEZA,SRV-NODE-7
ERP-05086,PROJ-8514,Arequipa,Videoconference,77,80,22869,43288,23655,19633,20,2,PM_MEZA,SRV-NODE-10
ERP-05087,PROJ-5487,Puno,Project Mgmt,138,138,49818,94762,49919,44843,14,21,PM_MEZA,SRV-NODE-4
ERP-05088,PROJ-2330,Piura,Project Mgmt,75,87,38775,82903,53529,29374,12,9,PM_RIVAS,SRV-NODE-4
ERP-05089,PROJ-8335,Cusco,Project Mgmt,127,143,42164,80731,52807,27924,31,9,PM_VEGA,SRV-NODE-5
ERP-05090,PROJ-4287,Piura,Project Mgmt,111,112,50061,92500,67449,25051,34,37,PM_MEZA,SRV-NODE-10
ERP-05091,PROJ-8015,Cajamarca,Videoconference,22,28,6270,11804,8646,3158,10,10,PM_RIVAS,SRV-NODE-8
ERP-05092,PROJ-3644,Arequipa,Project Mgmt,98,132,32732,57979,33764,24215,20,29,PM_RIVAS,SRV-NODE-8
ERP-05093,PROJ-6106,Cajamarca,Business Proc,91,98,36946,72142,41390,30752,16,13,PM_VEGA,SRV-NODE-4
ERP-05094,PROJ-1426,Cusco,Project Mgmt,122,129,44408,92012,55553,36459,4,6,PM_SOTO,SRV-NODE-1
ERP-05095,PROJ-5158,Arequipa,Videoconference,100,121,35100,72936,37012,35924,34,27,PM_VEGA,SRV-NODE-2
ERP-05096,PROJ-1690,Tacna,Project Mgmt,127,169,62992,117827,77935,39892,44,40,PM_VEGA,SRV-NODE-7
ERP-05097,PROJ-2924,Puno,Videoconference,43,52,11438,19071,12238,6833,47,40,PM_VEGA,SRV-NODE-3
ERP-05098,PROJ-7891,Tacna,Business Proc,65,70,21775,37928,26714,11214,10,1,PM_RIVAS,SRV-NODE-6
ERP-05099,PROJ-5144,Cusco,Project Mgmt,38,44,10830,18201,11645,6556,23,25,PM_VEGA,SRV-NODE-10
ERP-05100,PROJ-4601,Lima,Videoconference,32,39,19104,39739,19483,20256,15,8,PM_VEGA,SRV-NODE-6
ERP-05101,PROJ-1782,Arequipa,Videoconference,81,81,36288,67402,43562,23840,40,52,PM_PEREZ,SRV-NODE-5
ERP-05102,PROJ-1924,Trujillo,Business Proc,170,225,41140,80262,43604,36658,17,15,PM_VEGA,SRV-NODE-6
ERP-05103,PROJ-7236,Tacna,Project Mgmt,95,105,32870,71539,45994,25545,22,16,PM_MEZA,SRV-NODE-3
ERP-05104,PROJ-7350,Arequipa,Videoconference,70,76,38430,74017,46906,27111,48,47,PM_SOTO,SRV-NODE-3
ERP-05105,PROJ-4812,Cajamarca,Business Proc,24,30,6648,10759,6814,3945,10,8,PM_RIVAS,SRV-NODE-1
ERP-05106,PROJ-3222,Cajamarca,Audiovisual,85,104,42245,78691,58559,20132,24,26,PM_PEREZ,SRV-NODE-8
ERP-05107,PROJ-9919,Iquitos,Business Proc,166,186,57602,92357,64110,28247,48,79,PM_RIVAS,SRV-NODE-5
ERP-05108,PROJ-7854,Huancayo,Videoconference,88,115,30448,64942,40027,24915,49,31,PM_RIVAS,SRV-NODE-6
ERP-05109,PROJ-3869,Iquitos,Videoconference,149,196,70328,127782,76289,51493,22,5,PM_RIVAS,SRV-NODE-3
ERP-05110,PROJ-1770,Huancayo,Business Proc,156,204,33696,57473,38738,18735,37,19,PM_MEZA,SRV-NODE-5
ERP-05111,PROJ-7839,Puno,Business Proc,41,44,16728,27621,20409,7212,36,37,PM_MEZA,SRV-NODE-5
ERP-05112,PROJ-2834,Puno,Videoconference,34,39,17918,36950,19947,17003,6,10,PM_SOTO,SRV-NODE-3
ERP-05113,PROJ-8448,Puno,Business Proc,158,170,32074,65074,44221,20853,49,7,PM_MEZA,SRV-NODE-6
ERP-05114,PROJ-8246,Puno,Videoconference,25,28,6725,12316,8496,3820,17,17,PM_VEGA,SRV-NODE-8
ERP-05115,PROJ-3467,Trujillo,Business Proc,109,118,52756,107743,72662,35081,7,1,PM_PEREZ,SRV-NODE-3
ERP-05116,PROJ-7752,Iquitos,Audiovisual,34,34,19652,32241,24435,7806,40,70,PM_SOTO,SRV-NODE-1
ERP-05117,PROJ-2183,Cajamarca,Audiovisual,101,105,39188,67080,54850,12230,25,27,PM_VEGA,SRV-NODE-3
ERP-05118,PROJ-5978,Cusco,Audiovisual,135,140,66150,118436,80960,37476,23,3,PM_VEGA,SRV-NODE-8
ERP-05119,PROJ-4836,Iquitos,Project Mgmt,167,215,73480,142068,86639,55429,17,10,PM_VEGA,SRV-NODE-4
ERP-05120,PROJ-6970,Huancayo,Project Mgmt,58,59,33292,70716,39404,31312,36,16,PM_MEZA,SRV-NODE-6
ERP-05121,PROJ-2958,Trujillo,Project Mgmt,111,112,58608,102066,74455,27611,17,23,PM_SOTO,SRV-NODE-3
ERP-05122,PROJ-6274,Puno,Audiovisual,31,36,17856,37025,22956,14069,44,54,PM_VEGA,SRV-NODE-6
ERP-05123,PROJ-2414,Arequipa,Audiovisual,65,77,38350,69876,48421,21455,3,5,PM_SOTO,SRV-NODE-8
ERP-05124,PROJ-7756,Huancayo,Audiovisual,175,190,83825,157991,116176,41815,23,5,PM_MEZA,SRV-NODE-5
ERP-05125,PROJ-4181,Tacna,Business Proc,143,143,65923,128343,88448,39895,27,3,PM_RIVAS,SRV-NODE-4
ERP-05126,PROJ-6986,Lima,Audiovisual,67,82,24388,49930,25119,24811,10,12,PM_RIVAS,SRV-NODE-10
ERP-05127,PROJ-4845,Iquitos,Videoconference,93,98,43710,80807,51708,29099,25,7,PM_RIVAS,SRV-NODE-7
ERP-05128,PROJ-9394,Cajamarca,Project Mgmt,180,182,50760,88169,62388,25781,43,32,PM_RIVAS,SRV-NODE-8
ERP-05129,PROJ-7001,Piura,Project Mgmt,29,39,8729,17655,12049,5606,20,27,PM_PEREZ,SRV-NODE-8
ERP-05130,PROJ-4892,Cusco,Business Proc,40,45,17160,30036,21806,8230,48,49,PM_VEGA,SRV-NODE-2
ERP-05131,PROJ-3112,Cajamarca,Audiovisual,34,35,15096,30266,19185,11081,7,8,PM_SOTO,SRV-NODE-1
ERP-05132,PROJ-7329,Trujillo,Videoconference,137,179,58225,98122,76124,21998,9,10,PM_PEREZ,SRV-NODE-3
ERP-05133,PROJ-9003,Arequipa,Videoconference,154,207,55902,113787,66375,47412,39,16,PM_SOTO,SRV-NODE-9
ERP-05134,PROJ-5851,Huancayo,Videoconference,131,163,66941,142203,76352,65851,34,44,PM_RIVAS,SRV-NODE-9
ERP-05135,PROJ-2370,Cajamarca,Business Proc,20,22,6340,12841,6999,5842,9,1,PM_SOTO,SRV-NODE-10
ERP-05136,PROJ-2675,Tacna,Audiovisual,165,221,49830,85133,66846,18287,6,10,PM_SOTO,SRV-NODE-1
ERP-05137,PROJ-6350,Puno,Videoconference,79,93,45188,73660,48051,25609,33,16,PM_MEZA,SRV-NODE-4
ERP-05138,PROJ-7151,Cajamarca,Business Proc,72,91,31896,61364,36588,24776,4,6,PM_PEREZ,SRV-NODE-5
ERP-05139,PROJ-7683,Huancayo,Business Proc,35,35,18550,33655,19353,14302,29,45,PM_RIVAS,SRV-NODE-3
ERP-05140,PROJ-5029,Cusco,Audiovisual,159,165,85542,163087,104323,58764,13,12,PM_RIVAS,SRV-NODE-9
ERP-05141,PROJ-4984,Iquitos,Business Proc,28,34,8820,17169,9535,7634,49,57,PM_VEGA,SRV-NODE-6
ERP-05142,PROJ-6821,Huancayo,Business Proc,171,187,83448,150528,90280,60248,32,26,PM_MEZA,SRV-NODE-8
ERP-05143,PROJ-7363,Cajamarca,Audiovisual,127,161,64262,118060,86633,31427,3,1,PM_SOTO,SRV-NODE-4
ERP-05144,PROJ-2753,Huancayo,Audiovisual,59,73,33689,70037,42055,27982,46,38,PM_MEZA,SRV-NODE-3
ERP-05145,PROJ-4605,Iquitos,Project Mgmt,49,52,12838,25921,15563,10358,36,13,PM_SOTO,SRV-NODE-3
ERP-05146,PROJ-3926,Huancayo,Project Mgmt,57,72,14934,24321,19699,4622,30,15,PM_PEREZ,SRV-NODE-7
ERP-05147,PROJ-7252,Cusco,Videoconference,67,76,14137,27857,15422,12435,30,6,PM_SOTO,SRV-NODE-7
ERP-05148,PROJ-3208,Cajamarca,Business Proc,112,141,22960,47220,24700,22520,5,3,PM_PEREZ,SRV-NODE-4
ERP-05149,PROJ-6514,Iquitos,Business Proc,133,179,41097,72236,56397,15839,13,19,PM_MEZA,SRV-NODE-1
ERP-05150,PROJ-8455,Iquitos,Business Proc,179,197,98808,217042,110271,106771,7,5,PM_VEGA,SRV-NODE-5
ERP-05151,PROJ-8992,Piura,Business Proc,97,119,31234,52096,36846,15250,37,12,PM_RIVAS,SRV-NODE-4
ERP-05152,PROJ-8716,Tacna,Audiovisual,103,136,23175,43824,30343,13481,13,8,PM_VEGA,SRV-NODE-7
ERP-05153,PROJ-8027,Piura,Project Mgmt,44,55,12540,22197,13178,9019,49,63,PM_MEZA,SRV-NODE-4
ERP-05154,PROJ-5306,Huancayo,Videoconference,97,102,51410,82367,71545,10822,44,46,PM_PEREZ,SRV-NODE-1
ERP-05155,PROJ-2137,Iquitos,Videoconference,45,50,19350,41860,21310,20550,47,80,PM_SOTO,SRV-NODE-3
ERP-05156,PROJ-3485,Cusco,Videoconference,149,192,54236,114397,54458,59939,30,39,PM_PEREZ,SRV-NODE-2
ERP-05157,PROJ-7713,Cajamarca,Business Proc,164,200,94792,174813,110556,64257,30,51,PM_RIVAS,SRV-NODE-2
ERP-05158,PROJ-9399,Cusco,Audiovisual,39,41,17394,33793,22674,11119,30,38,PM_PEREZ,SRV-NODE-8
ERP-05159,PROJ-7557,Iquitos,Videoconference,93,107,54405,113919,57283,56636,50,58,PM_SOTO,SRV-NODE-10
ERP-05160,PROJ-2346,Iquitos,Project Mgmt,142,163,53534,88424,67412,21012,46,80,PM_RIVAS,SRV-NODE-8
ERP-05161,PROJ-9190,Lima,Videoconference,71,72,25205,46368,27011,19357,41,68,PM_SOTO,SRV-NODE-10
ERP-05162,PROJ-1619,Huancayo,Business Proc,42,45,20412,41236,26084,15152,12,6,PM_SOTO,SRV-NODE-7
ERP-05163,PROJ-8631,Arequipa,Project Mgmt,79,84,24016,39871,32284,7587,43,56,PM_SOTO,SRV-NODE-8
ERP-05164,PROJ-2448,Cajamarca,Audiovisual,147,188,46452,78204,60918,17286,12,16,PM_VEGA,SRV-NODE-4
ERP-05165,PROJ-7368,Puno,Project Mgmt,122,142,70028,118801,79646,39155,40,26,PM_SOTO,SRV-NODE-6
ERP-05166,PROJ-1963,Cajamarca,Audiovisual,164,177,57728,121213,59502,61711,17,20,PM_SOTO,SRV-NODE-6
ERP-05167,PROJ-5329,Cajamarca,Videoconference,33,33,8415,17624,8591,9033,29,48,PM_RIVAS,SRV-NODE-4
ERP-05168,PROJ-4523,Piura,Business Proc,164,203,83968,177248,87789,89459,27,25,PM_RIVAS,SRV-NODE-10
ERP-05169,PROJ-8241,Tacna,Videoconference,150,174,66450,134980,68320,66660,29,18,PM_RIVAS,SRV-NODE-9
ERP-05170,PROJ-9146,Iquitos,Videoconference,175,177,59500,111849,69032,42817,45,19,PM_MEZA,SRV-NODE-8
ERP-05171,PROJ-9973,Lima,Videoconference,100,106,39300,83158,54777,28381,35,51,PM_VEGA,SRV-NODE-2
ERP-05172,PROJ-9817,Arequipa,Videoconference,57,57,19893,39270,21975,17295,14,5,PM_SOTO,SRV-NODE-2
ERP-05173,PROJ-8764,Huancayo,Audiovisual,134,172,56548,113676,67018,46658,8,6,PM_PEREZ,SRV-NODE-5
ERP-05174,PROJ-7363,Huancayo,Audiovisual,124,143,40920,83023,49691,33332,4,3,PM_SOTO,SRV-NODE-2
ERP-05175,PROJ-5219,Tacna,Audiovisual,173,189,102416,219041,131947,87094,19,6,PM_VEGA,SRV-NODE-7
ERP-05176,PROJ-3059,Iquitos,Audiovisual,90,100,34740,58836,47275,11561,3,3,PM_VEGA,SRV-NODE-2
ERP-05177,PROJ-4328,Cusco,Videoconference,176,215,51568,97503,67008,30495,26,18,PM_MEZA,SRV-NODE-9
ERP-05178,PROJ-7518,Arequipa,Project Mgmt,91,111,20839,37166,27634,9532,8,13,PM_MEZA,SRV-NODE-3
ERP-05179,PROJ-4826,Trujillo,Audiovisual,143,187,63635,128827,86098,42729,30,35,PM_PEREZ,SRV-NODE-6
ERP-05180,PROJ-8601,Piura,Business Proc,86,111,28552,48445,30472,17973,33,38,PM_SOTO,SRV-NODE-2
ERP-05181,PROJ-6291,Iquitos,Business Proc,55,63,20955,36673,26637,10036,29,5,PM_VEGA,SRV-NODE-5
ERP-05182,PROJ-2619,Cusco,Audiovisual,136,136,46376,90351,58879,31472,10,3,PM_PEREZ,SRV-NODE-2
ERP-05183,PROJ-1227,Lima,Project Mgmt,76,86,28576,46738,37532,9206,16,16,PM_PEREZ,SRV-NODE-2
ERP-05184,PROJ-6277,Arequipa,Videoconference,138,164,67482,123244,79523,43721,28,41,PM_PEREZ,SRV-NODE-6
ERP-05185,PROJ-4708,Cajamarca,Audiovisual,119,147,62594,117983,80215,37768,6,6,PM_RIVAS,SRV-NODE-4
ERP-05186,PROJ-9757,Iquitos,Business Proc,58,62,16704,35127,21021,14106,8,13,PM_RIVAS,SRV-NODE-3
ERP-05187,PROJ-8018,Cusco,Videoconference,138,169,49956,89436,68947,20489,33,38,PM_MEZA,SRV-NODE-6
ERP-05188,PROJ-7696,Iquitos,Videoconference,142,148,78384,165762,89212,76550,23,18,PM_SOTO,SRV-NODE-7
ERP-05189,PROJ-2040,Cusco,Videoconference,99,131,21384,41751,29332,12419,37,19,PM_PEREZ,SRV-NODE-5
ERP-05190,PROJ-2287,Iquitos,Project Mgmt,110,144,61160,127336,78709,48627,16,4,PM_PEREZ,SRV-NODE-10
ERP-05191,PROJ-9506,Tacna,Business Proc,144,169,59184,99295,70023,29272,21,13,PM_RIVAS,SRV-NODE-7
ERP-05192,PROJ-1848,Cajamarca,Videoconference,121,159,61831,120663,64655,56008,38,15,PM_VEGA,SRV-NODE-9
ERP-05193,PROJ-9392,Huancayo,Videoconference,41,53,23001,42880,32167,10713,30,27,PM_MEZA,SRV-NODE-5
ERP-05194,PROJ-6295,Trujillo,Videoconference,45,56,11655,24023,14630,9393,14,16,PM_VEGA,SRV-NODE-6
ERP-05195,PROJ-6739,Lima,Videoconference,157,182,58561,103407,80795,22612,33,28,PM_PEREZ,SRV-NODE-4
ERP-05196,PROJ-3732,Huancayo,Business Proc,180,186,67680,125795,74808,50987,10,10,PM_PEREZ,SRV-NODE-3
ERP-05197,PROJ-2897,Cajamarca,Project Mgmt,106,107,24062,51418,25812,25606,42,66,PM_RIVAS,SRV-NODE-5
ERP-05198,PROJ-1351,Arequipa,Videoconference,48,57,18720,37410,24798,12612,42,60,PM_SOTO,SRV-NODE-4
ERP-05199,PROJ-5057,Iquitos,Audiovisual,33,34,16698,35870,20696,15174,19,10,PM_PEREZ,SRV-NODE-8
ERP-05200,PROJ-8368,Cajamarca,Project Mgmt,100,127,37100,72937,49445,23492,28,27,PM_MEZA,SRV-NODE-1
ERP-05201,PROJ-2283,Cusco,Business Proc,60,60,27120,52353,32967,19386,8,9,PM_VEGA,SRV-NODE-3
ERP-05202,PROJ-6601,Puno,Business Proc,138,171,33948,55128,36160,18968,26,36,PM_PEREZ,SRV-NODE-8
ERP-05203,PROJ-1125,Trujillo,Audiovisual,61,77,29463,51802,33103,18699,25,21,PM_VEGA,SRV-NODE-5
ERP-05204,PROJ-5651,Cajamarca,Videoconference,168,193,60144,107839,79133,28706,39,28,PM_RIVAS,SRV-NODE-8
ERP-05205,PROJ-4614,Huancayo,Videoconference,70,74,32970,71002,43951,27051,12,13,PM_SOTO,SRV-NODE-9
ERP-05206,PROJ-7521,Piura,Project Mgmt,58,73,22504,47597,25967,21630,40,25,PM_MEZA,SRV-NODE-2
ERP-05207,PROJ-4268,Trujillo,Business Proc,52,66,14092,26057,17605,8452,10,6,PM_MEZA,SRV-NODE-6
ERP-05208,PROJ-3312,Huancayo,Business Proc,108,114,61776,120550,72518,48032,4,6,PM_VEGA,SRV-NODE-1
ERP-05209,PROJ-1334,Arequipa,Project Mgmt,46,46,17848,33714,22721,10993,8,12,PM_RIVAS,SRV-NODE-10
ERP-05210,PROJ-7624,Cajamarca,Audiovisual,167,187,76319,125290,103264,22026,13,15,PM_MEZA,SRV-NODE-9
ERP-05211,PROJ-1215,Tacna,Audiovisual,176,214,41712,68946,42791,26155,28,16,PM_RIVAS,SRV-NODE-5
ERP-05212,PROJ-5567,Huancayo,Audiovisual,96,98,45504,76667,53891,22776,18,30,PM_MEZA,SRV-NODE-5
ERP-05213,PROJ-1483,Trujillo,Project Mgmt,22,25,6908,14804,9434,5370,46,17,PM_VEGA,SRV-NODE-5
ERP-05214,PROJ-9726,Iquitos,Project Mgmt,48,52,15936,34206,21568,12638,18,26,PM_SOTO,SRV-NODE-1
ERP-05215,PROJ-7793,Trujillo,Project Mgmt,176,227,100672,171112,111378,59734,16,19,PM_RIVAS,SRV-NODE-8
ERP-05216,PROJ-4191,Huancayo,Videoconference,65,66,20345,36898,20574,16324,40,48,PM_MEZA,SRV-NODE-8
ERP-05217,PROJ-1754,Piura,Videoconference,56,73,11424,22685,13639,9046,49,24,PM_VEGA,SRV-NODE-8
ERP-05218,PROJ-4864,Iquitos,Audiovisual,77,77,25872,42321,30860,11461,24,7,PM_VEGA,SRV-NODE-3
ERP-05219,PROJ-1803,Puno,Audiovisual,55,58,19745,36088,26996,9092,33,5,PM_SOTO,SRV-NODE-9
ERP-05220,PROJ-6270,Arequipa,Project Mgmt,81,84,31428,59096,40072,19024,36,47,PM_MEZA,SRV-NODE-8
ERP-05221,PROJ-9450,Puno,Audiovisual,35,36,13405,24874,13637,11237,5,4,PM_PEREZ,SRV-NODE-7
ERP-05222,PROJ-3485,Tacna,Videoconference,64,84,14592,29371,19296,10075,39,12,PM_SOTO,SRV-NODE-10
ERP-05223,PROJ-1349,Arequipa,Business Proc,104,113,55744,97177,61913,35264,46,16,PM_SOTO,SRV-NODE-5
ERP-05224,PROJ-5373,Trujillo,Project Mgmt,120,149,39960,87851,41207,46644,12,20,PM_RIVAS,SRV-NODE-4
ERP-05225,PROJ-5052,Arequipa,Business Proc,97,114,41516,85344,54161,31183,17,19,PM_RIVAS,SRV-NODE-8
ERP-05226,PROJ-3913,Huancayo,Project Mgmt,127,165,35052,59179,37107,22072,50,71,PM_MEZA,SRV-NODE-8
ERP-05227,PROJ-4559,Trujillo,Project Mgmt,21,22,5061,8271,6174,2097,3,5,PM_RIVAS,SRV-NODE-8
ERP-05228,PROJ-1772,Arequipa,Business Proc,55,62,29315,47801,32149,15652,32,26,PM_SOTO,SRV-NODE-8
ERP-05229,PROJ-5823,Iquitos,Project Mgmt,171,216,48393,100093,55104,44989,44,45,PM_SOTO,SRV-NODE-10
ERP-05230,PROJ-6356,Arequipa,Videoconference,89,104,30438,60260,40444,19816,8,2,PM_PEREZ,SRV-NODE-10
ERP-05231,PROJ-8375,Puno,Business Proc,148,165,85840,183712,104914,78798,34,34,PM_SOTO,SRV-NODE-4
ERP-05232,PROJ-8520,Iquitos,Videoconference,25,25,14725,24173,19615,4558,28,35,PM_VEGA,SRV-NODE-7
ERP-05233,PROJ-4408,Huancayo,Business Proc,101,102,59893,121029,78413,42616,40,12,PM_PEREZ,SRV-NODE-2
ERP-05234,PROJ-6295,Arequipa,Business Proc,59,69,26786,53917,28277,25640,38,17,PM_VEGA,SRV-NODE-2
ERP-05235,PROJ-7063,Cusco,Videoconference,64,64,13696,29134,17632,11502,33,10,PM_MEZA,SRV-NODE-3
ERP-05236,PROJ-5772,Tacna,Videoconference,141,161,76140,133756,83207,50549,40,60,PM_MEZA,SRV-NODE-9
ERP-05237,PROJ-9415,Tacna,Business Proc,65,73,24765,49526,29775,19751,11,12,PM_VEGA,SRV-NODE-3
ERP-05238,PROJ-3582,Trujillo,Videoconference,69,76,24150,42428,27773,14655,38,22,PM_RIVAS,SRV-NODE-6
ERP-05239,PROJ-9109,Lima,Videoconference,52,61,28496,55116,39079,16037,30,30,PM_VEGA,SRV-NODE-5
ERP-05240,PROJ-6507,Trujillo,Audiovisual,66,67,36168,63191,44034,19157,48,42,PM_SOTO,SRV-NODE-8
ERP-05241,PROJ-4544,Cusco,Business Proc,26,33,12428,21163,16962,4201,45,61,PM_RIVAS,SRV-NODE-10
ERP-05242,PROJ-5231,Piura,Audiovisual,140,182,77280,128637,101699,26938,50,74,PM_VEGA,SRV-NODE-5
ERP-05243,PROJ-5562,Trujillo,Business Proc,35,45,16660,29491,18419,11072,12,2,PM_MEZA,SRV-NODE-3
ERP-05244,PROJ-9526,Cusco,Videoconference,88,88,44088,87631,61538,26093,40,42,PM_MEZA,SRV-NODE-9
ERP-05245,PROJ-5796,Cusco,Videoconference,52,52,12792,24920,15431,9489,17,26,PM_RIVAS,SRV-NODE-2
ERP-05246,PROJ-6998,Trujillo,Project Mgmt,120,153,30720,62633,32968,29665,37,24,PM_RIVAS,SRV-NODE-10
ERP-05247,PROJ-5123,Cajamarca,Business Proc,107,113,46866,78488,53953,24535,18,7,PM_RIVAS,SRV-NODE-2
ERP-05248,PROJ-9579,Cajamarca,Audiovisual,20,24,9800,16210,9973,6237,46,31,PM_PEREZ,SRV-NODE-1
ERP-05249,PROJ-2105,Arequipa,Business Proc,22,27,10846,18734,13437,5297,50,40,PM_VEGA,SRV-NODE-9
ERP-05250,PROJ-3310,Trujillo,Videoconference,69,69,31809,62735,37735,25000,32,30,PM_VEGA,SRV-NODE-4
ERP-05251,PROJ-5544,Trujillo,Business Proc,147,194,57036,109760,77809,31951,8,12,PM_RIVAS,SRV-NODE-10
ERP-05252,PROJ-6588,Cajamarca,Project Mgmt,29,38,17371,29150,18510,10640,8,13,PM_PEREZ,SRV-NODE-5
ERP-05253,PROJ-7533,Cajamarca,Audiovisual,97,110,29100,58353,38836,19517,9,2,PM_PEREZ,SRV-NODE-10
ERP-05254,PROJ-1122,Trujillo,Audiovisual,31,41,10509,20839,12550,8289,21,37,PM_PEREZ,SRV-NODE-6
ERP-05255,PROJ-1491,Arequipa,Project Mgmt,140,164,56140,108717,57706,51011,47,72,PM_PEREZ,SRV-NODE-10
ERP-05256,PROJ-5053,Tacna,Videoconference,148,191,59940,114604,78693,35911,38,29,PM_VEGA,SRV-NODE-8
ERP-05257,PROJ-1897,Iquitos,Project Mgmt,52,69,18252,32368,21889,10479,9,11,PM_SOTO,SRV-NODE-1
ERP-05258,PROJ-7931,Arequipa,Videoconference,108,144,48600,83171,66222,16949,34,21,PM_RIVAS,SRV-NODE-9
ERP-05259,PROJ-1516,Trujillo,Business Proc,163,181,59984,126577,81783,44794,14,11,PM_SOTO,SRV-NODE-5
ERP-05260,PROJ-2955,Piura,Project Mgmt,150,159,58950,112544,74717,37827,34,48,PM_SOTO,SRV-NODE-10
ERP-05261,PROJ-8495,Puno,Project Mgmt,23,24,11408,20020,13558,6462,25,11,PM_SOTO,SRV-NODE-8
ERP-05262,PROJ-4882,Arequipa,Audiovisual,127,151,44704,91492,54009,37483,34,31,PM_RIVAS,SRV-NODE-7
ERP-05263,PROJ-4014,Iquitos,Project Mgmt,46,50,14306,25016,15279,9737,43,15,PM_RIVAS,SRV-NODE-6
ERP-05264,PROJ-2706,Huancayo,Project Mgmt,120,143,36000,78943,49741,29202,12,7,PM_RIVAS,SRV-NODE-7
ERP-05265,PROJ-1983,Tacna,Project Mgmt,132,141,32736,57440,40285,17155,13,22,PM_MEZA,SRV-NODE-6
ERP-05266,PROJ-9500,Puno,Audiovisual,143,187,73788,146641,85148,61493,34,33,PM_SOTO,SRV-NODE-9
ERP-05267,PROJ-3686,Iquitos,Business Proc,43,53,22790,41102,27688,13414,35,49,PM_RIVAS,SRV-NODE-8
ERP-05268,PROJ-9018,Puno,Project Mgmt,173,215,102416,178762,105078,73684,6,5,PM_PEREZ,SRV-NODE-3
ERP-05269,PROJ-4597,Tacna,Audiovisual,119,145,41055,78955,53010,25945,20,16,PM_MEZA,SRV-NODE-2
ERP-05270,PROJ-7122,Lima,Business Proc,168,180,44016,80930,45791,35139,18,28,PM_SOTO,SRV-NODE-5
ERP-05271,PROJ-3080,Iquitos,Audiovisual,109,120,45780,83677,49173,34504,18,11,PM_SOTO,SRV-NODE-2
ERP-05272,PROJ-6132,Cajamarca,Audiovisual,115,148,58420,124646,75403,49243,27,20,PM_VEGA,SRV-NODE-7
ERP-05273,PROJ-6710,Iquitos,Audiovisual,151,189,50585,84015,54875,29140,43,5,PM_SOTO,SRV-NODE-3
ERP-05274,PROJ-3945,Cajamarca,Videoconference,94,117,53110,94525,64889,29636,33,32,PM_VEGA,SRV-NODE-7
ERP-05275,PROJ-2194,Cajamarca,Business Proc,126,149,55818,114550,77262,37288,15,20,PM_PEREZ,SRV-NODE-8
ERP-05276,PROJ-8375,Iquitos,Business Proc,156,197,50076,105637,58142,47495,44,21,PM_RIVAS,SRV-NODE-6
ERP-05277,PROJ-5195,Cusco,Videoconference,110,137,56430,109325,62200,47125,21,35,PM_PEREZ,SRV-NODE-3
ERP-05278,PROJ-3880,Puno,Project Mgmt,24,31,13488,29453,16883,12570,13,13,PM_VEGA,SRV-NODE-7
ERP-05279,PROJ-3651,Iquitos,Videoconference,33,36,12045,25587,13046,12541,17,23,PM_SOTO,SRV-NODE-3
ERP-05280,PROJ-1757,Trujillo,Project Mgmt,43,53,24037,51740,33178,18562,30,5,PM_VEGA,SRV-NODE-8
ERP-05281,PROJ-8985,Trujillo,Videoconference,159,208,82203,156241,107578,48663,36,64,PM_PEREZ,SRV-NODE-10
ERP-05282,PROJ-8596,Tacna,Project Mgmt,153,190,64413,134830,69751,65079,6,9,PM_MEZA,SRV-NODE-9
ERP-05283,PROJ-4790,Puno,Videoconference,23,27,13800,25377,15498,9879,24,11,PM_SOTO,SRV-NODE-6
ERP-05284,PROJ-4230,Cusco,Project Mgmt,133,163,65835,110043,81813,28230,50,17,PM_MEZA,SRV-NODE-5
ERP-05285,PROJ-7746,Cusco,Business Proc,22,25,11968,24139,16608,7531,32,45,PM_RIVAS,SRV-NODE-10
ERP-05286,PROJ-7713,Trujillo,Business Proc,155,174,70990,127012,97612,29400,38,54,PM_MEZA,SRV-NODE-6
ERP-05287,PROJ-2118,Cusco,Audiovisual,130,130,67860,121050,68948,52102,38,60,PM_RIVAS,SRV-NODE-4
ERP-05288,PROJ-8583,Arequipa,Videoconference,152,202,74480,160778,92696,68082,49,55,PM_RIVAS,SRV-NODE-8
ERP-05289,PROJ-7554,Huancayo,Project Mgmt,117,135,36855,73331,46356,26975,28,30,PM_VEGA,SRV-NODE-4
ERP-05290,PROJ-7236,Arequipa,Project Mgmt,48,61,26016,51932,35330,16602,32,24,PM_PEREZ,SRV-NODE-1
ERP-05291,PROJ-2042,Iquitos,Videoconference,84,112,19572,42109,27126,14983,48,11,PM_MEZA,SRV-NODE-4
ERP-05292,PROJ-4505,Iquitos,Business Proc,100,131,50400,82825,53215,29610,29,12,PM_PEREZ,SRV-NODE-10
ERP-05293,PROJ-6054,Trujillo,Project Mgmt,146,183,34164,57957,44891,13066,13,2,PM_SOTO,SRV-NODE-1
ERP-05294,PROJ-8795,Trujillo,Business Proc,153,157,69462,123685,84430,39255,22,25,PM_SOTO,SRV-NODE-2
ERP-05295,PROJ-4973,Puno,Project Mgmt,100,106,36000,57843,42783,15060,8,5,PM_PEREZ,SRV-NODE-2
ERP-05296,PROJ-5225,Lima,Audiovisual,157,179,73319,154083,90858,63225,49,65,PM_RIVAS,SRV-NODE-7
ERP-05297,PROJ-3939,Arequipa,Audiovisual,40,42,14080,30385,17233,13152,45,72,PM_VEGA,SRV-NODE-8
ERP-05298,PROJ-1433,Lima,Videoconference,86,92,41022,87516,41095,46421,31,25,PM_VEGA,SRV-NODE-5
ERP-05299,PROJ-4535,Trujillo,Videoconference,162,191,57348,124594,73952,50642,20,10,PM_PEREZ,SRV-NODE-10
ERP-05300,PROJ-8531,Iquitos,Project Mgmt,101,126,53833,92728,57842,34886,23,6,PM_RIVAS,SRV-NODE-6
ERP-05301,PROJ-5732,Cusco,Audiovisual,162,185,77598,146760,94984,51776,41,26,PM_RIVAS,SRV-NODE-8
ERP-05302,PROJ-8447,Arequipa,Videoconference,137,169,52745,103631,64670,38961,19,10,PM_PEREZ,SRV-NODE-3
ERP-05303,PROJ-1058,Cusco,Business Proc,179,202,67841,125413,81212,44201,20,22,PM_VEGA,SRV-NODE-3
ERP-05304,PROJ-4335,Tacna,Project Mgmt,149,181,67944,125766,84750,41016,36,55,PM_RIVAS,SRV-NODE-2
ERP-05305,PROJ-2740,Trujillo,Business Proc,129,170,47085,88449,51983,36466,50,35,PM_RIVAS,SRV-NODE-2
ERP-05306,PROJ-9560,Arequipa,Videoconference,162,210,44874,78355,59564,18791,41,50,PM_VEGA,SRV-NODE-4
ERP-05307,PROJ-9506,Iquitos,Project Mgmt,88,112,20768,37798,21082,16716,46,63,PM_MEZA,SRV-NODE-6
ERP-05308,PROJ-5136,Piura,Audiovisual,37,39,10434,22377,12012,10365,6,0,PM_RIVAS,SRV-NODE-1
ERP-05309,PROJ-7908,Tacna,Audiovisual,48,59,13008,25547,16434,9113,48,41,PM_SOTO,SRV-NODE-7
ERP-05310,PROJ-1508,Arequipa,Business Proc,176,177,82192,159647,105677,53970,20,26,PM_SOTO,SRV-NODE-1
ERP-05311,PROJ-1353,Tacna,Videoconference,92,119,38088,77838,42199,35639,40,9,PM_MEZA,SRV-NODE-5
ERP-05312,PROJ-1234,Iquitos,Business Proc,164,219,62320,129733,69729,60004,19,23,PM_MEZA,SRV-NODE-7
ERP-05313,PROJ-9624,Tacna,Business Proc,84,106,22008,47774,23179,24595,42,37,PM_PEREZ,SRV-NODE-7
ERP-05314,PROJ-5023,Puno,Videoconference,31,31,12245,20381,15687,4694,7,12,PM_MEZA,SRV-NODE-7
ERP-05315,PROJ-1841,Tacna,Audiovisual,47,61,25521,48264,28265,19999,27,14,PM_SOTO,SRV-NODE-9
ERP-05316,PROJ-5482,Cusco,Project Mgmt,147,165,51891,94625,56912,37713,17,15,PM_SOTO,SRV-NODE-1
ERP-05317,PROJ-3597,Piura,Project Mgmt,149,185,40379,65292,42969,22323,19,7,PM_RIVAS,SRV-NODE-1
ERP-05318,PROJ-3814,Cusco,Business Proc,50,52,16700,32148,19603,12545,32,15,PM_PEREZ,SRV-NODE-7
ERP-05319,PROJ-9744,Tacna,Project Mgmt,166,198,67562,111668,90778,20890,22,18,PM_PEREZ,SRV-NODE-10
ERP-05320,PROJ-8938,Cajamarca,Project Mgmt,69,79,30912,65366,42456,22910,38,47,PM_MEZA,SRV-NODE-8
ERP-05321,PROJ-9051,Arequipa,Audiovisual,111,137,56388,93559,70564,22995,17,6,PM_MEZA,SRV-NODE-7
ERP-05322,PROJ-3269,Tacna,Project Mgmt,66,71,24618,49993,28855,21138,31,22,PM_SOTO,SRV-NODE-1
ERP-05323,PROJ-2918,Piura,Business Proc,117,131,61659,111763,63648,48115,39,24,PM_VEGA,SRV-NODE-9
ERP-05324,PROJ-7363,Huancayo,Project Mgmt,81,107,32157,58270,41165,17105,37,65,PM_VEGA,SRV-NODE-7
ERP-05325,PROJ-1031,Lima,Project Mgmt,85,106,29155,57917,35030,22887,26,27,PM_MEZA,SRV-NODE-8
ERP-05326,PROJ-7154,Piura,Videoconference,124,128,26660,53270,28276,24994,14,24,PM_MEZA,SRV-NODE-6
ERP-05327,PROJ-3796,Cusco,Business Proc,97,104,44911,83123,47642,35481,23,4,PM_VEGA,SRV-NODE-4
ERP-05328,PROJ-9861,Trujillo,Audiovisual,140,167,47320,103007,65467,37540,4,4,PM_RIVAS,SRV-NODE-2
ERP-05329,PROJ-8867,Piura,Business Proc,64,70,31232,62502,42381,20121,26,35,PM_RIVAS,SRV-NODE-5
ERP-05330,PROJ-6003,Huancayo,Business Proc,167,198,38744,71496,47028,24468,18,22,PM_VEGA,SRV-NODE-7
ERP-05331,PROJ-9873,Cajamarca,Audiovisual,32,36,11680,20613,12514,8099,35,18,PM_PEREZ,SRV-NODE-5
ERP-05332,PROJ-9384,Huancayo,Business Proc,28,29,5880,11439,6490,4949,41,59,PM_MEZA,SRV-NODE-9
ERP-05333,PROJ-2649,Lima,Videoconference,47,59,27260,44135,29852,14283,50,71,PM_VEGA,SRV-NODE-2
ERP-05334,PROJ-1572,Cusco,Videoconference,95,122,35815,70027,48690,21337,6,9,PM_MEZA,SRV-NODE-10
ERP-05335,PROJ-7969,Arequipa,Project Mgmt,20,21,5520,11996,7135,4861,34,13,PM_PEREZ,SRV-NODE-5
ERP-05336,PROJ-4747,Lima,Project Mgmt,120,161,40200,83472,54090,29382,38,13,PM_PEREZ,SRV-NODE-8
ERP-05337,PROJ-6360,Piura,Project Mgmt,164,191,49364,104925,66958,37967,31,7,PM_RIVAS,SRV-NODE-3
ERP-05338,PROJ-4951,Huancayo,Project Mgmt,104,106,39000,73093,49095,23998,37,65,PM_VEGA,SRV-NODE-1
ERP-05339,PROJ-6249,Lima,Videoconference,94,125,21244,36722,27924,8798,37,35,PM_RIVAS,SRV-NODE-10
ERP-05340,PROJ-5339,Iquitos,Project Mgmt,95,119,22895,49427,30195,19232,14,23,PM_MEZA,SRV-NODE-3
ERP-05341,PROJ-7749,Cusco,Audiovisual,147,183,74382,162937,90582,72355,37,41,PM_PEREZ,SRV-NODE-7
ERP-05342,PROJ-3604,Tacna,Audiovisual,61,69,12932,27760,13665,14095,8,1,PM_RIVAS,SRV-NODE-4
ERP-05343,PROJ-4483,Puno,Business Proc,101,102,37168,79318,46688,32630,40,12,PM_VEGA,SRV-NODE-7
ERP-05344,PROJ-9051,Huancayo,Business Proc,68,78,32368,64208,39196,25012,28,27,PM_RIVAS,SRV-NODE-8
ERP-05345,PROJ-9758,Cusco,Audiovisual,168,211,58128,117670,67875,49795,17,29,PM_RIVAS,SRV-NODE-1
ERP-05346,PROJ-2534,Piura,Project Mgmt,123,128,46863,101205,57713,43492,19,14,PM_PEREZ,SRV-NODE-6
ERP-05347,PROJ-6359,Tacna,Project Mgmt,67,70,38793,76088,49304,26784,34,23,PM_PEREZ,SRV-NODE-6
ERP-05348,PROJ-2264,Piura,Audiovisual,96,126,37152,77219,43833,33386,39,11,PM_PEREZ,SRV-NODE-2
ERP-05349,PROJ-1567,Cusco,Videoconference,151,180,80785,144643,98615,46028,14,14,PM_PEREZ,SRV-NODE-4
ERP-05350,PROJ-8859,Iquitos,Audiovisual,67,72,26934,56730,29791,26939,35,45,PM_VEGA,SRV-NODE-6
ERP-05351,PROJ-7199,Puno,Videoconference,56,63,17136,34915,22350,12565,12,10,PM_VEGA,SRV-NODE-5
ERP-05352,PROJ-3466,Arequipa,Business Proc,146,159,30660,59441,31210,28231,27,38,PM_SOTO,SRV-NODE-7
ERP-05353,PROJ-4916,Huancayo,Videoconference,103,132,40376,86613,41133,45480,39,28,PM_VEGA,SRV-NODE-6
ERP-05354,PROJ-5473,Cajamarca,Business Proc,138,183,37398,80964,37489,43475,21,26,PM_VEGA,SRV-NODE-6
ERP-05355,PROJ-6837,Trujillo,Audiovisual,158,197,84846,176077,109654,66423,44,30,PM_VEGA,SRV-NODE-10
ERP-05356,PROJ-5111,Arequipa,Audiovisual,71,71,15265,27196,15867,11329,45,44,PM_SOTO,SRV-NODE-8
ERP-05357,PROJ-8509,Puno,Videoconference,22,27,11946,23947,12807,11140,32,34,PM_RIVAS,SRV-NODE-2
ERP-05358,PROJ-7292,Iquitos,Project Mgmt,138,156,72450,148754,92851,55903,16,11,PM_MEZA,SRV-NODE-10
ERP-05359,PROJ-9773,Tacna,Business Proc,65,78,31460,59078,33658,25420,11,7,PM_VEGA,SRV-NODE-3
ERP-05360,PROJ-9765,Piura,Audiovisual,43,57,10879,20923,14047,6876,23,12,PM_PEREZ,SRV-NODE-5
ERP-05361,PROJ-9936,Puno,Business Proc,139,176,41561,86701,54412,32289,26,43,PM_MEZA,SRV-NODE-8
ERP-05362,PROJ-7126,Cajamarca,Project Mgmt,165,181,79530,127516,110077,17439,42,50,PM_RIVAS,SRV-NODE-6
ERP-05363,PROJ-8718,Piura,Business Proc,161,210,32200,58863,42033,16830,41,68,PM_VEGA,SRV-NODE-5
ERP-05364,PROJ-2746,Arequipa,Project Mgmt,58,66,17574,33131,23330,9801,43,56,PM_PEREZ,SRV-NODE-1
ERP-05365,PROJ-8770,Iquitos,Project Mgmt,148,168,88060,147748,111458,36290,12,4,PM_MEZA,SRV-NODE-2
ERP-05366,PROJ-1599,Tacna,Videoconference,178,221,45034,87359,49372,37987,20,16,PM_RIVAS,SRV-NODE-2
ERP-05367,PROJ-6296,Piura,Business Proc,83,93,47891,89936,56846,33090,43,33,PM_VEGA,SRV-NODE-10
ERP-05368,PROJ-9442,Lima,Audiovisual,101,120,27977,51271,30535,20736,11,3,PM_MEZA,SRV-NODE-10
ERP-05369,PROJ-7622,Arequipa,Business Proc,38,40,14630,26508,19579,6929,35,7,PM_MEZA,SRV-NODE-6
ERP-05370,PROJ-1313,Lima,Audiovisual,79,94,30968,65257,32249,33008,5,7,PM_PEREZ,SRV-NODE-10
ERP-05371,PROJ-9701,Lima,Audiovisual,47,49,20680,36894,24933,11961,6,7,PM_PEREZ,SRV-NODE-7
ERP-05372,PROJ-9123,Piura,Audiovisual,99,125,26631,43115,35562,7553,38,20,PM_MEZA,SRV-NODE-8
ERP-05373,PROJ-5695,Lima,Business Proc,53,60,13780,27804,17764,10040,27,10,PM_VEGA,SRV-NODE-6
ERP-05374,PROJ-2432,Arequipa,Project Mgmt,64,73,16896,36693,21659,15034,40,24,PM_SOTO,SRV-NODE-2
ERP-05375,PROJ-8420,Arequipa,Business Proc,161,166,95634,207854,125372,82482,5,2,PM_VEGA,SRV-NODE-1
ERP-05376,PROJ-1333,Trujillo,Audiovisual,178,220,39338,83809,43721,40088,38,28,PM_RIVAS,SRV-NODE-9
ERP-05377,PROJ-7150,Iquitos,Business Proc,81,103,25272,54821,35090,19731,10,15,PM_SOTO,SRV-NODE-2
ERP-05378,PROJ-9993,Trujillo,Videoconference,124,137,50964,100968,56254,44714,24,33,PM_MEZA,SRV-NODE-8
ERP-05379,PROJ-2543,Iquitos,Business Proc,161,176,34776,62962,42647,20315,37,42,PM_SOTO,SRV-NODE-10
ERP-05380,PROJ-8926,Lima,Project Mgmt,49,54,21756,42276,24440,17836,43,51,PM_VEGA,SRV-NODE-5
ERP-05381,PROJ-5089,Piura,Business Proc,145,174,37120,64880,48560,16320,16,11,PM_MEZA,SRV-NODE-5
ERP-05382,PROJ-6074,Piura,Videoconference,34,37,12682,24117,15066,9051,50,35,PM_VEGA,SRV-NODE-8
ERP-05383,PROJ-3190,Cajamarca,Audiovisual,171,224,77805,126518,83451,43067,32,16,PM_RIVAS,SRV-NODE-10
ERP-05384,PROJ-6208,Trujillo,Project Mgmt,72,87,29736,60378,31017,29361,34,11,PM_SOTO,SRV-NODE-2
ERP-05385,PROJ-8482,Cajamarca,Videoconference,47,60,24393,39651,29972,9679,33,12,PM_SOTO,SRV-NODE-9
ERP-05386,PROJ-4211,Huancayo,Project Mgmt,111,144,27972,48645,28531,20114,46,16,PM_VEGA,SRV-NODE-9
ERP-05387,PROJ-5837,Iquitos,Audiovisual,172,185,38528,62626,53292,9334,18,26,PM_MEZA,SRV-NODE-8
ERP-05388,PROJ-5674,Piura,Videoconference,79,96,30652,56167,40361,15806,18,26,PM_VEGA,SRV-NODE-10
ERP-05389,PROJ-6930,Lima,Project Mgmt,21,25,10647,19022,12943,6079,15,15,PM_VEGA,SRV-NODE-5
ERP-05390,PROJ-3075,Tacna,Videoconference,109,144,62893,116120,72734,43386,14,3,PM_MEZA,SRV-NODE-5
ERP-05391,PROJ-5201,Trujillo,Project Mgmt,90,117,27720,49903,36001,13902,47,5,PM_PEREZ,SRV-NODE-2
ERP-05392,PROJ-3942,Iquitos,Audiovisual,98,115,45374,92727,56201,36526,30,33,PM_RIVAS,SRV-NODE-10
ERP-05393,PROJ-9511,Iquitos,Business Proc,35,45,9380,19810,12131,7679,20,20,PM_PEREZ,SRV-NODE-7
ERP-05394,PROJ-1684,Piura,Business Proc,28,34,10472,21789,11092,10697,27,40,PM_RIVAS,SRV-NODE-6
ERP-05395,PROJ-1819,Cajamarca,Project Mgmt,174,177,99702,218529,129480,89049,5,5,PM_VEGA,SRV-NODE-7
ERP-05396,PROJ-2260,Tacna,Business Proc,58,66,19198,42017,19712,22305,45,37,PM_PEREZ,SRV-NODE-6
ERP-05397,PROJ-4020,Huancayo,Project Mgmt,107,139,37557,72911,39506,33405,39,48,PM_VEGA,SRV-NODE-4
ERP-05398,PROJ-3313,Cajamarca,Business Proc,25,30,13100,27826,16104,11722,46,62,PM_VEGA,SRV-NODE-4
ERP-05399,PROJ-5084,Arequipa,Audiovisual,161,165,47817,84008,65799,18209,30,20,PM_RIVAS,SRV-NODE-7
ERP-05400,PROJ-5874,Trujillo,Project Mgmt,168,191,96432,160271,120098,40173,3,5,PM_PEREZ,SRV-NODE-9
ERP-05401,PROJ-2245,Puno,Project Mgmt,78,94,20358,33247,28176,5071,36,26,PM_SOTO,SRV-NODE-4
ERP-05402,PROJ-1308,Arequipa,Videoconference,77,87,41965,91123,51075,40048,50,10,PM_VEGA,SRV-NODE-1
ERP-05403,PROJ-7827,Puno,Audiovisual,149,174,41720,68552,42450,26102,13,9,PM_VEGA,SRV-NODE-7
ERP-05404,PROJ-5376,Puno,Videoconference,163,215,44662,91606,58571,33035,31,43,PM_SOTO,SRV-NODE-10
ERP-05405,PROJ-9535,Iquitos,Videoconference,124,165,33108,53836,39732,14104,34,31,PM_VEGA,SRV-NODE-8
ERP-05406,PROJ-1670,Lima,Business Proc,54,69,27648,50589,33161,17428,49,18,PM_RIVAS,SRV-NODE-7
ERP-05407,PROJ-2677,Puno,Business Proc,40,51,18040,29751,19836,9915,34,13,PM_MEZA,SRV-NODE-6
ERP-05408,PROJ-1976,Cusco,Videoconference,113,149,39098,74518,42479,32039,3,3,PM_SOTO,SRV-NODE-4
ERP-05409,PROJ-3779,Huancayo,Business Proc,98,125,27538,50795,35375,15420,20,26,PM_MEZA,SRV-NODE-8
ERP-05410,PROJ-9604,Huancayo,Videoconference,137,167,66993,130253,92501,37752,10,11,PM_RIVAS,SRV-NODE-9
ERP-05411,PROJ-5262,Arequipa,Business Proc,63,69,27090,51553,36818,14735,16,18,PM_RIVAS,SRV-NODE-4
ERP-05412,PROJ-7034,Piura,Business Proc,101,104,36764,67082,44849,22233,16,9,PM_SOTO,SRV-NODE-8
ERP-05413,PROJ-1406,Cusco,Project Mgmt,159,197,61851,133383,66959,66424,48,5,PM_VEGA,SRV-NODE-10
ERP-05414,PROJ-9807,Lima,Project Mgmt,82,82,30422,64604,41777,22827,4,2,PM_SOTO,SRV-NODE-2
ERP-05415,PROJ-6327,Iquitos,Audiovisual,91,112,52052,90064,71627,18437,49,38,PM_SOTO,SRV-NODE-2
ERP-05416,PROJ-2356,Arequipa,Project Mgmt,35,43,9660,16931,11666,5265,15,3,PM_MEZA,SRV-NODE-5
ERP-05417,PROJ-8900,Puno,Project Mgmt,127,137,29210,60181,34614,25567,26,46,PM_RIVAS,SRV-NODE-6
ERP-05418,PROJ-2212,Iquitos,Business Proc,69,73,28911,61396,38220,23176,31,5,PM_VEGA,SRV-NODE-9
ERP-05419,PROJ-3497,Huancayo,Audiovisual,160,191,67840,140268,80042,60226,19,18,PM_MEZA,SRV-NODE-10
ERP-05420,PROJ-6258,Huancayo,Business Proc,39,49,11505,20065,12248,7817,36,27,PM_VEGA,SRV-NODE-1
ERP-05421,PROJ-7185,Cusco,Project Mgmt,101,135,39895,74585,52109,22476,17,17,PM_PEREZ,SRV-NODE-8
ERP-05422,PROJ-6319,Arequipa,Business Proc,53,62,16165,26493,22465,4028,19,13,PM_VEGA,SRV-NODE-3
ERP-05423,PROJ-1475,Trujillo,Business Proc,25,25,12875,21208,14555,6653,10,8,PM_PEREZ,SRV-NODE-5
ERP-05424,PROJ-6686,Arequipa,Videoconference,88,116,38632,66536,49286,17250,20,12,PM_MEZA,SRV-NODE-4
ERP-05425,PROJ-1716,Puno,Audiovisual,173,188,38579,81815,49286,32529,4,6,PM_PEREZ,SRV-NODE-8
ERP-05426,PROJ-1557,Cusco,Business Proc,138,161,81558,160189,105419,54770,28,12,PM_VEGA,SRV-NODE-5
ERP-05427,PROJ-9804,Huancayo,Audiovisual,36,46,7560,14367,8168,6199,19,19,PM_RIVAS,SRV-NODE-4
ERP-05428,PROJ-6085,Puno,Videoconference,79,93,36340,59667,41169,18498,13,18,PM_MEZA,SRV-NODE-4
ERP-05429,PROJ-7489,Puno,Videoconference,23,24,9223,19577,11325,8252,42,56,PM_MEZA,SRV-NODE-5
ERP-05430,PROJ-1608,Lima,Audiovisual,33,42,15411,30395,19818,10577,29,37,PM_MEZA,SRV-NODE-6
ERP-05431,PROJ-7540,Puno,Business Proc,141,183,70500,139854,96435,43419,37,13,PM_VEGA,SRV-NODE-10
ERP-05432,PROJ-5874,Trujillo,Videoconference,120,148,39240,67928,46762,21166,35,38,PM_PEREZ,SRV-NODE-6
ERP-05433,PROJ-1150,Huancayo,Videoconference,36,46,14940,31789,16823,14966,9,13,PM_SOTO,SRV-NODE-9
ERP-05434,PROJ-1309,Piura,Project Mgmt,100,118,21400,39439,23346,16093,39,38,PM_SOTO,SRV-NODE-8
ERP-05435,PROJ-4314,Iquitos,Business Proc,153,161,71451,126568,83270,43298,9,10,PM_PEREZ,SRV-NODE-6
ERP-05436,PROJ-2982,Lima,Project Mgmt,71,81,24140,49496,25881,23615,33,23,PM_PEREZ,SRV-NODE-7
ERP-05437,PROJ-4141,Iquitos,Videoconference,144,146,63936,125998,82186,43812,42,75,PM_MEZA,SRV-NODE-10
ERP-05438,PROJ-1692,Lima,Project Mgmt,67,83,14874,31974,19192,12782,32,50,PM_SOTO,SRV-NODE-3
ERP-05439,PROJ-6424,Arequipa,Project Mgmt,43,57,21758,35692,26225,9467,7,11,PM_MEZA,SRV-NODE-2
ERP-05440,PROJ-4501,Piura,Project Mgmt,170,173,73100,129731,98739,30992,4,5,PM_MEZA,SRV-NODE-7
ERP-05441,PROJ-7729,Cusco,Project Mgmt,40,43,15400,31504,17877,13627,44,37,PM_VEGA,SRV-NODE-8
ERP-05442,PROJ-8959,Piura,Audiovisual,77,89,45122,98361,51402,46959,38,9,PM_RIVAS,SRV-NODE-9
ERP-05443,PROJ-3449,Arequipa,Business Proc,57,67,17727,37153,21957,15196,7,7,PM_SOTO,SRV-NODE-6
ERP-05444,PROJ-5331,Cusco,Videoconference,64,79,37824,78861,52737,26124,14,3,PM_PEREZ,SRV-NODE-2
ERP-05445,PROJ-2876,Trujillo,Project Mgmt,135,140,72225,125562,98888,26674,23,14,PM_SOTO,SRV-NODE-3
ERP-05446,PROJ-2203,Puno,Videoconference,76,83,25688,45220,29365,15855,11,18,PM_RIVAS,SRV-NODE-8
ERP-05447,PROJ-6686,Puno,Project Mgmt,100,114,50000,94884,61336,33548,44,15,PM_RIVAS,SRV-NODE-9
ERP-05448,PROJ-4331,Puno,Videoconference,128,138,32768,55866,39075,16791,47,53,PM_PEREZ,SRV-NODE-8
ERP-05449,PROJ-7695,Cajamarca,Business Proc,39,40,16029,29366,19340,10026,13,19,PM_VEGA,SRV-NODE-1
ERP-05450,PROJ-1926,Cajamarca,Audiovisual,112,149,59920,109302,79782,29520,23,5,PM_RIVAS,SRV-NODE-5
ERP-05451,PROJ-3990,Arequipa,Audiovisual,42,49,24234,41863,32018,9845,4,5,PM_SOTO,SRV-NODE-6
ERP-05452,PROJ-2135,Iquitos,Business Proc,100,129,50600,102074,62979,39095,32,3,PM_VEGA,SRV-NODE-3
ERP-05453,PROJ-9184,Tacna,Videoconference,80,101,30560,65443,39173,26270,44,38,PM_VEGA,SRV-NODE-4
ERP-05454,PROJ-4542,Huancayo,Business Proc,122,145,49044,78938,59985,18953,5,3,PM_RIVAS,SRV-NODE-9
ERP-05455,PROJ-8256,Cusco,Project Mgmt,177,238,102306,219389,142028,77361,25,42,PM_MEZA,SRV-NODE-7
ERP-05456,PROJ-1457,Lima,Business Proc,166,217,79182,148902,83255,65647,10,16,PM_SOTO,SRV-NODE-10
ERP-05457,PROJ-7367,Iquitos,Videoconference,136,143,27880,53638,36912,16726,37,51,PM_PEREZ,SRV-NODE-8
ERP-05458,PROJ-1230,Huancayo,Videoconference,158,166,80264,173510,81652,91858,7,1,PM_SOTO,SRV-NODE-4
ERP-05459,PROJ-6686,Trujillo,Audiovisual,152,186,42712,86389,52621,33768,49,26,PM_VEGA,SRV-NODE-9
ERP-05460,PROJ-8684,Lima,Videoconference,146,192,64970,122553,83444,39109,12,16,PM_VEGA,SRV-NODE-6
ERP-05461,PROJ-9205,Trujillo,Project Mgmt,20,21,5820,12694,8053,4641,45,71,PM_MEZA,SRV-NODE-4
ERP-05462,PROJ-2555,Trujillo,Videoconference,124,137,73408,139538,91487,48051,26,10,PM_PEREZ,SRV-NODE-9
ERP-05463,PROJ-9034,Cajamarca,Project Mgmt,58,59,19256,39862,23525,16337,19,32,PM_RIVAS,SRV-NODE-6
ERP-05464,PROJ-1447,Piura,Videoconference,170,196,38420,80794,53234,27560,29,17,PM_RIVAS,SRV-NODE-10
ERP-05465,PROJ-9472,Huancayo,Business Proc,168,171,53256,88953,72791,16162,42,28,PM_MEZA,SRV-NODE-1
ERP-05466,PROJ-2623,Lima,Videoconference,165,180,93555,184643,112911,71732,12,4,PM_SOTO,SRV-NODE-10
ERP-05467,PROJ-7758,Piura,Project Mgmt,63,81,27720,54089,31009,23080,39,10,PM_MEZA,SRV-NODE-2
ERP-05468,PROJ-1138,Piura,Audiovisual,82,106,20008,37666,24939,12727,4,2,PM_RIVAS,SRV-NODE-4
ERP-05469,PROJ-4372,Cusco,Business Proc,30,35,17160,27809,23801,4008,34,23,PM_VEGA,SRV-NODE-4
ERP-05470,PROJ-9629,Piura,Project Mgmt,44,52,17116,28288,20268,8020,29,8,PM_VEGA,SRV-NODE-7
ERP-05471,PROJ-3517,Cajamarca,Project Mgmt,162,165,38232,83125,47874,35251,44,72,PM_VEGA,SRV-NODE-6
ERP-05472,PROJ-1143,Huancayo,Videoconference,174,225,74820,133706,83836,49870,9,12,PM_RIVAS,SRV-NODE-6
ERP-05473,PROJ-8323,Lima,Audiovisual,46,59,15778,30602,20722,9880,18,20,PM_RIVAS,SRV-NODE-6
ERP-05474,PROJ-9167,Cajamarca,Project Mgmt,73,82,14600,31342,19498,11844,40,35,PM_SOTO,SRV-NODE-5
ERP-05475,PROJ-4355,Puno,Videoconference,168,226,69552,141658,74871,66787,49,12,PM_MEZA,SRV-NODE-7
ERP-05476,PROJ-8096,Cajamarca,Project Mgmt,120,156,65640,118101,70687,47414,5,4,PM_MEZA,SRV-NODE-9
ERP-05477,PROJ-5748,Cusco,Business Proc,107,136,54998,101988,74231,27757,43,26,PM_VEGA,SRV-NODE-10
ERP-05478,PROJ-9450,Cusco,Audiovisual,74,75,15244,31723,19318,12405,43,65,PM_VEGA,SRV-NODE-1
ERP-05479,PROJ-2614,Lima,Audiovisual,102,114,33456,70574,35130,35444,22,32,PM_PEREZ,SRV-NODE-4
ERP-05480,PROJ-1667,Trujillo,Business Proc,141,180,66411,138738,78109,60629,35,34,PM_VEGA,SRV-NODE-8
ERP-05481,PROJ-1105,Cajamarca,Audiovisual,153,168,81396,151749,93849,57900,45,24,PM_SOTO,SRV-NODE-7
ERP-05482,PROJ-3642,Huancayo,Business Proc,177,227,72216,130357,91656,38701,25,26,PM_SOTO,SRV-NODE-5
ERP-05483,PROJ-4898,Puno,Business Proc,66,77,33528,70932,34617,36315,43,69,PM_MEZA,SRV-NODE-7
ERP-05484,PROJ-6786,Cajamarca,Business Proc,46,60,25116,43537,25248,18289,25,29,PM_VEGA,SRV-NODE-7
ERP-05485,PROJ-3292,Trujillo,Business Proc,159,213,67098,123527,93894,29633,34,33,PM_RIVAS,SRV-NODE-4
ERP-05486,PROJ-1079,Puno,Business Proc,99,132,26334,44722,28403,16319,38,67,PM_RIVAS,SRV-NODE-10
ERP-05487,PROJ-2375,Piura,Audiovisual,50,56,29650,49707,37673,12034,8,7,PM_SOTO,SRV-NODE-7
ERP-05488,PROJ-4411,Cusco,Project Mgmt,42,54,13146,24137,13616,10521,25,4,PM_VEGA,SRV-NODE-2
ERP-05489,PROJ-5793,Tacna,Business Proc,43,52,8944,14946,10566,4380,5,5,PM_PEREZ,SRV-NODE-4
ERP-05490,PROJ-6438,Lima,Audiovisual,86,90,37496,81634,38965,42669,6,10,PM_VEGA,SRV-NODE-5
ERP-05491,PROJ-9528,Puno,Audiovisual,127,171,27432,44365,32534,11831,18,31,PM_VEGA,SRV-NODE-2
ERP-05492,PROJ-5405,Lima,Audiovisual,97,118,56066,120992,61596,59396,21,37,PM_SOTO,SRV-NODE-4
ERP-05493,PROJ-6789,Puno,Videoconference,160,200,87680,169048,99408,69640,34,10,PM_RIVAS,SRV-NODE-6
ERP-05494,PROJ-4792,Iquitos,Videoconference,37,46,11026,20492,12493,7999,48,45,PM_VEGA,SRV-NODE-3
ERP-05495,PROJ-8665,Arequipa,Audiovisual,137,162,28359,56247,34146,22101,42,74,PM_VEGA,SRV-NODE-10
ERP-05496,PROJ-1053,Trujillo,Business Proc,93,100,21855,37301,25654,11647,40,68,PM_PEREZ,SRV-NODE-8
ERP-05497,PROJ-5954,Iquitos,Audiovisual,139,169,46565,82585,48754,33831,43,14,PM_RIVAS,SRV-NODE-7
ERP-05498,PROJ-8097,Iquitos,Audiovisual,113,151,29267,63113,32208,30905,41,54,PM_SOTO,SRV-NODE-7
ERP-05499,PROJ-5539,Puno,Videoconference,92,122,27048,54988,30006,24982,13,18,PM_RIVAS,SRV-NODE-6
ERP-05500,PROJ-8209,Arequipa,Audiovisual,62,81,37138,70721,51161,19560,14,12,PM_MEZA,SRV-NODE-4
ERP-05501,PROJ-1209,Piura,Videoconference,102,133,21828,45901,27449,18452,35,58,PM_SOTO,SRV-NODE-9
ERP-05502,PROJ-2326,Arequipa,Business Proc,129,159,67725,124856,75601,49255,31,23,PM_RIVAS,SRV-NODE-10
ERP-05503,PROJ-3786,Cajamarca,Audiovisual,112,146,48720,100012,51371,48641,36,5,PM_RIVAS,SRV-NODE-10
ERP-05504,PROJ-4182,Puno,Videoconference,129,171,61662,111465,63169,48296,43,36,PM_VEGA,SRV-NODE-5
ERP-05505,PROJ-1039,Huancayo,Project Mgmt,133,176,56525,93835,72067,21768,39,69,PM_RIVAS,SRV-NODE-10
ERP-05506,PROJ-1695,Arequipa,Audiovisual,116,118,55100,99323,56866,42457,50,82,PM_MEZA,SRV-NODE-7
ERP-05507,PROJ-6021,Piura,Audiovisual,119,145,36652,72330,39752,32578,34,48,PM_RIVAS,SRV-NODE-4
ERP-05508,PROJ-1428,Tacna,Project Mgmt,93,106,47337,103003,61316,41687,46,56,PM_SOTO,SRV-NODE-7
ERP-05509,PROJ-6725,Cusco,Audiovisual,104,115,33280,70224,35115,35109,14,8,PM_SOTO,SRV-NODE-3
ERP-05510,PROJ-6614,Trujillo,Videoconference,119,158,54145,91150,70942,20208,34,10,PM_PEREZ,SRV-NODE-8
ERP-05511,PROJ-6885,Piura,Project Mgmt,21,25,4998,9174,5442,3732,5,7,PM_MEZA,SRV-NODE-7
ERP-05512,PROJ-4471,Iquitos,Videoconference,102,113,20808,35696,23600,12096,20,23,PM_MEZA,SRV-NODE-1
ERP-05513,PROJ-8254,Piura,Project Mgmt,174,197,103878,196244,142142,54102,16,13,PM_MEZA,SRV-NODE-2
ERP-05514,PROJ-5432,Lima,Videoconference,149,152,69583,144898,70575,74323,36,47,PM_MEZA,SRV-NODE-7
ERP-05515,PROJ-6240,Puno,Audiovisual,40,50,13400,23361,18199,5162,22,29,PM_SOTO,SRV-NODE-5
ERP-05516,PROJ-1013,Cajamarca,Business Proc,58,72,22098,41384,27397,13987,34,48,PM_MEZA,SRV-NODE-2
ERP-05517,PROJ-7026,Lima,Business Proc,135,141,54270,110460,64612,45848,49,27,PM_RIVAS,SRV-NODE-1
ERP-05518,PROJ-2423,Puno,Project Mgmt,79,79,44319,92097,48727,43370,18,27,PM_SOTO,SRV-NODE-4
ERP-05519,PROJ-8632,Huancayo,Videoconference,158,164,62410,112199,84474,27725,20,15,PM_RIVAS,SRV-NODE-10
ERP-05520,PROJ-8146,Huancayo,Business Proc,86,90,21328,43146,25348,17798,7,5,PM_RIVAS,SRV-NODE-2
ERP-05521,PROJ-7432,Trujillo,Project Mgmt,99,122,52173,109318,70826,38492,11,9,PM_MEZA,SRV-NODE-1
ERP-05522,PROJ-4351,Trujillo,Business Proc,98,127,40376,81509,40690,40819,49,78,PM_RIVAS,SRV-NODE-10
ERP-05523,PROJ-8306,Cajamarca,Videoconference,82,107,28618,59295,37423,21872,34,21,PM_RIVAS,SRV-NODE-2
ERP-05524,PROJ-5070,Lima,Videoconference,146,148,61612,127460,84861,42599,44,25,PM_SOTO,SRV-NODE-8
ERP-05525,PROJ-3844,Puno,Project Mgmt,174,182,45762,74821,54740,20081,42,22,PM_MEZA,SRV-NODE-4
ERP-05526,PROJ-1774,Cajamarca,Project Mgmt,32,40,12384,26300,14579,11721,10,4,PM_MEZA,SRV-NODE-4
ERP-05527,PROJ-6931,Cusco,Videoconference,135,156,46305,80203,60564,19639,34,22,PM_SOTO,SRV-NODE-6
ERP-05528,PROJ-8494,Piura,Videoconference,41,43,13899,25099,14196,10903,38,32,PM_SOTO,SRV-NODE-5
ERP-05529,PROJ-5689,Cajamarca,Business Proc,100,114,35300,77059,42571,34488,23,5,PM_RIVAS,SRV-NODE-4
ERP-05530,PROJ-1147,Iquitos,Project Mgmt,133,160,33516,73119,46308,26811,47,15,PM_VEGA,SRV-NODE-9
ERP-05531,PROJ-8422,Tacna,Business Proc,44,52,11792,24949,12709,12240,13,10,PM_SOTO,SRV-NODE-7
ERP-05532,PROJ-6663,Piura,Audiovisual,80,101,39360,71756,40196,31560,11,18,PM_RIVAS,SRV-NODE-6
ERP-05533,PROJ-9922,Piura,Business Proc,97,98,45784,76866,59596,17270,41,4,PM_PEREZ,SRV-NODE-7
ERP-05534,PROJ-3599,Lima,Business Proc,34,44,16184,35120,21551,13569,9,13,PM_PEREZ,SRV-NODE-1
ERP-05535,PROJ-6598,Iquitos,Audiovisual,146,177,53874,94403,63164,31239,35,34,PM_RIVAS,SRV-NODE-10
ERP-05536,PROJ-1359,Huancayo,Videoconference,77,99,27258,55438,28338,27100,10,5,PM_RIVAS,SRV-NODE-8
ERP-05537,PROJ-8859,Lima,Business Proc,23,29,5658,11302,7855,3447,31,6,PM_MEZA,SRV-NODE-4
ERP-05538,PROJ-9226,Piura,Business Proc,117,128,62946,107355,71250,36105,40,15,PM_VEGA,SRV-NODE-3
ERP-05539,PROJ-5315,Puno,Business Proc,123,158,39729,80707,50763,29944,8,2,PM_SOTO,SRV-NODE-7
ERP-05540,PROJ-2353,Puno,Videoconference,92,117,19320,32737,25567,7170,28,3,PM_MEZA,SRV-NODE-1
ERP-05541,PROJ-4673,Trujillo,Business Proc,116,135,27260,58749,27825,30924,46,30,PM_PEREZ,SRV-NODE-9
ERP-05542,PROJ-6838,Cajamarca,Project Mgmt,128,145,46464,101731,48855,52876,43,57,PM_MEZA,SRV-NODE-6
ERP-05543,PROJ-5189,Cusco,Audiovisual,167,170,47428,84006,49423,34583,46,36,PM_VEGA,SRV-NODE-7
ERP-05544,PROJ-5920,Tacna,Project Mgmt,106,115,40174,73696,44990,28706,43,47,PM_SOTO,SRV-NODE-10
ERP-05545,PROJ-8928,Arequipa,Project Mgmt,149,171,82248,136879,101313,35566,42,24,PM_PEREZ,SRV-NODE-9
ERP-05546,PROJ-1045,Lima,Business Proc,63,66,26775,53689,29174,24515,39,42,PM_SOTO,SRV-NODE-4
ERP-05547,PROJ-7877,Piura,Project Mgmt,63,81,18522,31279,21379,9900,31,31,PM_VEGA,SRV-NODE-4
ERP-05548,PROJ-1970,Puno,Videoconference,117,122,52884,105152,62575,42577,12,18,PM_SOTO,SRV-NODE-9
ERP-05549,PROJ-9308,Tacna,Project Mgmt,38,40,17290,36180,20450,15730,47,34,PM_PEREZ,SRV-NODE-7
ERP-05550,PROJ-9833,Lima,Business Proc,58,66,14152,24826,16506,8320,15,26,PM_SOTO,SRV-NODE-3
ERP-05551,PROJ-4727,Tacna,Project Mgmt,76,83,15276,26680,16863,9817,30,8,PM_VEGA,SRV-NODE-3
ERP-05552,PROJ-5031,Piura,Project Mgmt,157,160,38308,82943,45394,37549,12,3,PM_PEREZ,SRV-NODE-8
ERP-05553,PROJ-7188,Piura,Business Proc,178,186,62834,114846,68689,46157,10,11,PM_MEZA,SRV-NODE-6
ERP-05554,PROJ-3616,Iquitos,Business Proc,157,203,59503,112037,71117,40920,35,8,PM_PEREZ,SRV-NODE-6
ERP-05555,PROJ-5050,Arequipa,Audiovisual,180,206,102240,222987,126874,96113,29,11,PM_MEZA,SRV-NODE-4
ERP-05556,PROJ-9222,Arequipa,Business Proc,117,131,33696,65792,37386,28406,21,32,PM_PEREZ,SRV-NODE-6
ERP-05557,PROJ-4530,Iquitos,Business Proc,171,218,90630,174338,102270,72068,19,27,PM_SOTO,SRV-NODE-5
ERP-05558,PROJ-2172,Puno,Project Mgmt,114,152,61218,120784,74581,46203,38,56,PM_PEREZ,SRV-NODE-6
ERP-05559,PROJ-1376,Tacna,Project Mgmt,58,69,21460,34601,29754,4847,20,10,PM_SOTO,SRV-NODE-6
ERP-05560,PROJ-9129,Huancayo,Project Mgmt,179,181,74822,163577,101066,62511,11,11,PM_PEREZ,SRV-NODE-4
ERP-05561,PROJ-6546,Huancayo,Audiovisual,127,154,36830,64628,39805,24823,29,28,PM_PEREZ,SRV-NODE-3
ERP-05562,PROJ-3688,Cajamarca,Business Proc,140,165,79380,135912,109996,25916,50,44,PM_RIVAS,SRV-NODE-3
ERP-05563,PROJ-9690,Arequipa,Audiovisual,43,53,15351,28818,18050,10768,39,14,PM_MEZA,SRV-NODE-7
ERP-05564,PROJ-4222,Lima,Project Mgmt,98,130,52626,105698,64859,40839,6,1,PM_MEZA,SRV-NODE-4
ERP-05565,PROJ-1585,Trujillo,Videoconference,114,145,32946,66403,43088,23315,30,23,PM_MEZA,SRV-NODE-10
ERP-05566,PROJ-5801,Cajamarca,Business Proc,139,169,42812,81307,48891,32416,43,67,PM_SOTO,SRV-NODE-10
ERP-05567,PROJ-5126,Huancayo,Videoconference,120,158,37560,82243,45256,36987,5,0,PM_PEREZ,SRV-NODE-3
ERP-05568,PROJ-8297,Iquitos,Business Proc,128,169,67712,128939,89748,39191,11,11,PM_MEZA,SRV-NODE-3
ERP-05569,PROJ-1053,Huancayo,Videoconference,24,30,6288,11481,6474,5007,18,28,PM_SOTO,SRV-NODE-5
ERP-05570,PROJ-5255,Puno,Audiovisual,87,102,51504,104670,68445,36225,34,4,PM_PEREZ,SRV-NODE-4
ERP-05571,PROJ-6860,Tacna,Project Mgmt,139,156,29051,53656,40370,13286,15,3,PM_RIVAS,SRV-NODE-10
ERP-05572,PROJ-5852,Cusco,Business Proc,38,44,11894,24167,13141,11026,23,18,PM_PEREZ,SRV-NODE-9
ERP-05573,PROJ-9668,Trujillo,Business Proc,72,95,15912,33528,17978,15550,11,18,PM_RIVAS,SRV-NODE-5
ERP-05574,PROJ-1737,Iquitos,Project Mgmt,123,134,45387,95593,45632,49961,14,20,PM_VEGA,SRV-NODE-8
ERP-05575,PROJ-3172,Lima,Videoconference,88,118,23936,48665,24497,24168,35,9,PM_VEGA,SRV-NODE-5
ERP-05576,PROJ-9155,Huancayo,Business Proc,151,168,33220,70370,46301,24069,29,13,PM_RIVAS,SRV-NODE-10
ERP-05577,PROJ-2371,Cajamarca,Project Mgmt,54,61,30888,64888,35057,29831,50,78,PM_MEZA,SRV-NODE-6
ERP-05578,PROJ-1539,Tacna,Business Proc,36,44,11232,19133,13139,5994,21,3,PM_MEZA,SRV-NODE-4
ERP-05579,PROJ-5158,Cusco,Project Mgmt,128,129,65152,111372,88740,22632,7,3,PM_SOTO,SRV-NODE-2
ERP-05580,PROJ-1513,Piura,Business Proc,64,80,30976,60412,32134,28278,40,27,PM_RIVAS,SRV-NODE-2
ERP-05581,PROJ-9910,Lima,Business Proc,156,188,71136,135688,92541,43147,45,66,PM_PEREZ,SRV-NODE-3
ERP-05582,PROJ-1466,Huancayo,Audiovisual,146,156,73146,119801,97899,21902,31,20,PM_RIVAS,SRV-NODE-8
ERP-05583,PROJ-9992,Tacna,Audiovisual,154,175,75922,156082,79764,76318,44,27,PM_VEGA,SRV-NODE-9
ERP-05584,PROJ-8106,Puno,Audiovisual,149,194,87463,189577,105175,84402,25,34,PM_MEZA,SRV-NODE-10
ERP-05585,PROJ-2318,Iquitos,Business Proc,178,180,52866,91729,66886,24843,7,2,PM_RIVAS,SRV-NODE-4
ERP-05586,PROJ-9468,Trujillo,Videoconference,114,151,23142,47982,27890,20092,28,48,PM_VEGA,SRV-NODE-10
ERP-05587,PROJ-5505,Lima,Audiovisual,99,126,50193,84653,51410,33243,27,42,PM_SOTO,SRV-NODE-6
ERP-05588,PROJ-4831,Cajamarca,Project Mgmt,138,148,64584,139791,71871,67920,41,65,PM_PEREZ,SRV-NODE-8
ERP-05589,PROJ-2193,Cajamarca,Audiovisual,142,149,76964,167517,94265,73252,18,2,PM_SOTO,SRV-NODE-8
ERP-05590,PROJ-1956,Arequipa,Project Mgmt,155,204,78275,159814,96114,63700,30,6,PM_VEGA,SRV-NODE-1
ERP-05591,PROJ-1390,Huancayo,Audiovisual,86,95,22876,39325,28229,11096,17,30,PM_MEZA,SRV-NODE-5
ERP-05592,PROJ-8158,Cusco,Audiovisual,28,37,15204,27459,20463,6996,15,14,PM_PEREZ,SRV-NODE-2
ERP-05593,PROJ-3050,Lima,Videoconference,125,125,42875,90992,47898,43094,32,9,PM_PEREZ,SRV-NODE-6
ERP-05594,PROJ-1087,Iquitos,Business Proc,108,140,57132,124261,60398,63863,14,9,PM_VEGA,SRV-NODE-4
ERP-05595,PROJ-4080,Iquitos,Business Proc,95,101,22040,35320,27848,7472,35,51,PM_RIVAS,SRV-NODE-9
ERP-05596,PROJ-5472,Tacna,Audiovisual,102,119,33966,72870,45956,26914,27,20,PM_SOTO,SRV-NODE-2
ERP-05597,PROJ-6167,Trujillo,Audiovisual,127,140,60071,96705,68444,28261,50,14,PM_SOTO,SRV-NODE-2
ERP-05598,PROJ-5096,Piura,Videoconference,127,148,69088,134768,78993,55775,41,11,PM_MEZA,SRV-NODE-3
ERP-05599,PROJ-3639,Piura,Videoconference,177,207,51330,111168,59576,51592,36,9,PM_PEREZ,SRV-NODE-10
ERP-05600,PROJ-4461,Lima,Project Mgmt,161,163,79856,134029,98529,35500,15,11,PM_SOTO,SRV-NODE-3
ERP-05601,PROJ-6830,Iquitos,Project Mgmt,125,141,67000,121541,87831,33710,46,44,PM_PEREZ,SRV-NODE-2
ERP-05602,PROJ-7882,Iquitos,Project Mgmt,162,206,37908,69675,50876,18799,25,41,PM_RIVAS,SRV-NODE-3
ERP-05603,PROJ-5276,Piura,Project Mgmt,175,193,103775,193222,132103,61119,29,27,PM_RIVAS,SRV-NODE-1
ERP-05604,PROJ-4939,Piura,Project Mgmt,25,29,6375,11158,7991,3167,20,2,PM_SOTO,SRV-NODE-8
ERP-05605,PROJ-5912,Cajamarca,Audiovisual,142,181,57794,114707,80425,34282,26,13,PM_MEZA,SRV-NODE-7
ERP-05606,PROJ-4393,Lima,Videoconference,128,170,59904,127460,75252,52208,48,53,PM_RIVAS,SRV-NODE-2
ERP-05607,PROJ-6852,Cusco,Videoconference,101,113,50601,82706,59755,22951,25,38,PM_SOTO,SRV-NODE-8
ERP-05608,PROJ-3628,Iquitos,Business Proc,29,30,9019,15703,11505,4198,26,7,PM_VEGA,SRV-NODE-6
ERP-05609,PROJ-8338,Huancayo,Business Proc,164,179,42312,85181,47313,37868,41,58,PM_PEREZ,SRV-NODE-8
ERP-05610,PROJ-5584,Tacna,Project Mgmt,124,161,41416,88045,49281,38764,20,10,PM_MEZA,SRV-NODE-6
ERP-05611,PROJ-5899,Trujillo,Business Proc,22,25,4532,8348,5867,2481,32,45,PM_VEGA,SRV-NODE-8
ERP-05612,PROJ-6316,Puno,Project Mgmt,110,130,45100,98096,51363,46733,16,6,PM_RIVAS,SRV-NODE-5
ERP-05613,PROJ-3754,Puno,Business Proc,66,87,38676,79227,39874,39353,31,49,PM_MEZA,SRV-NODE-5
ERP-05614,PROJ-5569,Arequipa,Project Mgmt,164,214,41656,72672,43901,28771,49,79,PM_MEZA,SRV-NODE-2
ERP-05615,PROJ-4114,Arequipa,Audiovisual,36,44,10764,23462,11950,11512,18,21,PM_RIVAS,SRV-NODE-2
ERP-05616,PROJ-9579,Cajamarca,Business Proc,148,179,69116,129949,83266,46683,29,13,PM_SOTO,SRV-NODE-6
ERP-05617,PROJ-6090,Arequipa,Audiovisual,60,71,32340,65566,32781,32785,18,25,PM_VEGA,SRV-NODE-8
ERP-05618,PROJ-8563,Puno,Audiovisual,34,38,8398,15882,10524,5358,25,9,PM_VEGA,SRV-NODE-1
ERP-05619,PROJ-3372,Lima,Videoconference,67,79,31892,64735,34708,30027,24,30,PM_RIVAS,SRV-NODE-8
ERP-05620,PROJ-2476,Arequipa,Audiovisual,115,130,47265,77040,53531,23509,4,0,PM_VEGA,SRV-NODE-1
ERP-05621,PROJ-7019,Lima,Project Mgmt,160,200,43040,93075,53721,39354,20,4,PM_PEREZ,SRV-NODE-1
ERP-05622,PROJ-6114,Puno,Audiovisual,101,132,54237,107389,72302,35087,37,24,PM_VEGA,SRV-NODE-9
ERP-05623,PROJ-6387,Cajamarca,Videoconference,153,181,89199,148634,97992,50642,43,68,PM_SOTO,SRV-NODE-6
ERP-05624,PROJ-2110,Lima,Project Mgmt,130,131,33670,65824,46989,18835,20,16,PM_MEZA,SRV-NODE-1
ERP-05625,PROJ-9028,Huancayo,Business Proc,100,119,35600,63498,39753,23745,27,46,PM_VEGA,SRV-NODE-1
ERP-05626,PROJ-2568,Lima,Audiovisual,83,88,21497,46570,27581,18989,13,12,PM_PEREZ,SRV-NODE-2
ERP-05627,PROJ-2097,Cusco,Videoconference,23,28,4876,8679,6663,2016,40,60,PM_RIVAS,SRV-NODE-2
ERP-05628,PROJ-9583,Lima,Videoconference,41,54,10824,20850,13608,7242,42,65,PM_RIVAS,SRV-NODE-9
ERP-05629,PROJ-7824,Piura,Videoconference,149,176,73606,142696,88744,53952,18,1,PM_VEGA,SRV-NODE-5
ERP-05630,PROJ-1346,Tacna,Videoconference,31,40,10168,21538,11644,9894,13,8,PM_MEZA,SRV-NODE-3
ERP-05631,PROJ-7504,Iquitos,Business Proc,51,59,23715,38477,29329,9148,21,23,PM_PEREZ,SRV-NODE-10
ERP-05632,PROJ-7512,Iquitos,Videoconference,171,178,36594,71824,44970,26854,34,5,PM_RIVAS,SRV-NODE-6
ERP-05633,PROJ-2999,Puno,Audiovisual,95,113,29450,58046,39716,18330,50,31,PM_RIVAS,SRV-NODE-9
ERP-05634,PROJ-3525,Cajamarca,Audiovisual,101,101,59287,120663,69139,51524,4,6,PM_SOTO,SRV-NODE-8
ERP-05635,PROJ-6973,Puno,Project Mgmt,109,115,53192,114062,73628,40434,33,5,PM_VEGA,SRV-NODE-5
ERP-05636,PROJ-1024,Arequipa,Project Mgmt,55,70,18260,30618,18521,12097,21,4,PM_RIVAS,SRV-NODE-2
ERP-05637,PROJ-2669,Tacna,Audiovisual,176,201,54384,115729,57497,58232,43,46,PM_VEGA,SRV-NODE-3
ERP-05638,PROJ-1348,Puno,Business Proc,146,167,45114,72911,46010,26901,26,15,PM_VEGA,SRV-NODE-10
ERP-05639,PROJ-6047,Cusco,Audiovisual,104,109,55328,103749,72079,31670,18,18,PM_RIVAS,SRV-NODE-4
ERP-05640,PROJ-3106,Lima,Business Proc,177,234,48852,98893,61001,37892,17,7,PM_RIVAS,SRV-NODE-3
ERP-05641,PROJ-2009,Lima,Business Proc,53,70,21677,36801,23706,13095,20,9,PM_SOTO,SRV-NODE-2
ERP-05642,PROJ-7571,Cusco,Business Proc,39,39,17745,31672,18261,13411,9,4,PM_MEZA,SRV-NODE-8
ERP-05643,PROJ-7228,Iquitos,Videoconference,60,64,13020,28108,13229,14879,15,26,PM_SOTO,SRV-NODE-2
ERP-05644,PROJ-1101,Huancayo,Videoconference,87,104,27144,52641,36132,16509,21,22,PM_PEREZ,SRV-NODE-7
ERP-05645,PROJ-5060,Iquitos,Videoconference,49,57,18130,30129,24480,5649,48,63,PM_PEREZ,SRV-NODE-6
ERP-05646,PROJ-8098,Lima,Audiovisual,48,53,24624,53666,26077,27589,8,10,PM_VEGA,SRV-NODE-8
ERP-05647,PROJ-4091,Cusco,Videoconference,112,145,62720,117554,82682,34872,44,55,PM_SOTO,SRV-NODE-8
ERP-05648,PROJ-6488,Piura,Videoconference,101,134,47268,79634,47615,32019,13,6,PM_PEREZ,SRV-NODE-1
ERP-05649,PROJ-9806,Huancayo,Business Proc,140,142,46340,83233,46417,36816,24,20,PM_PEREZ,SRV-NODE-2
ERP-05650,PROJ-8362,Arequipa,Audiovisual,76,76,32072,69130,32850,36280,8,5,PM_MEZA,SRV-NODE-6
ERP-05651,PROJ-5141,Lima,Videoconference,144,192,68688,143266,91732,51534,4,1,PM_SOTO,SRV-NODE-6
ERP-05652,PROJ-5103,Tacna,Videoconference,27,33,15120,32052,17756,14296,4,4,PM_VEGA,SRV-NODE-8
ERP-05653,PROJ-9971,Arequipa,Business Proc,123,165,29274,51157,30182,20975,5,4,PM_VEGA,SRV-NODE-6
ERP-05654,PROJ-7177,Cajamarca,Videoconference,34,40,7684,14832,9824,5008,42,64,PM_PEREZ,SRV-NODE-7
ERP-05655,PROJ-9317,Puno,Business Proc,171,207,97641,196023,116293,79730,7,10,PM_SOTO,SRV-NODE-7
ERP-05656,PROJ-9832,Arequipa,Videoconference,136,160,63240,104065,73920,30145,40,64,PM_SOTO,SRV-NODE-8
ERP-05657,PROJ-5278,Cajamarca,Business Proc,42,48,24486,39819,32851,6968,23,12,PM_PEREZ,SRV-NODE-4
ERP-05658,PROJ-4398,Cusco,Videoconference,120,148,45000,98135,57978,40157,32,47,PM_SOTO,SRV-NODE-5
ERP-05659,PROJ-2145,Lima,Audiovisual,128,150,53888,108852,54602,54250,14,5,PM_VEGA,SRV-NODE-3
ERP-05660,PROJ-9165,Cajamarca,Videoconference,166,217,53452,89349,56671,32678,41,34,PM_VEGA,SRV-NODE-3
ERP-05661,PROJ-2537,Trujillo,Project Mgmt,180,186,55260,95508,56911,38597,42,15,PM_MEZA,SRV-NODE-7
ERP-05662,PROJ-9234,Lima,Project Mgmt,101,106,29391,63100,33791,29309,15,6,PM_VEGA,SRV-NODE-5
ERP-05663,PROJ-9012,Tacna,Business Proc,153,189,88281,141705,106813,34892,27,7,PM_PEREZ,SRV-NODE-9
ERP-05664,PROJ-9285,Piura,Videoconference,40,48,23480,38759,27483,11276,16,11,PM_RIVAS,SRV-NODE-1
ERP-05665,PROJ-4672,Puno,Videoconference,173,225,59858,130002,75706,54296,16,22,PM_VEGA,SRV-NODE-9
ERP-05666,PROJ-6914,Puno,Business Proc,140,186,48860,96566,67007,29559,35,55,PM_VEGA,SRV-NODE-1
ERP-05667,PROJ-7702,Cusco,Project Mgmt,141,141,37224,79329,39755,39574,13,21,PM_SOTO,SRV-NODE-9
ERP-05668,PROJ-9843,Cusco,Audiovisual,52,59,26780,52524,28381,24143,9,10,PM_PEREZ,SRV-NODE-3
ERP-05669,PROJ-5606,Arequipa,Audiovisual,122,139,55754,113205,63955,49250,6,3,PM_VEGA,SRV-NODE-6
ERP-05670,PROJ-3410,Lima,Project Mgmt,104,104,34632,73453,42747,30706,27,28,PM_SOTO,SRV-NODE-8
ERP-05671,PROJ-3187,Huancayo,Videoconference,157,183,57776,95572,62848,32724,13,8,PM_RIVAS,SRV-NODE-5
ERP-05672,PROJ-7003,Piura,Business Proc,108,138,37260,68319,50135,18184,6,1,PM_RIVAS,SRV-NODE-3
ERP-05673,PROJ-5427,Cusco,Audiovisual,83,96,47891,101859,60819,41040,3,3,PM_PEREZ,SRV-NODE-6
ERP-05674,PROJ-8158,Arequipa,Business Proc,69,80,14076,23304,14093,9211,26,46,PM_SOTO,SRV-NODE-6
ERP-05675,PROJ-7914,Tacna,Project Mgmt,155,197,31310,62392,34579,27813,23,21,PM_VEGA,SRV-NODE-3
ERP-05676,PROJ-1527,Piura,Videoconference,176,187,74976,136624,100426,36198,40,22,PM_VEGA,SRV-NODE-6
ERP-05677,PROJ-9457,Iquitos,Business Proc,136,163,29648,50371,36438,13933,3,0,PM_SOTO,SRV-NODE-5
ERP-05678,PROJ-4378,Lima,Videoconference,49,62,14749,24161,15077,9084,39,29,PM_VEGA,SRV-NODE-5
ERP-05679,PROJ-8918,Lima,Videoconference,90,91,45000,82097,53988,28109,18,20,PM_SOTO,SRV-NODE-7
ERP-05680,PROJ-6566,Trujillo,Project Mgmt,174,226,77952,157930,85830,72100,20,30,PM_SOTO,SRV-NODE-5
ERP-05681,PROJ-7040,Piura,Project Mgmt,96,121,40416,80538,54766,25772,31,33,PM_RIVAS,SRV-NODE-7
ERP-05682,PROJ-8747,Cusco,Business Proc,42,45,23688,46871,23809,23062,42,61,PM_RIVAS,SRV-NODE-5
ERP-05683,PROJ-3942,Piura,Project Mgmt,180,209,57060,121224,72648,48576,17,17,PM_VEGA,SRV-NODE-2
ERP-05684,PROJ-6832,Piura,Videoconference,134,154,33634,60496,43048,17448,8,2,PM_RIVAS,SRV-NODE-6
ERP-05685,PROJ-4241,Cusco,Business Proc,148,173,82140,148300,85800,62500,50,64,PM_VEGA,SRV-NODE-2
ERP-05686,PROJ-1898,Cusco,Videoconference,178,219,71378,154718,76487,78231,42,59,PM_SOTO,SRV-NODE-3
ERP-05687,PROJ-8915,Trujillo,Videoconference,20,25,4720,8207,5685,2522,24,15,PM_SOTO,SRV-NODE-10
ERP-05688,PROJ-3173,Huancayo,Business Proc,154,166,40040,73563,44997,28566,32,32,PM_VEGA,SRV-NODE-3
ERP-05689,PROJ-2123,Cusco,Videoconference,170,190,68340,110029,73531,36498,14,12,PM_VEGA,SRV-NODE-8
ERP-05690,PROJ-3090,Tacna,Project Mgmt,69,88,23529,38527,26455,12072,30,35,PM_MEZA,SRV-NODE-1
ERP-05691,PROJ-9154,Piura,Audiovisual,56,71,18704,36804,20900,15904,4,7,PM_RIVAS,SRV-NODE-3
ERP-05692,PROJ-1648,Tacna,Business Proc,76,91,22724,39600,28241,11359,3,2,PM_SOTO,SRV-NODE-1
ERP-05693,PROJ-2774,Cusco,Project Mgmt,116,117,27260,46352,29719,16633,19,20,PM_SOTO,SRV-NODE-1
ERP-05694,PROJ-1876,Arequipa,Videoconference,91,99,40495,68634,42073,26561,31,10,PM_SOTO,SRV-NODE-8
ERP-05695,PROJ-3796,Piura,Videoconference,76,100,31768,67091,44120,22971,38,4,PM_SOTO,SRV-NODE-9
ERP-05696,PROJ-9043,Lima,Project Mgmt,141,155,72615,152091,82346,69745,12,21,PM_RIVAS,SRV-NODE-8
ERP-05697,PROJ-4445,Lima,Business Proc,29,34,7888,15203,8888,6315,36,29,PM_PEREZ,SRV-NODE-9
ERP-05698,PROJ-4252,Puno,Audiovisual,47,50,25145,52806,33696,19110,34,8,PM_MEZA,SRV-NODE-3
ERP-05699,PROJ-7885,Lima,Audiovisual,144,183,65232,120939,76515,44424,46,42,PM_SOTO,SRV-NODE-8
ERP-05700,PROJ-3619,Piura,Audiovisual,179,235,47435,89326,57174,32152,35,36,PM_PEREZ,SRV-NODE-5
ERP-05701,PROJ-5737,Piura,Project Mgmt,122,145,40626,73166,42381,30785,29,4,PM_MEZA,SRV-NODE-7
ERP-05702,PROJ-2287,Puno,Project Mgmt,172,222,82732,153810,110227,43583,45,28,PM_MEZA,SRV-NODE-10
ERP-05703,PROJ-1624,Arequipa,Audiovisual,97,121,31913,63679,38211,25468,16,7,PM_RIVAS,SRV-NODE-10
ERP-05704,PROJ-4695,Puno,Project Mgmt,119,135,27846,47788,38145,9643,41,6,PM_RIVAS,SRV-NODE-4
ERP-05705,PROJ-3772,Cajamarca,Project Mgmt,58,68,20010,34169,21671,12498,31,47,PM_MEZA,SRV-NODE-3
ERP-05706,PROJ-7005,Arequipa,Audiovisual,170,184,72420,154151,80146,74005,20,18,PM_RIVAS,SRV-NODE-3
ERP-05707,PROJ-9423,Iquitos,Videoconference,151,170,60249,99524,67633,31891,41,17,PM_VEGA,SRV-NODE-10
ERP-05708,PROJ-8870,Trujillo,Audiovisual,163,214,88998,166222,95360,70862,41,9,PM_PEREZ,SRV-NODE-9
ERP-05709,PROJ-8419,Trujillo,Business Proc,67,72,20502,35815,28383,7432,21,17,PM_MEZA,SRV-NODE-10
ERP-05710,PROJ-3400,Arequipa,Business Proc,101,133,30401,51072,36074,14998,14,24,PM_MEZA,SRV-NODE-6
ERP-05711,PROJ-1222,Puno,Business Proc,127,171,38354,70204,44555,25649,29,12,PM_PEREZ,SRV-NODE-3
ERP-05712,PROJ-6605,Piura,Business Proc,62,67,34658,75622,41407,34215,46,59,PM_RIVAS,SRV-NODE-6
ERP-05713,PROJ-8199,Arequipa,Project Mgmt,175,210,57750,94893,77726,17167,10,3,PM_PEREZ,SRV-NODE-4
ERP-05714,PROJ-8605,Arequipa,Videoconference,44,49,19404,41754,21144,20610,42,37,PM_PEREZ,SRV-NODE-7
ERP-05715,PROJ-2078,Piura,Business Proc,176,212,68464,120822,89566,31256,39,25,PM_MEZA,SRV-NODE-7
ERP-05716,PROJ-8058,Tacna,Project Mgmt,84,92,46620,75347,59481,15866,48,84,PM_RIVAS,SRV-NODE-2
ERP-05717,PROJ-2761,Cajamarca,Videoconference,112,129,22960,40940,30007,10933,24,10,PM_MEZA,SRV-NODE-4
ERP-05718,PROJ-5177,Piura,Videoconference,42,46,13146,21934,17916,4018,26,27,PM_PEREZ,SRV-NODE-2
ERP-05719,PROJ-4385,Trujillo,Videoconference,169,185,91260,178685,96121,82564,21,2,PM_SOTO,SRV-NODE-10
ERP-05720,PROJ-6304,Lima,Project Mgmt,122,146,50630,86059,64104,21955,31,48,PM_SOTO,SRV-NODE-4
ERP-05721,PROJ-3759,Lima,Audiovisual,87,103,46632,81953,58643,23310,27,21,PM_PEREZ,SRV-NODE-3
ERP-05722,PROJ-2473,Lima,Project Mgmt,23,28,6923,11334,9523,1811,42,6,PM_PEREZ,SRV-NODE-3
ERP-05723,PROJ-4776,Iquitos,Audiovisual,129,161,43344,69600,55562,14038,11,4,PM_MEZA,SRV-NODE-1
ERP-05724,PROJ-2740,Iquitos,Audiovisual,137,165,77679,150769,103531,47238,16,25,PM_VEGA,SRV-NODE-4
ERP-05725,PROJ-3020,Tacna,Videoconference,120,147,52560,102544,69633,32911,33,9,PM_PEREZ,SRV-NODE-3
ERP-05726,PROJ-4367,Puno,Audiovisual,32,42,9760,17526,11666,5860,28,33,PM_PEREZ,SRV-NODE-2
ERP-05727,PROJ-4463,Huancayo,Business Proc,108,145,59832,110114,60216,49898,32,35,PM_PEREZ,SRV-NODE-1
ERP-05728,PROJ-9862,Lima,Audiovisual,28,31,5712,11202,7728,3474,29,48,PM_PEREZ,SRV-NODE-3
ERP-05729,PROJ-8465,Piura,Business Proc,87,88,40368,69817,41691,28126,32,51,PM_SOTO,SRV-NODE-7
ERP-05730,PROJ-6907,Tacna,Business Proc,48,57,17520,38455,17761,20694,46,75,PM_PEREZ,SRV-NODE-10
ERP-05731,PROJ-2911,Lima,Videoconference,154,204,81620,179137,103416,75721,47,71,PM_RIVAS,SRV-NODE-9
ERP-05732,PROJ-7845,Lima,Business Proc,179,213,64798,104058,87894,16164,13,16,PM_SOTO,SRV-NODE-8
ERP-05733,PROJ-2800,Cajamarca,Project Mgmt,143,171,49335,102577,63871,38706,10,12,PM_RIVAS,SRV-NODE-4
ERP-05734,PROJ-1123,Huancayo,Project Mgmt,137,144,44936,91243,46391,44852,26,21,PM_MEZA,SRV-NODE-9
ERP-05735,PROJ-1364,Piura,Project Mgmt,145,162,32915,57455,40818,16637,9,4,PM_MEZA,SRV-NODE-5
ERP-05736,PROJ-2807,Tacna,Business Proc,76,102,33212,66417,43714,22703,19,12,PM_RIVAS,SRV-NODE-4
ERP-05737,PROJ-3851,Cusco,Business Proc,80,89,32320,64513,39568,24945,4,4,PM_VEGA,SRV-NODE-3
ERP-05738,PROJ-3373,Lima,Project Mgmt,129,153,37152,74030,51038,22992,10,15,PM_SOTO,SRV-NODE-3
ERP-05739,PROJ-1315,Lima,Project Mgmt,65,68,14040,26298,17687,8611,39,69,PM_VEGA,SRV-NODE-5
ERP-05740,PROJ-3214,Piura,Videoconference,128,134,48896,91152,64163,26989,30,10,PM_MEZA,SRV-NODE-1
ERP-05741,PROJ-9598,Trujillo,Videoconference,115,118,37145,67899,37502,30397,40,53,PM_PEREZ,SRV-NODE-9
ERP-05742,PROJ-3992,Puno,Business Proc,101,108,27270,45314,30611,14703,33,11,PM_MEZA,SRV-NODE-8
ERP-05743,PROJ-9251,Arequipa,Project Mgmt,153,198,69462,119486,89478,30008,6,1,PM_VEGA,SRV-NODE-3
ERP-05744,PROJ-5180,Trujillo,Business Proc,76,80,30780,50612,34225,16387,15,17,PM_MEZA,SRV-NODE-1
ERP-05745,PROJ-1577,Cajamarca,Videoconference,132,145,69300,133913,86036,47877,28,44,PM_PEREZ,SRV-NODE-7
ERP-05746,PROJ-3870,Cusco,Videoconference,26,30,15522,31582,19501,12081,36,58,PM_MEZA,SRV-NODE-4
ERP-05747,PROJ-7285,Iquitos,Project Mgmt,41,41,24518,46222,34157,12065,5,4,PM_PEREZ,SRV-NODE-5
ERP-05748,PROJ-3892,Cajamarca,Project Mgmt,43,49,17845,29870,18193,11677,42,15,PM_MEZA,SRV-NODE-3
ERP-05749,PROJ-6620,Piura,Audiovisual,156,195,40248,77983,47913,30070,32,25,PM_SOTO,SRV-NODE-7
ERP-05750,PROJ-6557,Puno,Audiovisual,135,176,62775,104260,78500,25760,50,51,PM_VEGA,SRV-NODE-8
ERP-05751,PROJ-6691,Tacna,Audiovisual,22,24,11066,18168,11085,7083,40,18,PM_PEREZ,SRV-NODE-8
ERP-05752,PROJ-3204,Puno,Project Mgmt,178,197,86508,161734,90716,71018,44,72,PM_SOTO,SRV-NODE-9
ERP-05753,PROJ-8936,Piura,Project Mgmt,46,50,21114,38002,29479,8523,9,5,PM_MEZA,SRV-NODE-8
ERP-05754,PROJ-8200,Puno,Videoconference,70,75,40530,76639,44137,32502,42,46,PM_SOTO,SRV-NODE-6
ERP-05755,PROJ-1931,Tacna,Audiovisual,106,124,50562,88989,56002,32987,9,13,PM_VEGA,SRV-NODE-8
ERP-05756,PROJ-6445,Cusco,Business Proc,103,126,55311,113778,56391,57387,14,24,PM_VEGA,SRV-NODE-9
ERP-05757,PROJ-6526,Huancayo,Business Proc,30,39,13170,28812,15038,13774,5,2,PM_RIVAS,SRV-NODE-5
ERP-05758,PROJ-4140,Lima,Videoconference,55,57,31790,57290,42485,14805,24,34,PM_RIVAS,SRV-NODE-8
ERP-05759,PROJ-1788,Puno,Videoconference,89,103,23852,49890,27943,21947,24,7,PM_RIVAS,SRV-NODE-8
ERP-05760,PROJ-4305,Arequipa,Project Mgmt,119,159,42245,76359,44187,32172,6,10,PM_RIVAS,SRV-NODE-7
ERP-05761,PROJ-5643,Puno,Videoconference,42,43,12012,19924,15149,4775,27,27,PM_MEZA,SRV-NODE-3
ERP-05762,PROJ-5674,Puno,Business Proc,148,182,31080,64613,41535,23078,23,16,PM_PEREZ,SRV-NODE-1
ERP-05763,PROJ-2705,Tacna,Videoconference,43,48,18662,34734,23340,11394,45,64,PM_VEGA,SRV-NODE-1
ERP-05764,PROJ-5846,Arequipa,Business Proc,76,85,30704,61800,36774,25026,3,1,PM_RIVAS,SRV-NODE-4
ERP-05765,PROJ-6762,Tacna,Business Proc,156,172,42276,70114,58078,12036,17,13,PM_VEGA,SRV-NODE-6
ERP-05766,PROJ-4642,Arequipa,Videoconference,33,41,14388,29350,16557,12793,16,22,PM_SOTO,SRV-NODE-10
ERP-05767,PROJ-5024,Lima,Business Proc,22,24,11638,23110,13787,9323,35,38,PM_RIVAS,SRV-NODE-5
ERP-05768,PROJ-4147,Cusco,Audiovisual,154,161,65142,120686,77368,43318,24,33,PM_PEREZ,SRV-NODE-3
ERP-05769,PROJ-7337,Cajamarca,Audiovisual,163,171,86064,171994,108480,63514,50,72,PM_MEZA,SRV-NODE-7
ERP-05770,PROJ-3468,Tacna,Project Mgmt,84,99,44688,92751,61868,30883,41,64,PM_PEREZ,SRV-NODE-7
ERP-05771,PROJ-6854,Puno,Project Mgmt,130,144,74490,157103,93112,63991,36,25,PM_VEGA,SRV-NODE-7
ERP-05772,PROJ-7384,Puno,Business Proc,71,91,33654,58811,38693,20118,28,4,PM_RIVAS,SRV-NODE-2
ERP-05773,PROJ-6779,Cusco,Business Proc,132,157,64284,135238,84462,50776,29,23,PM_SOTO,SRV-NODE-8
ERP-05774,PROJ-2472,Huancayo,Audiovisual,168,213,74592,139233,76521,62712,40,40,PM_VEGA,SRV-NODE-4
ERP-05775,PROJ-2766,Piura,Videoconference,87,93,48633,84852,67618,17234,19,28,PM_PEREZ,SRV-NODE-1
ERP-05776,PROJ-2761,Tacna,Videoconference,61,73,12322,21835,15771,6064,22,4,PM_SOTO,SRV-NODE-5
ERP-05777,PROJ-5718,Arequipa,Videoconference,63,65,30681,63745,38344,25401,12,14,PM_RIVAS,SRV-NODE-10
ERP-05778,PROJ-5272,Huancayo,Videoconference,29,30,14471,23865,14483,9382,9,7,PM_MEZA,SRV-NODE-1
ERP-05779,PROJ-7433,Arequipa,Audiovisual,91,92,50414,95022,54989,40033,46,8,PM_RIVAS,SRV-NODE-2
ERP-05780,PROJ-8917,Trujillo,Project Mgmt,118,144,32568,62926,44848,18078,39,69,PM_VEGA,SRV-NODE-6
ERP-05781,PROJ-3473,Trujillo,Videoconference,172,216,42484,90979,43806,47173,6,7,PM_PEREZ,SRV-NODE-5
ERP-05782,PROJ-9359,Iquitos,Videoconference,178,184,72446,120572,89303,31269,36,12,PM_MEZA,SRV-NODE-2
ERP-05783,PROJ-4070,Lima,Project Mgmt,84,87,40488,68730,51972,16758,37,47,PM_PEREZ,SRV-NODE-10
ERP-05784,PROJ-5089,Cajamarca,Videoconference,74,98,20868,39647,26430,13217,37,51,PM_PEREZ,SRV-NODE-8
ERP-05785,PROJ-1905,Iquitos,Videoconference,110,111,45540,86451,50165,36286,35,43,PM_RIVAS,SRV-NODE-7
ERP-05786,PROJ-8300,Arequipa,Business Proc,143,154,71643,115839,83913,31926,22,29,PM_SOTO,SRV-NODE-5
ERP-05787,PROJ-5835,Tacna,Videoconference,174,200,57942,110654,60660,49994,32,54,PM_MEZA,SRV-NODE-1
ERP-05788,PROJ-4784,Arequipa,Videoconference,145,150,59885,108426,75727,32699,41,40,PM_PEREZ,SRV-NODE-8
ERP-05789,PROJ-2239,Iquitos,Project Mgmt,109,141,25179,52027,30120,21907,16,13,PM_RIVAS,SRV-NODE-4
ERP-05790,PROJ-9710,Lima,Business Proc,120,161,53280,104968,66589,38379,15,10,PM_VEGA,SRV-NODE-5
ERP-05791,PROJ-5184,Trujillo,Project Mgmt,172,221,102856,225854,125791,100063,48,71,PM_SOTO,SRV-NODE-3
ERP-05792,PROJ-9904,Tacna,Business Proc,108,132,32184,55044,33488,21556,28,5,PM_RIVAS,SRV-NODE-2
ERP-05793,PROJ-4466,Lima,Project Mgmt,45,56,24480,43858,29626,14232,43,39,PM_SOTO,SRV-NODE-10
ERP-05794,PROJ-2114,Arequipa,Project Mgmt,74,75,30340,58334,34664,23670,23,9,PM_SOTO,SRV-NODE-3
ERP-05795,PROJ-4449,Trujillo,Business Proc,149,176,77331,134437,98665,35772,45,64,PM_SOTO,SRV-NODE-1
ERP-05796,PROJ-2200,Iquitos,Business Proc,152,184,68248,135879,95113,40766,26,21,PM_PEREZ,SRV-NODE-5
ERP-05797,PROJ-7016,Iquitos,Videoconference,67,78,20636,35542,22702,12840,47,23,PM_MEZA,SRV-NODE-10
ERP-05798,PROJ-6538,Arequipa,Business Proc,80,101,38800,63746,48407,15339,36,39,PM_RIVAS,SRV-NODE-4
ERP-05799,PROJ-8480,Lima,Business Proc,90,116,19170,38525,23933,14592,10,14,PM_SOTO,SRV-NODE-1
ERP-05800,PROJ-3455,Cusco,Videoconference,132,150,50028,86220,58289,27931,8,5,PM_MEZA,SRV-NODE-8
ERP-05801,PROJ-4824,Trujillo,Audiovisual,159,194,73617,133110,76268,56842,42,67,PM_SOTO,SRV-NODE-5
ERP-05802,PROJ-5895,Arequipa,Audiovisual,131,153,66286,130418,90112,40306,33,14,PM_RIVAS,SRV-NODE-10
ERP-05803,PROJ-6758,Piura,Videoconference,124,164,72912,130182,93034,37148,9,5,PM_VEGA,SRV-NODE-10
ERP-05804,PROJ-6050,Iquitos,Project Mgmt,35,36,15085,31045,19979,11066,24,15,PM_PEREZ,SRV-NODE-5
ERP-05805,PROJ-6910,Tacna,Project Mgmt,174,184,94656,151816,113930,37886,49,31,PM_SOTO,SRV-NODE-1
ERP-05806,PROJ-9024,Piura,Audiovisual,108,135,23004,39460,25926,13534,46,62,PM_PEREZ,SRV-NODE-5
ERP-05807,PROJ-5378,Tacna,Project Mgmt,154,203,78540,137204,85041,52163,40,24,PM_RIVAS,SRV-NODE-1
ERP-05808,PROJ-2600,Lima,Business Proc,172,212,75164,136859,76829,60030,6,3,PM_PEREZ,SRV-NODE-1
ERP-05809,PROJ-7294,Arequipa,Business Proc,83,87,27224,45107,37515,7592,29,21,PM_RIVAS,SRV-NODE-4
ERP-05810,PROJ-7342,Cusco,Videoconference,145,153,37845,64844,39845,24999,8,6,PM_PEREZ,SRV-NODE-5
ERP-05811,PROJ-8616,Tacna,Videoconference,163,193,74817,132082,82002,50080,26,19,PM_PEREZ,SRV-NODE-4
ERP-05812,PROJ-1967,Arequipa,Videoconference,53,55,28196,46292,36695,9597,25,16,PM_VEGA,SRV-NODE-6
ERP-05813,PROJ-1764,Huancayo,Business Proc,86,101,46096,77683,59536,18147,38,34,PM_RIVAS,SRV-NODE-8
ERP-05814,PROJ-6639,Iquitos,Videoconference,125,168,40125,75365,46513,28852,29,43,PM_PEREZ,SRV-NODE-10
ERP-05815,PROJ-8527,Trujillo,Business Proc,91,118,44499,72250,56864,15386,20,35,PM_SOTO,SRV-NODE-10
ERP-05816,PROJ-1508,Tacna,Audiovisual,31,36,14353,26218,18844,7374,11,9,PM_RIVAS,SRV-NODE-7
ERP-05817,PROJ-3671,Cusco,Videoconference,176,199,77792,127375,87062,40313,20,12,PM_SOTO,SRV-NODE-9
ERP-05818,PROJ-5919,Arequipa,Business Proc,138,155,80040,146348,82889,63459,45,29,PM_PEREZ,SRV-NODE-5
ERP-05819,PROJ-6378,Arequipa,Project Mgmt,141,163,28764,54045,34354,19691,7,11,PM_VEGA,SRV-NODE-8
ERP-05820,PROJ-7978,Lima,Project Mgmt,139,148,76728,126312,101287,25025,18,2,PM_SOTO,SRV-NODE-5
ERP-05821,PROJ-3272,Cusco,Business Proc,113,118,57517,108631,78773,29858,6,8,PM_RIVAS,SRV-NODE-2
ERP-05822,PROJ-6262,Iquitos,Audiovisual,132,165,39336,80545,40536,40009,25,16,PM_RIVAS,SRV-NODE-3
ERP-05823,PROJ-6729,Puno,Audiovisual,83,86,32204,70803,38538,32265,16,2,PM_RIVAS,SRV-NODE-9
ERP-05824,PROJ-9122,Piura,Videoconference,93,111,27993,48729,38427,10302,24,7,PM_VEGA,SRV-NODE-3
ERP-05825,PROJ-1384,Tacna,Videoconference,109,121,39567,71004,50996,20008,19,4,PM_PEREZ,SRV-NODE-8
ERP-05826,PROJ-3337,Puno,Business Proc,30,32,10440,19645,11881,7764,45,23,PM_MEZA,SRV-NODE-7
ERP-05827,PROJ-5615,Trujillo,Audiovisual,108,108,49248,81223,54027,27196,27,43,PM_MEZA,SRV-NODE-10
ERP-05828,PROJ-1666,Cusco,Project Mgmt,81,94,23247,37581,30993,6588,50,11,PM_SOTO,SRV-NODE-4
ERP-05829,PROJ-3088,Trujillo,Project Mgmt,126,131,67284,128182,88561,39621,3,4,PM_PEREZ,SRV-NODE-9
ERP-05830,PROJ-3993,Piura,Business Proc,68,76,23528,47441,30310,17131,17,25,PM_RIVAS,SRV-NODE-3
ERP-05831,PROJ-2674,Iquitos,Videoconference,95,118,42275,86443,43148,43295,6,2,PM_RIVAS,SRV-NODE-8
ERP-05832,PROJ-4356,Piura,Videoconference,66,86,33528,63357,39969,23388,39,57,PM_PEREZ,SRV-NODE-4
ERP-05833,PROJ-1050,Trujillo,Business Proc,127,169,30480,62383,36660,25723,29,5,PM_RIVAS,SRV-NODE-6
ERP-05834,PROJ-1339,Arequipa,Audiovisual,79,99,42976,78188,59845,18343,41,16,PM_RIVAS,SRV-NODE-7
ERP-05835,PROJ-5842,Tacna,Audiovisual,124,158,65596,141112,88545,52567,23,26,PM_RIVAS,SRV-NODE-3
ERP-05836,PROJ-6448,Arequipa,Business Proc,121,147,60016,98407,71283,27124,49,68,PM_PEREZ,SRV-NODE-9
ERP-05837,PROJ-2249,Lima,Videoconference,40,44,12560,24680,16965,7715,41,25,PM_RIVAS,SRV-NODE-4
ERP-05838,PROJ-3246,Iquitos,Videoconference,72,87,32544,57201,33187,24014,26,18,PM_PEREZ,SRV-NODE-7
ERP-05839,PROJ-4786,Puno,Videoconference,75,81,39300,73555,51084,22471,37,33,PM_SOTO,SRV-NODE-6
ERP-05840,PROJ-5434,Puno,Videoconference,140,187,57820,126372,57950,68422,6,9,PM_VEGA,SRV-NODE-9
ERP-05841,PROJ-9928,Arequipa,Project Mgmt,89,112,39872,75664,54656,21008,49,63,PM_RIVAS,SRV-NODE-6
ERP-05842,PROJ-9310,Cusco,Videoconference,72,72,27072,50014,29329,20685,45,53,PM_MEZA,SRV-NODE-2
ERP-05843,PROJ-9264,Lima,Business Proc,39,51,19890,41128,25795,15333,32,32,PM_RIVAS,SRV-NODE-3
ERP-05844,PROJ-1460,Cajamarca,Videoconference,173,216,72141,132721,82581,50140,22,30,PM_RIVAS,SRV-NODE-1
ERP-05845,PROJ-2554,Cajamarca,Project Mgmt,63,81,31878,60126,40441,19685,43,49,PM_MEZA,SRV-NODE-2
ERP-05846,PROJ-4147,Puno,Project Mgmt,105,126,38850,74380,46511,27869,16,17,PM_VEGA,SRV-NODE-3
ERP-05847,PROJ-2088,Arequipa,Business Proc,38,40,19076,31332,26446,4886,24,41,PM_RIVAS,SRV-NODE-1
ERP-05848,PROJ-1050,Tacna,Project Mgmt,43,46,11868,23298,13330,9968,42,4,PM_RIVAS,SRV-NODE-7
ERP-05849,PROJ-4560,Trujillo,Business Proc,73,73,26280,49830,27642,22188,3,5,PM_RIVAS,SRV-NODE-1
ERP-05850,PROJ-8663,Puno,Business Proc,128,153,72448,125243,78013,47230,9,5,PM_MEZA,SRV-NODE-1
ERP-05851,PROJ-4935,Cajamarca,Business Proc,61,75,32391,62412,41012,21400,20,24,PM_SOTO,SRV-NODE-3
ERP-05852,PROJ-6172,Piura,Business Proc,43,50,21199,42577,27743,14834,8,6,PM_PEREZ,SRV-NODE-7
ERP-05853,PROJ-7516,Trujillo,Videoconference,82,87,17548,32802,17987,14815,14,5,PM_SOTO,SRV-NODE-8
ERP-05854,PROJ-9356,Piura,Business Proc,135,172,39555,68126,43502,24624,47,39,PM_RIVAS,SRV-NODE-6
ERP-05855,PROJ-4635,Iquitos,Project Mgmt,85,98,24565,39362,33587,5775,30,48,PM_VEGA,SRV-NODE-1
ERP-05856,PROJ-7139,Lima,Business Proc,23,28,9131,15049,9826,5223,18,4,PM_VEGA,SRV-NODE-2
ERP-05857,PROJ-4986,Cajamarca,Business Proc,160,186,39360,63649,49719,13930,22,13,PM_VEGA,SRV-NODE-1
ERP-05858,PROJ-8182,Lima,Videoconference,121,126,56628,107436,61493,45943,27,16,PM_SOTO,SRV-NODE-4
ERP-05859,PROJ-2203,Cajamarca,Project Mgmt,103,131,41818,85027,55419,29608,41,19,PM_PEREZ,SRV-NODE-2
ERP-05860,PROJ-7797,Cajamarca,Videoconference,45,51,21150,34334,27349,6985,33,36,PM_VEGA,SRV-NODE-1
ERP-05861,PROJ-1527,Cusco,Videoconference,145,166,67570,146658,91937,54721,37,24,PM_PEREZ,SRV-NODE-1
ERP-05862,PROJ-5545,Iquitos,Business Proc,48,62,9984,21734,12774,8960,4,6,PM_SOTO,SRV-NODE-2
ERP-05863,PROJ-7002,Cajamarca,Videoconference,91,121,36400,67416,50234,17182,42,71,PM_SOTO,SRV-NODE-9
ERP-05864,PROJ-2001,Cusco,Business Proc,30,30,11430,24582,11567,13015,5,7,PM_RIVAS,SRV-NODE-9
ERP-05865,PROJ-4410,Piura,Business Proc,123,150,47724,103822,64395,39427,30,35,PM_PEREZ,SRV-NODE-3
ERP-05866,PROJ-1846,Lima,Business Proc,32,39,7072,14199,9864,4335,47,69,PM_MEZA,SRV-NODE-9
ERP-05867,PROJ-4470,Arequipa,Audiovisual,180,235,46620,79852,56515,23337,45,73,PM_MEZA,SRV-NODE-5
ERP-05868,PROJ-6187,Tacna,Videoconference,70,92,20020,42200,21169,21031,34,40,PM_RIVAS,SRV-NODE-5
ERP-05869,PROJ-5871,Puno,Audiovisual,179,191,41707,75746,50035,25711,19,31,PM_RIVAS,SRV-NODE-3
ERP-05870,PROJ-5107,Arequipa,Videoconference,40,42,21200,40579,23531,17048,40,9,PM_RIVAS,SRV-NODE-8
ERP-05871,PROJ-6573,Lima,Business Proc,117,134,41184,85882,48148,37734,25,29,PM_VEGA,SRV-NODE-5
ERP-05872,PROJ-8045,Cusco,Audiovisual,38,47,14630,27855,15079,12776,36,39,PM_PEREZ,SRV-NODE-5
ERP-05873,PROJ-5195,Lima,Videoconference,118,157,27730,54369,30407,23962,31,22,PM_PEREZ,SRV-NODE-8
ERP-05874,PROJ-7815,Huancayo,Business Proc,92,94,32200,68983,43056,25927,5,1,PM_RIVAS,SRV-NODE-9
ERP-05875,PROJ-9457,Piura,Audiovisual,37,48,20720,37933,28859,9074,46,44,PM_MEZA,SRV-NODE-5
ERP-05876,PROJ-6235,Puno,Project Mgmt,89,100,37558,65004,50392,14612,11,9,PM_RIVAS,SRV-NODE-1
ERP-05877,PROJ-5362,Puno,Project Mgmt,41,43,22263,35754,28525,7229,41,55,PM_RIVAS,SRV-NODE-8
ERP-05878,PROJ-2599,Huancayo,Project Mgmt,143,176,43758,76098,59850,16248,46,70,PM_PEREZ,SRV-NODE-5
ERP-05879,PROJ-9746,Arequipa,Business Proc,25,28,5000,10137,5417,4720,27,27,PM_SOTO,SRV-NODE-8
ERP-05880,PROJ-7887,Iquitos,Project Mgmt,59,76,34810,57406,42828,14578,12,2,PM_RIVAS,SRV-NODE-2
ERP-05881,PROJ-6827,Piura,Videoconference,129,139,37668,62661,37941,24720,10,1,PM_PEREZ,SRV-NODE-10
ERP-05882,PROJ-7448,Trujillo,Videoconference,176,221,35200,75966,44659,31307,14,6,PM_MEZA,SRV-NODE-5
ERP-05883,PROJ-5623,Lima,Project Mgmt,155,188,59830,120842,66200,54642,17,7,PM_MEZA,SRV-NODE-7
ERP-05884,PROJ-6058,Trujillo,Business Proc,109,114,54064,94624,60339,34285,47,43,PM_RIVAS,SRV-NODE-1
ERP-05885,PROJ-2412,Tacna,Videoconference,79,98,31916,53200,38786,14414,47,22,PM_VEGA,SRV-NODE-8
ERP-05886,PROJ-6002,Trujillo,Project Mgmt,25,30,7125,11440,8863,2577,44,24,PM_PEREZ,SRV-NODE-1
ERP-05887,PROJ-1139,Huancayo,Business Proc,173,199,77677,170728,101356,69372,32,13,PM_VEGA,SRV-NODE-10
ERP-05888,PROJ-4383,Trujillo,Project Mgmt,176,187,71104,116488,73583,42905,47,79,PM_PEREZ,SRV-NODE-10
ERP-05889,PROJ-8610,Trujillo,Audiovisual,29,36,6235,13565,7864,5701,47,32,PM_PEREZ,SRV-NODE-10
ERP-05890,PROJ-2947,Lima,Audiovisual,154,158,74844,133043,85496,47547,3,1,PM_SOTO,SRV-NODE-6
ERP-05891,PROJ-8145,Piura,Business Proc,73,83,43435,87553,54731,32822,12,15,PM_PEREZ,SRV-NODE-9
ERP-05892,PROJ-4058,Trujillo,Business Proc,159,206,54696,100581,70476,30105,28,44,PM_SOTO,SRV-NODE-6
ERP-05893,PROJ-8831,Piura,Audiovisual,72,82,21744,45624,21892,23732,43,34,PM_VEGA,SRV-NODE-4
ERP-05894,PROJ-6622,Iquitos,Videoconference,103,125,61697,118606,86239,32367,12,6,PM_MEZA,SRV-NODE-6
ERP-05895,PROJ-8881,Puno,Videoconference,117,139,25038,43728,34796,8932,32,18,PM_SOTO,SRV-NODE-9
ERP-05896,PROJ-6691,Arequipa,Audiovisual,174,229,82302,134408,113448,20960,12,16,PM_RIVAS,SRV-NODE-6
ERP-05897,PROJ-4271,Iquitos,Business Proc,136,166,53040,99674,63018,36656,47,54,PM_RIVAS,SRV-NODE-1
ERP-05898,PROJ-9874,Trujillo,Videoconference,103,138,58916,94479,59786,34693,15,26,PM_SOTO,SRV-NODE-3
ERP-05899,PROJ-1788,Tacna,Business Proc,170,182,80580,145954,91418,54536,18,9,PM_PEREZ,SRV-NODE-8
ERP-05900,PROJ-3473,Arequipa,Videoconference,47,57,22278,36402,26604,9798,23,21,PM_RIVAS,SRV-NODE-10
ERP-05901,PROJ-9918,Lima,Videoconference,33,37,8745,17822,9573,8249,40,27,PM_PEREZ,SRV-NODE-2
ERP-05902,PROJ-1365,Tacna,Audiovisual,30,36,9360,18703,10062,8641,30,37,PM_MEZA,SRV-NODE-9
ERP-05903,PROJ-7472,Cajamarca,Project Mgmt,175,231,88725,152366,114344,38022,25,25,PM_RIVAS,SRV-NODE-6
ERP-05904,PROJ-1579,Trujillo,Business Proc,168,212,74592,131186,96403,34783,37,20,PM_PEREZ,SRV-NODE-1
ERP-05905,PROJ-7312,Cusco,Audiovisual,80,94,16160,33765,16940,16825,40,19,PM_RIVAS,SRV-NODE-7
ERP-05906,PROJ-7192,Trujillo,Audiovisual,56,72,24136,42912,32632,10280,40,38,PM_MEZA,SRV-NODE-8
ERP-05907,PROJ-7604,Iquitos,Audiovisual,166,196,57934,115077,64685,50392,12,7,PM_RIVAS,SRV-NODE-10
ERP-05908,PROJ-7653,Lima,Business Proc,67,88,33701,69138,40533,28605,21,21,PM_SOTO,SRV-NODE-9
ERP-05909,PROJ-4363,Cajamarca,Business Proc,110,144,54340,105180,58913,46267,10,6,PM_VEGA,SRV-NODE-1
ERP-05910,PROJ-7333,Puno,Audiovisual,162,169,86346,163425,87086,76339,3,5,PM_VEGA,SRV-NODE-9
ERP-05911,PROJ-4465,Cusco,Project Mgmt,28,34,6720,13500,6970,6530,45,52,PM_VEGA,SRV-NODE-9
ERP-05912,PROJ-8381,Puno,Audiovisual,53,56,29733,59017,32762,26255,45,74,PM_MEZA,SRV-NODE-1
ERP-05913,PROJ-5762,Cajamarca,Project Mgmt,49,55,15435,25657,21355,4302,11,19,PM_VEGA,SRV-NODE-6
ERP-05914,PROJ-5947,Huancayo,Project Mgmt,102,121,31314,54060,36379,17681,48,75,PM_VEGA,SRV-NODE-10
ERP-05915,PROJ-5477,Piura,Audiovisual,27,35,7317,14341,8115,6226,45,71,PM_MEZA,SRV-NODE-8
ERP-05916,PROJ-9349,Tacna,Project Mgmt,87,108,51678,82952,66004,16948,7,2,PM_MEZA,SRV-NODE-2
ERP-05917,PROJ-3776,Tacna,Videoconference,47,55,13489,28724,14842,13882,29,28,PM_PEREZ,SRV-NODE-1
ERP-05918,PROJ-1050,Lima,Audiovisual,144,152,48816,87660,52418,35242,19,22,PM_SOTO,SRV-NODE-6
ERP-05919,PROJ-4965,Trujillo,Project Mgmt,172,218,91504,164013,99003,65010,34,37,PM_RIVAS,SRV-NODE-6
ERP-05920,PROJ-6274,Puno,Project Mgmt,110,129,48180,80762,55079,25683,38,54,PM_SOTO,SRV-NODE-5
ERP-05921,PROJ-1329,Trujillo,Videoconference,92,124,24196,39117,27346,11771,36,46,PM_MEZA,SRV-NODE-7
ERP-05922,PROJ-7497,Arequipa,Project Mgmt,23,28,7429,12039,9611,2428,36,20,PM_SOTO,SRV-NODE-5
ERP-05923,PROJ-8799,Iquitos,Videoconference,73,85,23652,48151,32781,15370,22,23,PM_SOTO,SRV-NODE-7
ERP-05924,PROJ-3525,Puno,Business Proc,34,37,7650,15503,10280,5223,44,32,PM_VEGA,SRV-NODE-8
ERP-05925,PROJ-2948,Puno,Business Proc,99,129,52569,114311,58710,55601,27,17,PM_VEGA,SRV-NODE-3
ERP-05926,PROJ-7257,Arequipa,Business Proc,70,78,33460,61605,44718,16887,24,9,PM_PEREZ,SRV-NODE-6
ERP-05927,PROJ-3640,Lima,Project Mgmt,144,183,81216,157141,95143,61998,29,7,PM_MEZA,SRV-NODE-3
ERP-05928,PROJ-7550,Puno,Project Mgmt,94,102,31396,66691,37897,28794,37,40,PM_PEREZ,SRV-NODE-7
ERP-05929,PROJ-7228,Puno,Project Mgmt,37,40,8436,15192,9036,6156,4,3,PM_MEZA,SRV-NODE-7
ERP-05930,PROJ-7599,Tacna,Project Mgmt,75,83,28200,57106,37768,19338,31,22,PM_PEREZ,SRV-NODE-7
ERP-05931,PROJ-2806,Trujillo,Project Mgmt,81,90,37422,80485,51625,28860,22,23,PM_PEREZ,SRV-NODE-7
ERP-05932,PROJ-9928,Cajamarca,Project Mgmt,26,34,6734,14490,8610,5880,15,16,PM_RIVAS,SRV-NODE-5
ERP-05933,PROJ-3952,Cusco,Business Proc,78,83,40014,84146,50565,33581,16,8,PM_MEZA,SRV-NODE-10
ERP-05934,PROJ-6948,Piura,Business Proc,49,66,16023,29379,16660,12719,25,31,PM_VEGA,SRV-NODE-6
ERP-05935,PROJ-6531,Arequipa,Project Mgmt,97,99,33659,61216,36248,24968,32,26,PM_PEREZ,SRV-NODE-5
ERP-05936,PROJ-4230,Lima,Project Mgmt,101,123,51106,92010,58889,33121,17,8,PM_VEGA,SRV-NODE-4
ERP-05937,PROJ-4462,Piura,Project Mgmt,110,134,25300,41059,25942,15117,5,6,PM_VEGA,SRV-NODE-6
ERP-05938,PROJ-9985,Tacna,Videoconference,117,149,47619,84603,53087,31516,46,15,PM_RIVAS,SRV-NODE-2
ERP-05939,PROJ-7650,Lima,Audiovisual,143,188,72787,142137,76644,65493,10,11,PM_RIVAS,SRV-NODE-9
ERP-05940,PROJ-7716,Trujillo,Business Proc,76,94,18924,31603,22656,8947,17,14,PM_SOTO,SRV-NODE-7
ERP-05941,PROJ-4680,Piura,Project Mgmt,106,124,30104,52040,35949,16091,20,29,PM_VEGA,SRV-NODE-7
ERP-05942,PROJ-8023,Puno,Audiovisual,152,179,42104,85905,55976,29929,46,78,PM_RIVAS,SRV-NODE-6
ERP-05943,PROJ-4714,Tacna,Project Mgmt,22,29,10780,19459,11847,7612,33,43,PM_SOTO,SRV-NODE-4
ERP-05944,PROJ-7725,Piura,Project Mgmt,158,177,32232,55516,40679,14837,3,2,PM_SOTO,SRV-NODE-10
ERP-05945,PROJ-3968,Tacna,Business Proc,155,166,31620,52188,35534,16654,15,5,PM_SOTO,SRV-NODE-4
ERP-05946,PROJ-1344,Iquitos,Audiovisual,166,182,80510,176566,111765,64801,33,22,PM_SOTO,SRV-NODE-8
ERP-05947,PROJ-8551,Arequipa,Videoconference,24,30,11736,25526,15856,9670,44,39,PM_RIVAS,SRV-NODE-7
ERP-05948,PROJ-1425,Piura,Business Proc,149,189,40081,78646,53049,25597,21,31,PM_RIVAS,SRV-NODE-7
ERP-05949,PROJ-8599,Tacna,Audiovisual,100,115,58900,118684,64863,53821,8,5,PM_PEREZ,SRV-NODE-5
ERP-05950,PROJ-7147,Lima,Project Mgmt,84,96,21168,44753,22672,22081,47,36,PM_SOTO,SRV-NODE-9
ERP-05951,PROJ-4411,Huancayo,Project Mgmt,123,139,53259,87851,68273,19578,15,1,PM_MEZA,SRV-NODE-5
ERP-05952,PROJ-9890,Cajamarca,Project Mgmt,29,29,7453,14055,8831,5224,24,23,PM_RIVAS,SRV-NODE-10
ERP-05953,PROJ-3077,Arequipa,Audiovisual,59,68,20473,40737,22741,17996,32,17,PM_VEGA,SRV-NODE-7
ERP-05954,PROJ-8900,Cajamarca,Project Mgmt,43,57,16125,33646,19764,13882,10,1,PM_PEREZ,SRV-NODE-2
ERP-05955,PROJ-2902,Puno,Audiovisual,115,125,57960,109308,63454,45854,25,34,PM_VEGA,SRV-NODE-5
ERP-05956,PROJ-1916,Huancayo,Business Proc,106,126,22684,41445,27691,13754,12,15,PM_PEREZ,SRV-NODE-8
ERP-05957,PROJ-7170,Huancayo,Audiovisual,66,74,31680,66694,44230,22464,38,49,PM_PEREZ,SRV-NODE-5
ERP-05958,PROJ-2453,Tacna,Project Mgmt,34,45,13770,24155,18306,5849,18,20,PM_VEGA,SRV-NODE-4
ERP-05959,PROJ-6372,Piura,Audiovisual,75,93,33525,63811,38257,25554,19,7,PM_MEZA,SRV-NODE-1
ERP-05960,PROJ-5797,Tacna,Videoconference,27,32,7047,12567,8877,3690,50,26,PM_MEZA,SRV-NODE-3
ERP-05961,PROJ-2656,Iquitos,Videoconference,157,164,32970,68750,37557,31193,8,3,PM_SOTO,SRV-NODE-1
ERP-05962,PROJ-6550,Trujillo,Business Proc,56,70,22288,48342,25103,23239,8,11,PM_SOTO,SRV-NODE-7
ERP-05963,PROJ-8953,Iquitos,Audiovisual,82,105,35998,59057,36363,22694,48,11,PM_MEZA,SRV-NODE-3
ERP-05964,PROJ-3760,Trujillo,Project Mgmt,122,133,65392,130087,85780,44307,23,18,PM_PEREZ,SRV-NODE-4
ERP-05965,PROJ-9611,Puno,Audiovisual,71,83,41961,81274,53994,27280,47,51,PM_PEREZ,SRV-NODE-2
ERP-05966,PROJ-8777,Cajamarca,Videoconference,120,139,46440,90950,47285,43665,20,15,PM_RIVAS,SRV-NODE-5
ERP-05967,PROJ-9155,Iquitos,Business Proc,77,94,26873,49826,30103,19723,49,10,PM_RIVAS,SRV-NODE-9
ERP-05968,PROJ-3861,Tacna,Project Mgmt,116,142,24824,50218,31742,18476,26,46,PM_MEZA,SRV-NODE-4
ERP-05969,PROJ-8131,Piura,Videoconference,75,79,15450,25705,17927,7778,40,43,PM_MEZA,SRV-NODE-9
ERP-05970,PROJ-7223,Lima,Videoconference,37,42,13801,23585,14661,8924,42,30,PM_RIVAS,SRV-NODE-4
ERP-05971,PROJ-4320,Cajamarca,Videoconference,122,163,64416,110079,87670,22409,41,32,PM_MEZA,SRV-NODE-3
ERP-05972,PROJ-2639,Trujillo,Business Proc,123,145,28782,60882,34274,26608,16,25,PM_MEZA,SRV-NODE-9
ERP-05973,PROJ-6375,Trujillo,Business Proc,165,177,86295,157966,102168,55798,46,57,PM_VEGA,SRV-NODE-5
ERP-05974,PROJ-4127,Cajamarca,Project Mgmt,104,131,53872,91285,66940,24345,23,5,PM_MEZA,SRV-NODE-8
ERP-05975,PROJ-6519,Puno,Project Mgmt,100,126,35400,77713,47442,30271,21,27,PM_MEZA,SRV-NODE-5
ERP-05976,PROJ-6199,Arequipa,Business Proc,129,151,68112,110998,74967,36031,50,70,PM_SOTO,SRV-NODE-9
ERP-05977,PROJ-6526,Cusco,Videoconference,121,134,58080,109492,80103,29389,28,36,PM_MEZA,SRV-NODE-1
ERP-05978,PROJ-5923,Cusco,Audiovisual,102,124,31008,60055,36622,23433,7,2,PM_VEGA,SRV-NODE-8
ERP-05979,PROJ-1260,Lima,Audiovisual,59,69,34751,64780,35071,29709,23,23,PM_PEREZ,SRV-NODE-9
ERP-05980,PROJ-3400,Puno,Project Mgmt,155,203,41075,80674,52069,28605,47,50,PM_VEGA,SRV-NODE-9
ERP-05981,PROJ-1256,Trujillo,Project Mgmt,133,151,36841,71596,45330,26266,18,4,PM_SOTO,SRV-NODE-3
ERP-05982,PROJ-2943,Cajamarca,Project Mgmt,72,93,33912,64869,47419,17450,4,5,PM_PEREZ,SRV-NODE-10
ERP-05983,PROJ-1008,Tacna,Business Proc,172,175,58996,112937,78067,34870,28,23,PM_PEREZ,SRV-NODE-2
ERP-05984,PROJ-3526,Puno,Audiovisual,138,178,77418,127496,88159,39337,38,55,PM_PEREZ,SRV-NODE-8
ERP-05985,PROJ-5051,Arequipa,Audiovisual,141,164,51324,99646,66226,33420,6,5,PM_SOTO,SRV-NODE-4
ERP-05986,PROJ-1273,Huancayo,Project Mgmt,66,83,23628,46911,31967,14944,17,3,PM_SOTO,SRV-NODE-8
ERP-05987,PROJ-3637,Tacna,Videoconference,139,184,29329,49784,34205,15579,44,21,PM_RIVAS,SRV-NODE-4
ERP-05988,PROJ-4311,Piura,Videoconference,34,44,16558,28600,21545,7055,12,16,PM_MEZA,SRV-NODE-7
ERP-05989,PROJ-9515,Piura,Business Proc,44,49,9064,15205,12084,3121,4,6,PM_VEGA,SRV-NODE-9
ERP-05990,PROJ-1814,Tacna,Audiovisual,165,209,52635,92349,54451,37898,25,7,PM_PEREZ,SRV-NODE-5
ERP-05991,PROJ-4839,Cusco,Business Proc,75,94,44625,88281,56647,31634,21,13,PM_VEGA,SRV-NODE-5
ERP-05992,PROJ-4916,Cajamarca,Audiovisual,65,81,36660,69103,48053,21050,50,7,PM_SOTO,SRV-NODE-3
ERP-05993,PROJ-8882,Huancayo,Audiovisual,157,201,70022,122658,79620,43038,21,24,PM_PEREZ,SRV-NODE-5
ERP-05994,PROJ-4840,Huancayo,Project Mgmt,27,31,11934,22226,16634,5592,27,19,PM_SOTO,SRV-NODE-1
ERP-05995,PROJ-2477,Huancayo,Business Proc,68,76,34204,69684,39254,30430,26,39,PM_PEREZ,SRV-NODE-4
ERP-05996,PROJ-8924,Cajamarca,Videoconference,124,146,60016,127405,61038,66367,19,28,PM_PEREZ,SRV-NODE-9
ERP-05997,PROJ-3569,Cajamarca,Audiovisual,136,153,68136,147764,76263,71501,6,0,PM_PEREZ,SRV-NODE-3
ERP-05998,PROJ-8201,Trujillo,Videoconference,113,140,29832,61879,34168,27711,25,41,PM_RIVAS,SRV-NODE-5
ERP-05999,PROJ-1633,Puno,Videoconference,37,44,16280,30119,22764,7355,28,31,PM_RIVAS,SRV-NODE-8
ERP-06000,PROJ-7851,Cusco,Project Mgmt,151,174,85466,177776,98955,78821,25,32,PM_VEGA,SRV-NODE-10
ERP-06001,PROJ-8834,Cajamarca,Project Mgmt,179,215,52268,94345,55010,39335,34,36,PM_PEREZ,SRV-NODE-5
ERP-06002,PROJ-9420,Lima,Audiovisual,149,178,39038,76021,49068,26953,25,20,PM_RIVAS,SRV-NODE-10
ERP-06003,PROJ-3602,Iquitos,Project Mgmt,173,193,60723,128753,83575,45178,11,9,PM_VEGA,SRV-NODE-8
ERP-06004,PROJ-2623,Cusco,Project Mgmt,24,25,10488,22655,11133,11522,24,3,PM_SOTO,SRV-NODE-3
ERP-06005,PROJ-4219,Lima,Business Proc,151,196,66289,127267,76731,50536,50,10,PM_VEGA,SRV-NODE-9
ERP-06006,PROJ-2173,Puno,Audiovisual,132,167,74052,146165,78071,68094,38,23,PM_VEGA,SRV-NODE-4
ERP-06007,PROJ-6128,Tacna,Project Mgmt,168,206,93408,205079,103373,101706,38,55,PM_PEREZ,SRV-NODE-3
ERP-06008,PROJ-3470,Cusco,Project Mgmt,153,200,32436,53681,40970,12711,17,24,PM_MEZA,SRV-NODE-8
ERP-06009,PROJ-1050,Puno,Videoconference,160,213,56800,97652,72716,24936,30,12,PM_SOTO,SRV-NODE-3
ERP-06010,PROJ-8937,Cajamarca,Project Mgmt,160,206,55040,108195,60177,48018,22,38,PM_RIVAS,SRV-NODE-4
ERP-06011,PROJ-4682,Piura,Project Mgmt,56,66,15344,25187,18909,6278,21,13,PM_SOTO,SRV-NODE-7
ERP-06012,PROJ-8402,Tacna,Project Mgmt,121,133,69575,114147,73555,40592,4,5,PM_SOTO,SRV-NODE-9
ERP-06013,PROJ-8221,Arequipa,Audiovisual,164,205,34932,67589,41191,26398,10,7,PM_VEGA,SRV-NODE-8
ERP-06014,PROJ-1386,Puno,Videoconference,41,48,23903,49613,24680,24933,3,4,PM_PEREZ,SRV-NODE-9
ERP-06015,PROJ-5433,Cajamarca,Videoconference,105,132,52815,115796,59698,56098,15,26,PM_VEGA,SRV-NODE-5
ERP-06016,PROJ-4077,Piura,Audiovisual,150,186,30900,67922,31840,36082,42,50,PM_MEZA,SRV-NODE-4
ERP-06017,PROJ-6231,Huancayo,Project Mgmt,79,94,43766,89642,54728,34914,35,14,PM_MEZA,SRV-NODE-6
ERP-06018,PROJ-3955,Iquitos,Project Mgmt,94,97,35720,59170,46890,12280,22,36,PM_MEZA,SRV-NODE-4
ERP-06019,PROJ-3661,Iquitos,Audiovisual,177,234,44604,96373,57845,38528,40,66,PM_MEZA,SRV-NODE-2
ERP-06020,PROJ-9222,Iquitos,Videoconference,94,118,35532,72893,37371,35522,38,36,PM_MEZA,SRV-NODE-2
ERP-06021,PROJ-5139,Lima,Project Mgmt,40,43,13360,21742,14140,7602,45,44,PM_VEGA,SRV-NODE-6
ERP-06022,PROJ-3327,Cajamarca,Project Mgmt,34,44,12988,20898,14438,6460,40,38,PM_SOTO,SRV-NODE-7
ERP-06023,PROJ-7645,Tacna,Business Proc,96,117,38400,75116,52614,22502,31,5,PM_PEREZ,SRV-NODE-2
ERP-06024,PROJ-1029,Tacna,Business Proc,73,93,40150,79352,51768,27584,21,14,PM_PEREZ,SRV-NODE-8
ERP-06025,PROJ-6684,Huancayo,Videoconference,173,181,76812,124268,85594,38674,7,6,PM_SOTO,SRV-NODE-3
ERP-06026,PROJ-7224,Trujillo,Business Proc,24,26,5928,10820,6263,4557,34,58,PM_VEGA,SRV-NODE-1
ERP-06027,PROJ-6044,Huancayo,Project Mgmt,177,178,71685,116591,80221,36370,9,3,PM_MEZA,SRV-NODE-10
ERP-06028,PROJ-2581,Arequipa,Business Proc,99,127,38907,64648,46783,17865,3,5,PM_RIVAS,SRV-NODE-2
ERP-06029,PROJ-7392,Iquitos,Project Mgmt,24,26,8928,17089,9334,7755,31,26,PM_SOTO,SRV-NODE-6
ERP-06030,PROJ-3988,Piura,Business Proc,137,137,60828,124150,76229,47921,19,12,PM_SOTO,SRV-NODE-8
ERP-06031,PROJ-9009,Tacna,Business Proc,42,56,14532,23454,16063,7391,47,15,PM_PEREZ,SRV-NODE-4
ERP-06032,PROJ-1784,Piura,Project Mgmt,154,185,91168,149194,116384,32810,38,48,PM_PEREZ,SRV-NODE-2
ERP-06033,PROJ-9048,Huancayo,Audiovisual,95,108,39425,86196,42381,43815,50,12,PM_PEREZ,SRV-NODE-6
ERP-06034,PROJ-1195,Cusco,Audiovisual,36,41,17280,36628,17840,18788,9,14,PM_RIVAS,SRV-NODE-9
ERP-06035,PROJ-4202,Arequipa,Business Proc,88,91,50688,97813,70097,27716,14,18,PM_PEREZ,SRV-NODE-2
ERP-06036,PROJ-6618,Trujillo,Audiovisual,91,103,32487,56958,39498,17460,11,1,PM_SOTO,SRV-NODE-1
ERP-06037,PROJ-6382,Trujillo,Project Mgmt,71,85,14342,27963,17020,10943,9,13,PM_MEZA,SRV-NODE-5
ERP-06038,PROJ-6238,Lima,Audiovisual,150,151,55350,116232,71203,45029,19,7,PM_PEREZ,SRV-NODE-4
ERP-06039,PROJ-6136,Huancayo,Project Mgmt,59,61,20768,40598,26508,14090,45,39,PM_RIVAS,SRV-NODE-3
ERP-06040,PROJ-2619,Trujillo,Audiovisual,28,28,7084,12378,9547,2831,4,5,PM_MEZA,SRV-NODE-10
ERP-06041,PROJ-7669,Piura,Videoconference,71,75,15762,26961,19097,7864,42,65,PM_VEGA,SRV-NODE-10
ERP-06042,PROJ-7473,Lima,Business Proc,37,37,17242,35401,22753,12648,5,2,PM_SOTO,SRV-NODE-9
ERP-06043,PROJ-7945,Iquitos,Audiovisual,123,151,40959,72380,44080,28300,25,31,PM_PEREZ,SRV-NODE-4
ERP-06044,PROJ-1589,Huancayo,Business Proc,150,181,48750,81761,48962,32799,27,46,PM_RIVAS,SRV-NODE-1
ERP-06045,PROJ-6863,Arequipa,Audiovisual,20,22,8460,17160,8941,8219,4,0,PM_VEGA,SRV-NODE-8
ERP-06046,PROJ-5941,Arequipa,Business Proc,35,39,10115,20445,10916,9529,20,29,PM_PEREZ,SRV-NODE-10
ERP-06047,PROJ-1541,Iquitos,Audiovisual,37,44,13838,29267,18918,10349,11,2,PM_MEZA,SRV-NODE-2
ERP-06048,PROJ-4235,Iquitos,Project Mgmt,63,77,18837,36936,19057,17879,21,12,PM_RIVAS,SRV-NODE-5
ERP-06049,PROJ-6583,Piura,Videoconference,160,213,77600,125070,106586,18484,4,5,PM_PEREZ,SRV-NODE-1
ERP-06050,PROJ-4621,Cajamarca,Project Mgmt,30,38,10710,17401,12690,4711,49,38,PM_PEREZ,SRV-NODE-3
ERP-06051,PROJ-8529,Cajamarca,Business Proc,52,53,28444,49538,28474,21064,4,4,PM_MEZA,SRV-NODE-2
ERP-06052,PROJ-5799,Piura,Videoconference,58,67,21170,38632,27183,11449,14,17,PM_PEREZ,SRV-NODE-10
ERP-06053,PROJ-3087,Iquitos,Project Mgmt,92,117,36064,59064,44539,14525,29,31,PM_RIVAS,SRV-NODE-10
ERP-06054,PROJ-3831,Huancayo,Business Proc,55,71,19910,32233,27362,4871,23,27,PM_VEGA,SRV-NODE-6
ERP-06055,PROJ-9012,Huancayo,Audiovisual,64,85,13568,25203,15216,9987,10,3,PM_VEGA,SRV-NODE-8
ERP-06056,PROJ-4473,Iquitos,Videoconference,28,36,16352,28621,22521,6100,41,4,PM_VEGA,SRV-NODE-10
ERP-06057,PROJ-8135,Lima,Project Mgmt,65,76,32175,59617,36595,23022,30,3,PM_VEGA,SRV-NODE-4
ERP-06058,PROJ-9508,Huancayo,Videoconference,90,107,45360,91549,46454,45095,33,56,PM_MEZA,SRV-NODE-3
ERP-06059,PROJ-1790,Lima,Business Proc,68,86,15912,32401,21711,10690,36,28,PM_MEZA,SRV-NODE-3
ERP-06060,PROJ-3191,Cusco,Project Mgmt,65,76,35750,66175,44743,21432,12,6,PM_MEZA,SRV-NODE-3
ERP-06061,PROJ-4517,Cajamarca,Audiovisual,107,124,51146,94349,68133,26216,18,5,PM_VEGA,SRV-NODE-5
ERP-06062,PROJ-5652,Lima,Business Proc,37,49,20720,39139,20745,18394,36,31,PM_SOTO,SRV-NODE-2
ERP-06063,PROJ-2858,Cajamarca,Videoconference,106,109,61162,126687,69213,57474,31,29,PM_RIVAS,SRV-NODE-9
ERP-06064,PROJ-2896,Piura,Business Proc,84,101,38556,79123,52307,26816,16,25,PM_RIVAS,SRV-NODE-10
ERP-06065,PROJ-5909,Lima,Business Proc,119,154,59619,97992,62582,35410,25,17,PM_MEZA,SRV-NODE-8
ERP-06066,PROJ-2286,Tacna,Project Mgmt,20,20,4500,8979,5706,3273,11,7,PM_VEGA,SRV-NODE-4
ERP-06067,PROJ-8147,Tacna,Business Proc,151,191,30502,59041,37207,21834,14,18,PM_RIVAS,SRV-NODE-9
ERP-06068,PROJ-8506,Piura,Business Proc,179,214,40454,75696,45439,30257,20,29,PM_MEZA,SRV-NODE-10
ERP-06069,PROJ-5293,Arequipa,Audiovisual,97,128,33271,59419,43269,16150,17,17,PM_PEREZ,SRV-NODE-1
ERP-06070,PROJ-3165,Huancayo,Project Mgmt,89,93,51353,103718,66480,37238,35,30,PM_PEREZ,SRV-NODE-9
ERP-06071,PROJ-9764,Tacna,Audiovisual,36,37,13752,25782,13943,11839,47,5,PM_RIVAS,SRV-NODE-8
ERP-06072,PROJ-1956,Trujillo,Audiovisual,170,197,100640,212764,109437,103327,39,57,PM_RIVAS,SRV-NODE-2
ERP-06073,PROJ-8469,Iquitos,Audiovisual,71,95,18602,34569,25043,9526,33,42,PM_PEREZ,SRV-NODE-4
ERP-06074,PROJ-6355,Piura,Audiovisual,130,164,51350,84672,66777,17895,49,62,PM_RIVAS,SRV-NODE-2
ERP-06075,PROJ-4705,Arequipa,Business Proc,85,109,39695,83006,40793,42213,27,43,PM_SOTO,SRV-NODE-3
ERP-06076,PROJ-5035,Lima,Business Proc,132,162,54120,105084,74583,30501,30,25,PM_SOTO,SRV-NODE-4
ERP-06077,PROJ-4296,Piura,Videoconference,63,74,13230,24542,14610,9932,39,40,PM_MEZA,SRV-NODE-9
ERP-06078,PROJ-8698,Cusco,Business Proc,46,57,17342,28264,18845,9419,11,10,PM_PEREZ,SRV-NODE-6
ERP-06079,PROJ-6151,Arequipa,Project Mgmt,104,121,48776,91270,62997,28273,18,5,PM_MEZA,SRV-NODE-6
ERP-06080,PROJ-7173,Lima,Project Mgmt,158,170,83424,163676,96017,67659,26,31,PM_VEGA,SRV-NODE-9
ERP-06081,PROJ-3048,Huancayo,Videoconference,84,97,34020,58989,36890,22099,19,15,PM_MEZA,SRV-NODE-7
ERP-06082,PROJ-6737,Tacna,Videoconference,124,145,68448,134486,73968,60518,18,20,PM_VEGA,SRV-NODE-6
ERP-06083,PROJ-3101,Trujillo,Project Mgmt,62,79,24800,50083,25360,24723,3,2,PM_VEGA,SRV-NODE-4
ERP-06084,PROJ-8621,Lima,Project Mgmt,154,159,70070,121714,84488,37226,32,6,PM_RIVAS,SRV-NODE-2
ERP-06085,PROJ-1537,Puno,Audiovisual,31,32,7037,13816,7678,6138,38,9,PM_VEGA,SRV-NODE-1
ERP-06086,PROJ-4966,Iquitos,Business Proc,153,178,31365,68297,40324,27973,5,7,PM_VEGA,SRV-NODE-1
ERP-06087,PROJ-6285,Piura,Videoconference,149,200,76139,141292,102095,39197,18,20,PM_RIVAS,SRV-NODE-3
ERP-06088,PROJ-6824,Tacna,Videoconference,98,104,43316,87536,54736,32800,50,27,PM_RIVAS,SRV-NODE-8
ERP-06089,PROJ-1329,Tacna,Business Proc,80,92,18240,38779,21045,17734,4,6,PM_RIVAS,SRV-NODE-10
ERP-06090,PROJ-6464,Lima,Audiovisual,141,145,72333,126925,81630,45295,5,2,PM_PEREZ,SRV-NODE-5
ERP-06091,PROJ-7578,Cajamarca,Project Mgmt,68,91,17816,33343,20274,13069,46,34,PM_VEGA,SRV-NODE-1
ERP-06092,PROJ-1278,Huancayo,Business Proc,102,104,42942,75106,54736,20370,17,24,PM_RIVAS,SRV-NODE-6
ERP-06093,PROJ-3514,Piura,Project Mgmt,117,131,68211,111303,77127,34176,39,15,PM_PEREZ,SRV-NODE-6
ERP-06094,PROJ-5559,Lima,Project Mgmt,138,171,28428,59345,28610,30735,8,12,PM_SOTO,SRV-NODE-7
ERP-06095,PROJ-6403,Iquitos,Business Proc,161,177,68425,148232,95133,53099,30,15,PM_MEZA,SRV-NODE-6
ERP-06096,PROJ-8681,Piura,Business Proc,47,62,14147,30401,19081,11320,50,23,PM_RIVAS,SRV-NODE-9
ERP-06097,PROJ-9128,Cusco,Business Proc,33,44,10692,17498,14739,2759,4,3,PM_RIVAS,SRV-NODE-4
ERP-06098,PROJ-8053,Cajamarca,Audiovisual,124,144,55056,99998,71280,28718,25,5,PM_RIVAS,SRV-NODE-1
ERP-06099,PROJ-5190,Cusco,Audiovisual,67,74,30217,53690,34587,19103,38,62,PM_RIVAS,SRV-NODE-1
ERP-06100,PROJ-9296,Tacna,Videoconference,90,92,53280,116534,68477,48057,48,64,PM_MEZA,SRV-NODE-3
ERP-06101,PROJ-9027,Lima,Videoconference,90,102,50850,87631,67940,19691,11,1,PM_VEGA,SRV-NODE-10
ERP-06102,PROJ-8407,Arequipa,Project Mgmt,177,235,101598,172938,116505,56433,5,5,PM_RIVAS,SRV-NODE-7
ERP-06103,PROJ-5101,Cajamarca,Business Proc,173,199,60031,108721,62846,45875,18,29,PM_PEREZ,SRV-NODE-6
ERP-06104,PROJ-4168,Puno,Business Proc,113,121,43618,91654,48184,43470,48,35,PM_VEGA,SRV-NODE-7
ERP-06105,PROJ-8868,Piura,Project Mgmt,168,206,56616,105411,62382,43029,30,16,PM_RIVAS,SRV-NODE-3
ERP-06106,PROJ-9007,Puno,Videoconference,48,58,20880,38745,21779,16966,26,43,PM_SOTO,SRV-NODE-10
ERP-06107,PROJ-2834,Arequipa,Project Mgmt,152,164,42560,70796,54298,16498,19,13,PM_VEGA,SRV-NODE-10
ERP-06108,PROJ-7929,Puno,Audiovisual,24,31,8016,15826,10482,5344,19,10,PM_SOTO,SRV-NODE-3
ERP-06109,PROJ-8522,Tacna,Audiovisual,116,141,59856,105560,73547,32013,29,21,PM_MEZA,SRV-NODE-9
ERP-06110,PROJ-3857,Piura,Project Mgmt,21,23,4284,8230,5019,3211,11,8,PM_VEGA,SRV-NODE-4
ERP-06111,PROJ-8698,Huancayo,Audiovisual,88,106,39864,68769,53310,15459,48,30,PM_MEZA,SRV-NODE-3
ERP-06112,PROJ-8904,Piura,Project Mgmt,179,196,61934,119598,82380,37218,22,33,PM_RIVAS,SRV-NODE-1
ERP-06113,PROJ-7432,Trujillo,Business Proc,158,176,80896,149520,98649,50871,32,27,PM_RIVAS,SRV-NODE-7
ERP-06114,PROJ-9155,Iquitos,Audiovisual,160,174,73760,129556,91193,38363,22,11,PM_MEZA,SRV-NODE-8
ERP-06115,PROJ-9152,Piura,Business Proc,93,110,21390,35156,29323,5833,18,2,PM_PEREZ,SRV-NODE-8
ERP-06116,PROJ-2058,Huancayo,Videoconference,143,159,36894,76245,47657,28588,13,6,PM_PEREZ,SRV-NODE-6
ERP-06117,PROJ-2142,Arequipa,Business Proc,64,71,32832,60771,39296,21475,18,1,PM_RIVAS,SRV-NODE-4
ERP-06118,PROJ-9634,Iquitos,Videoconference,150,179,79950,147864,100692,47172,31,53,PM_PEREZ,SRV-NODE-4
ERP-06119,PROJ-7888,Lima,Business Proc,162,206,47790,100806,54285,46521,44,64,PM_SOTO,SRV-NODE-8
ERP-06120,PROJ-4240,Arequipa,Audiovisual,50,67,25100,43730,30061,13669,45,27,PM_PEREZ,SRV-NODE-7
ERP-06121,PROJ-5078,Huancayo,Audiovisual,148,185,34484,67210,47748,19462,48,80,PM_PEREZ,SRV-NODE-3
ERP-06122,PROJ-7194,Lima,Project Mgmt,175,198,67550,130000,78734,51266,14,14,PM_MEZA,SRV-NODE-7
ERP-06123,PROJ-5239,Cajamarca,Project Mgmt,107,126,55212,95170,71690,23480,49,53,PM_VEGA,SRV-NODE-8
ERP-06124,PROJ-1102,Tacna,Business Proc,39,48,18096,30684,20857,9827,28,9,PM_VEGA,SRV-NODE-9
ERP-06125,PROJ-9805,Iquitos,Project Mgmt,146,168,54020,92905,73770,19135,21,35,PM_RIVAS,SRV-NODE-6
ERP-06126,PROJ-6770,Huancayo,Videoconference,129,132,37926,65819,49078,16741,33,46,PM_PEREZ,SRV-NODE-9
ERP-06127,PROJ-7962,Arequipa,Audiovisual,59,66,17995,31491,18918,12573,12,10,PM_PEREZ,SRV-NODE-9
ERP-06128,PROJ-6880,Arequipa,Videoconference,46,56,21022,44568,23995,20573,18,26,PM_PEREZ,SRV-NODE-7
ERP-06129,PROJ-1420,Trujillo,Project Mgmt,166,222,85656,179957,91273,88684,19,31,PM_PEREZ,SRV-NODE-10
ERP-06130,PROJ-1911,Trujillo,Project Mgmt,67,67,30016,62321,39474,22847,13,8,PM_PEREZ,SRV-NODE-6
ERP-06131,PROJ-3390,Iquitos,Audiovisual,33,39,9834,20133,11670,8463,36,64,PM_SOTO,SRV-NODE-9
ERP-06132,PROJ-7311,Lima,Project Mgmt,156,168,62868,108279,78075,30204,30,52,PM_VEGA,SRV-NODE-3
ERP-06133,PROJ-3732,Lima,Audiovisual,76,88,22800,42240,27792,14448,40,50,PM_SOTO,SRV-NODE-5
ERP-06134,PROJ-2290,Piura,Audiovisual,93,116,34782,59920,48313,11607,15,10,PM_PEREZ,SRV-NODE-10
ERP-06135,PROJ-9059,Lima,Videoconference,90,96,23310,41978,30736,11242,3,3,PM_VEGA,SRV-NODE-7
ERP-06136,PROJ-5965,Puno,Business Proc,40,44,14840,27840,15308,12532,48,80,PM_SOTO,SRV-NODE-10
ERP-06137,PROJ-7695,Cusco,Business Proc,158,170,36656,68979,38517,30462,30,53,PM_RIVAS,SRV-NODE-10
ERP-06138,PROJ-5600,Lima,Audiovisual,110,133,49280,83139,58590,24549,37,62,PM_RIVAS,SRV-NODE-6
ERP-06139,PROJ-1594,Puno,Business Proc,47,61,25333,45490,29352,16138,19,6,PM_VEGA,SRV-NODE-10
ERP-06140,PROJ-1526,Lima,Project Mgmt,98,103,43022,74815,54963,19852,21,30,PM_PEREZ,SRV-NODE-2
ERP-06141,PROJ-1947,Cusco,Project Mgmt,176,208,59840,107341,78958,28383,40,23,PM_SOTO,SRV-NODE-6
ERP-06142,PROJ-2903,Lima,Audiovisual,180,232,84600,150803,114015,36788,17,2,PM_MEZA,SRV-NODE-5
ERP-06143,PROJ-6237,Arequipa,Business Proc,33,39,19437,31595,19477,12118,44,76,PM_VEGA,SRV-NODE-1
ERP-06144,PROJ-2679,Trujillo,Project Mgmt,50,56,20800,41933,24486,17447,45,35,PM_SOTO,SRV-NODE-10
ERP-06145,PROJ-7503,Tacna,Business Proc,135,151,40230,70207,48143,22064,6,10,PM_PEREZ,SRV-NODE-1
ERP-06146,PROJ-6964,Trujillo,Videoconference,175,230,88375,194172,106526,87646,22,21,PM_MEZA,SRV-NODE-6
ERP-06147,PROJ-2125,Cajamarca,Audiovisual,27,29,10611,21379,10898,10481,49,39,PM_PEREZ,SRV-NODE-10
ERP-06148,PROJ-4329,Cajamarca,Audiovisual,142,160,70716,124008,72087,51921,25,16,PM_MEZA,SRV-NODE-7
ERP-06149,PROJ-6444,Iquitos,Videoconference,154,205,80234,163393,81119,82274,22,28,PM_SOTO,SRV-NODE-4
ERP-06150,PROJ-4623,Tacna,Videoconference,108,109,26028,48152,33454,14698,31,26,PM_RIVAS,SRV-NODE-5
ERP-06151,PROJ-1719,Iquitos,Business Proc,24,24,13920,27651,17226,10425,17,22,PM_MEZA,SRV-NODE-7
ERP-06152,PROJ-7105,Cusco,Business Proc,32,40,7680,14416,9413,5003,43,14,PM_MEZA,SRV-NODE-2
ERP-06153,PROJ-2753,Piura,Project Mgmt,177,195,70977,129265,80286,48979,31,28,PM_MEZA,SRV-NODE-7
ERP-06154,PROJ-2935,Tacna,Audiovisual,30,35,8310,16882,11331,5551,21,8,PM_RIVAS,SRV-NODE-9
ERP-06155,PROJ-5190,Trujillo,Business Proc,111,124,37185,71860,37900,33960,21,26,PM_RIVAS,SRV-NODE-1
ERP-06156,PROJ-5463,Arequipa,Videoconference,79,96,22831,43780,28949,14831,35,5,PM_VEGA,SRV-NODE-8
ERP-06157,PROJ-2034,Cusco,Business Proc,31,33,16492,33984,16738,17246,17,14,PM_MEZA,SRV-NODE-10
ERP-06158,PROJ-6575,Cusco,Project Mgmt,145,170,48865,93428,66028,27400,41,46,PM_VEGA,SRV-NODE-7
ERP-06159,PROJ-5984,Cajamarca,Project Mgmt,48,54,28272,49164,37851,11313,9,3,PM_PEREZ,SRV-NODE-10
ERP-06160,PROJ-4096,Tacna,Videoconference,34,45,9758,21424,11193,10231,30,25,PM_RIVAS,SRV-NODE-4
ERP-06161,PROJ-2722,Trujillo,Videoconference,23,23,9407,17835,12560,5275,26,24,PM_PEREZ,SRV-NODE-1
ERP-06162,PROJ-2305,Puno,Audiovisual,56,65,29680,56744,38939,17805,18,20,PM_MEZA,SRV-NODE-7
ERP-06163,PROJ-7666,Tacna,Project Mgmt,171,199,83790,154319,94637,59682,8,9,PM_VEGA,SRV-NODE-9
ERP-06164,PROJ-6214,Trujillo,Project Mgmt,85,102,49725,80690,67418,13272,41,7,PM_RIVAS,SRV-NODE-5
ERP-06165,PROJ-7374,Cajamarca,Business Proc,115,132,37835,73192,47037,26155,22,31,PM_SOTO,SRV-NODE-4
ERP-06166,PROJ-4304,Piura,Project Mgmt,32,41,7456,12466,8047,4419,26,8,PM_PEREZ,SRV-NODE-8
ERP-06167,PROJ-4227,Tacna,Project Mgmt,109,131,36951,76712,38954,37758,17,7,PM_SOTO,SRV-NODE-7
ERP-06168,PROJ-3153,Piura,Project Mgmt,113,143,45991,99544,55250,44294,19,2,PM_PEREZ,SRV-NODE-7
ERP-06169,PROJ-3134,Cajamarca,Audiovisual,139,156,42534,86722,47379,39343,7,3,PM_RIVAS,SRV-NODE-6
ERP-06170,PROJ-7670,Huancayo,Videoconference,121,136,64493,122601,84288,38313,23,6,PM_MEZA,SRV-NODE-3
ERP-06171,PROJ-7227,Piura,Videoconference,49,56,28616,55706,28701,27005,21,35,PM_VEGA,SRV-NODE-3
ERP-06172,PROJ-3779,Tacna,Audiovisual,33,36,8415,15380,10489,4891,22,16,PM_SOTO,SRV-NODE-7
ERP-06173,PROJ-8569,Puno,Business Proc,142,166,35358,72095,46388,25707,13,23,PM_MEZA,SRV-NODE-9
ERP-06174,PROJ-5786,Tacna,Audiovisual,65,71,38545,76854,39511,37343,47,8,PM_MEZA,SRV-NODE-6
ERP-06175,PROJ-3096,Puno,Business Proc,158,164,48822,91890,67479,24411,41,20,PM_PEREZ,SRV-NODE-1
ERP-06176,PROJ-2477,Lima,Project Mgmt,102,113,58140,117123,76574,40549,6,7,PM_RIVAS,SRV-NODE-7
ERP-06177,PROJ-7218,Puno,Audiovisual,94,104,44086,96474,53570,42904,43,71,PM_PEREZ,SRV-NODE-7
ERP-06178,PROJ-9149,Cajamarca,Project Mgmt,116,121,48024,103490,50989,52501,24,25,PM_PEREZ,SRV-NODE-1
ERP-06179,PROJ-3981,Cajamarca,Audiovisual,39,48,23088,40746,27813,12933,18,14,PM_RIVAS,SRV-NODE-9
ERP-06180,PROJ-1653,Arequipa,Audiovisual,114,114,44118,95587,52183,43404,42,24,PM_RIVAS,SRV-NODE-4
ERP-06181,PROJ-5123,Lima,Business Proc,20,24,5500,8888,6320,2568,10,2,PM_VEGA,SRV-NODE-1
ERP-06182,PROJ-9439,Arequipa,Business Proc,132,164,72732,146809,83907,62902,20,14,PM_MEZA,SRV-NODE-7
ERP-06183,PROJ-3202,Trujillo,Business Proc,33,37,16137,30745,17812,12933,24,42,PM_SOTO,SRV-NODE-6
ERP-06184,PROJ-6120,Piura,Project Mgmt,89,93,50819,105337,66494,38843,48,74,PM_RIVAS,SRV-NODE-6
ERP-06185,PROJ-8239,Cajamarca,Project Mgmt,101,125,37572,66150,39409,26741,45,26,PM_MEZA,SRV-NODE-3
ERP-06186,PROJ-7429,Cusco,Videoconference,156,159,65208,129093,67431,61662,17,5,PM_VEGA,SRV-NODE-4
ERP-06187,PROJ-2521,Cajamarca,Videoconference,34,43,16762,34955,19128,15827,18,8,PM_PEREZ,SRV-NODE-6
ERP-06188,PROJ-3213,Arequipa,Project Mgmt,102,125,39576,73774,40770,33004,24,26,PM_MEZA,SRV-NODE-4
ERP-06189,PROJ-9463,Huancayo,Project Mgmt,54,56,21816,43412,25004,18408,27,19,PM_MEZA,SRV-NODE-2
ERP-06190,PROJ-8069,Piura,Videoconference,178,210,49306,99512,54345,45167,33,33,PM_PEREZ,SRV-NODE-2
ERP-06191,PROJ-8054,Piura,Audiovisual,158,186,67150,110256,83025,27231,24,12,PM_PEREZ,SRV-NODE-2
ERP-06192,PROJ-4372,Tacna,Business Proc,151,165,58286,125369,62304,63065,43,50,PM_VEGA,SRV-NODE-4
ERP-06193,PROJ-3650,Piura,Audiovisual,63,72,28791,60560,39186,21374,5,2,PM_VEGA,SRV-NODE-7
ERP-06194,PROJ-7385,Iquitos,Videoconference,129,151,75852,148418,95059,53359,35,10,PM_RIVAS,SRV-NODE-7
ERP-06195,PROJ-7668,Tacna,Business Proc,38,39,16150,27310,17713,9597,39,53,PM_VEGA,SRV-NODE-1
ERP-06196,PROJ-3463,Cajamarca,Videoconference,58,78,19952,32485,25080,7405,29,45,PM_SOTO,SRV-NODE-8
ERP-06197,PROJ-5693,Trujillo,Videoconference,64,70,29568,47996,34254,13742,49,66,PM_VEGA,SRV-NODE-6
ERP-06198,PROJ-6888,Lima,Videoconference,148,166,72668,140549,91211,49338,12,2,PM_SOTO,SRV-NODE-10
ERP-06199,PROJ-9733,Cusco,Videoconference,123,162,24723,54279,29329,24950,35,19,PM_RIVAS,SRV-NODE-9
ERP-06200,PROJ-8091,Trujillo,Videoconference,98,116,44394,92963,46685,46278,50,9,PM_MEZA,SRV-NODE-7
ERP-06201,PROJ-3715,Puno,Project Mgmt,163,164,63896,138640,71376,67264,25,34,PM_RIVAS,SRV-NODE-8
ERP-06202,PROJ-6103,Piura,Audiovisual,45,56,10575,20227,14717,5510,14,5,PM_VEGA,SRV-NODE-10
ERP-06203,PROJ-2139,Arequipa,Business Proc,133,141,38570,72208,47791,24417,17,12,PM_MEZA,SRV-NODE-3
ERP-06204,PROJ-6686,Arequipa,Project Mgmt,106,113,49502,81466,55452,26014,36,29,PM_VEGA,SRV-NODE-3
ERP-06205,PROJ-4533,Iquitos,Project Mgmt,169,172,54925,89024,54926,34098,46,38,PM_SOTO,SRV-NODE-2
ERP-06206,PROJ-2504,Trujillo,Videoconference,20,24,10420,17184,11227,5957,35,26,PM_RIVAS,SRV-NODE-5
ERP-06207,PROJ-5165,Puno,Videoconference,65,82,32955,71383,44489,26894,50,51,PM_SOTO,SRV-NODE-5
ERP-06208,PROJ-6601,Trujillo,Business Proc,56,59,32032,55875,34635,21240,12,6,PM_RIVAS,SRV-NODE-9
ERP-06209,PROJ-7489,Iquitos,Audiovisual,142,162,72988,144085,101988,42097,20,21,PM_PEREZ,SRV-NODE-6
ERP-06210,PROJ-9451,Lima,Business Proc,38,49,14592,28981,19885,9096,41,29,PM_MEZA,SRV-NODE-7
ERP-06211,PROJ-9493,Piura,Project Mgmt,49,55,24206,45248,28247,17001,45,14,PM_SOTO,SRV-NODE-5
ERP-06212,PROJ-9537,Trujillo,Audiovisual,59,67,32391,59204,36335,22869,10,12,PM_RIVAS,SRV-NODE-10
ERP-06213,PROJ-1325,Piura,Business Proc,68,85,37536,61890,46180,15710,43,63,PM_MEZA,SRV-NODE-5
ERP-06214,PROJ-8359,Trujillo,Audiovisual,55,64,19910,35809,24212,11597,43,67,PM_SOTO,SRV-NODE-9
ERP-06215,PROJ-4908,Arequipa,Business Proc,123,162,71709,157347,75816,81531,43,65,PM_VEGA,SRV-NODE-5
ERP-06216,PROJ-2543,Trujillo,Videoconference,155,191,33945,55427,42013,13414,15,15,PM_VEGA,SRV-NODE-9
ERP-06217,PROJ-7471,Iquitos,Audiovisual,161,168,68747,139306,94348,44958,46,77,PM_RIVAS,SRV-NODE-1
ERP-06218,PROJ-6075,Huancayo,Audiovisual,153,199,88893,166481,95750,70731,50,52,PM_VEGA,SRV-NODE-6
ERP-06219,PROJ-3124,Tacna,Audiovisual,139,159,81732,144630,103053,41577,19,28,PM_VEGA,SRV-NODE-2
ERP-06220,PROJ-1817,Cusco,Business Proc,147,167,85554,171939,103428,68511,21,36,PM_SOTO,SRV-NODE-3
ERP-06221,PROJ-9537,Piura,Audiovisual,65,68,16185,29386,22005,7381,29,18,PM_MEZA,SRV-NODE-5
ERP-06222,PROJ-5796,Piura,Videoconference,93,108,30411,56090,38419,17671,26,40,PM_MEZA,SRV-NODE-5
ERP-06223,PROJ-5771,Trujillo,Business Proc,170,216,87720,156144,90701,65443,27,46,PM_SOTO,SRV-NODE-9
ERP-06224,PROJ-3945,Tacna,Audiovisual,149,172,61537,101100,79603,21497,14,18,PM_SOTO,SRV-NODE-5
ERP-06225,PROJ-2355,Iquitos,Project Mgmt,78,84,37830,69634,39211,30423,38,45,PM_SOTO,SRV-NODE-7
ERP-06226,PROJ-4346,Arequipa,Project Mgmt,109,142,59623,114674,69525,45149,15,2,PM_RIVAS,SRV-NODE-1
ERP-06227,PROJ-4582,Lima,Project Mgmt,123,160,73800,158107,85852,72255,6,9,PM_PEREZ,SRV-NODE-2
ERP-06228,PROJ-7048,Huancayo,Business Proc,71,89,38979,65567,52827,12740,35,53,PM_SOTO,SRV-NODE-10
ERP-06229,PROJ-1589,Iquitos,Project Mgmt,92,92,44528,76158,49721,26437,42,11,PM_VEGA,SRV-NODE-4
ERP-06230,PROJ-6277,Huancayo,Project Mgmt,71,82,18957,34676,20879,13797,33,15,PM_VEGA,SRV-NODE-10
ERP-06231,PROJ-7263,Trujillo,Videoconference,170,202,83980,181055,103929,77126,12,11,PM_RIVAS,SRV-NODE-9
ERP-06232,PROJ-8636,Lima,Business Proc,45,47,20430,37272,23149,14123,17,5,PM_VEGA,SRV-NODE-9
ERP-06233,PROJ-9648,Tacna,Audiovisual,24,24,9024,19299,11271,8028,27,47,PM_VEGA,SRV-NODE-7
ERP-06234,PROJ-7339,Puno,Videoconference,39,50,18564,33134,25248,7886,21,37,PM_SOTO,SRV-NODE-3
ERP-06235,PROJ-2686,Puno,Business Proc,116,122,45356,74337,48873,25464,5,4,PM_PEREZ,SRV-NODE-5
ERP-06236,PROJ-5562,Cusco,Business Proc,32,42,12736,25282,14447,10835,50,71,PM_PEREZ,SRV-NODE-9
ERP-06237,PROJ-2553,Cajamarca,Audiovisual,63,73,16947,28066,18595,9471,3,2,PM_MEZA,SRV-NODE-1
ERP-06238,PROJ-1045,Huancayo,Audiovisual,150,152,80400,168983,81398,87585,44,40,PM_MEZA,SRV-NODE-10
ERP-06239,PROJ-9980,Cusco,Project Mgmt,55,66,26510,53510,34643,18867,18,5,PM_MEZA,SRV-NODE-6
ERP-06240,PROJ-3973,Piura,Project Mgmt,90,118,37800,72613,46417,26196,11,17,PM_RIVAS,SRV-NODE-4
ERP-06241,PROJ-7492,Huancayo,Videoconference,71,80,17679,29186,22291,6895,43,76,PM_MEZA,SRV-NODE-4
ERP-06242,PROJ-9231,Puno,Project Mgmt,96,128,38784,68717,46515,22202,48,50,PM_MEZA,SRV-NODE-2
ERP-06243,PROJ-5574,Cusco,Videoconference,115,128,30245,56668,37337,19331,14,9,PM_RIVAS,SRV-NODE-6
ERP-06244,PROJ-2939,Trujillo,Business Proc,143,162,60203,104956,79214,25742,21,15,PM_SOTO,SRV-NODE-1
ERP-06245,PROJ-9281,Arequipa,Videoconference,138,173,52578,100880,70350,30530,43,28,PM_SOTO,SRV-NODE-2
ERP-06246,PROJ-3734,Lima,Audiovisual,61,66,13725,24489,14486,10003,21,29,PM_SOTO,SRV-NODE-1
ERP-06247,PROJ-3424,Iquitos,Business Proc,109,135,44036,86879,47749,39130,41,62,PM_VEGA,SRV-NODE-7
ERP-06248,PROJ-7283,Huancayo,Business Proc,143,169,61204,104092,81078,23014,19,20,PM_SOTO,SRV-NODE-7
ERP-06249,PROJ-7594,Trujillo,Project Mgmt,176,187,103840,180288,135202,45086,3,1,PM_SOTO,SRV-NODE-8
ERP-06250,PROJ-2144,Lima,Audiovisual,95,119,34960,69832,43572,26260,37,65,PM_RIVAS,SRV-NODE-10
ERP-06251,PROJ-9310,Tacna,Audiovisual,148,154,49136,96580,60455,36125,25,35,PM_PEREZ,SRV-NODE-2
ERP-06252,PROJ-8879,Tacna,Project Mgmt,27,28,12015,25213,15387,9826,35,17,PM_MEZA,SRV-NODE-1
ERP-06253,PROJ-9113,Iquitos,Project Mgmt,48,55,14112,23525,15781,7744,46,25,PM_RIVAS,SRV-NODE-5
ERP-06254,PROJ-4554,Iquitos,Videoconference,57,69,26277,50535,34523,16012,47,19,PM_SOTO,SRV-NODE-1
ERP-06255,PROJ-4402,Puno,Project Mgmt,26,28,9308,16564,10381,6183,11,2,PM_SOTO,SRV-NODE-6
ERP-06256,PROJ-5082,Huancayo,Audiovisual,111,121,22311,46506,25268,21238,34,37,PM_VEGA,SRV-NODE-3
ERP-06257,PROJ-8623,Cusco,Project Mgmt,149,192,88804,182144,108097,74047,31,34,PM_PEREZ,SRV-NODE-2
ERP-06258,PROJ-2069,Piura,Videoconference,81,103,39204,82391,53961,28430,14,4,PM_RIVAS,SRV-NODE-6
ERP-06259,PROJ-8081,Arequipa,Audiovisual,28,36,6748,14769,6893,7876,44,29,PM_RIVAS,SRV-NODE-1
ERP-06260,PROJ-3936,Lima,Project Mgmt,153,176,43911,88984,56662,32322,22,27,PM_VEGA,SRV-NODE-4
ERP-06261,PROJ-3420,Piura,Business Proc,163,209,71231,127440,91461,35979,41,64,PM_MEZA,SRV-NODE-1
ERP-06262,PROJ-9464,Huancayo,Business Proc,58,71,17400,31708,20354,11354,14,9,PM_MEZA,SRV-NODE-4
ERP-06263,PROJ-7501,Cajamarca,Audiovisual,149,161,44849,98186,54256,43930,18,16,PM_PEREZ,SRV-NODE-6
ERP-06264,PROJ-7336,Trujillo,Audiovisual,82,91,40426,65480,52108,13372,5,1,PM_SOTO,SRV-NODE-3
ERP-06265,PROJ-4546,Arequipa,Project Mgmt,174,204,103008,201496,138653,62843,20,5,PM_MEZA,SRV-NODE-9
ERP-06266,PROJ-9082,Tacna,Videoconference,169,186,55601,91502,76718,14784,32,27,PM_MEZA,SRV-NODE-2
ERP-06267,PROJ-5267,Iquitos,Business Proc,97,127,51119,108124,65226,42898,39,11,PM_PEREZ,SRV-NODE-10
ERP-06268,PROJ-9391,Cajamarca,Audiovisual,101,114,29593,65096,37807,27289,10,9,PM_VEGA,SRV-NODE-1
ERP-06269,PROJ-8269,Iquitos,Videoconference,107,118,52965,93438,59849,33589,44,24,PM_RIVAS,SRV-NODE-3
ERP-06270,PROJ-2809,Lima,Audiovisual,115,120,57500,98129,78064,20065,36,60,PM_MEZA,SRV-NODE-3
ERP-06271,PROJ-9833,Trujillo,Videoconference,55,60,20295,36352,26322,10030,42,62,PM_MEZA,SRV-NODE-6
ERP-06272,PROJ-7359,Trujillo,Business Proc,49,60,17297,29641,23666,5975,26,25,PM_SOTO,SRV-NODE-5
ERP-06273,PROJ-3980,Tacna,Audiovisual,144,164,30672,54305,32060,22245,4,6,PM_PEREZ,SRV-NODE-10
ERP-06274,PROJ-5166,Huancayo,Project Mgmt,20,23,8120,13675,10223,3452,9,1,PM_VEGA,SRV-NODE-10
ERP-06275,PROJ-9686,Lima,Audiovisual,159,183,82362,179902,105630,74272,49,7,PM_PEREZ,SRV-NODE-3
ERP-06276,PROJ-5405,Cajamarca,Project Mgmt,167,179,90013,147976,115429,32547,44,7,PM_SOTO,SRV-NODE-9
ERP-06277,PROJ-2933,Piura,Videoconference,48,50,13248,24267,15588,8679,6,7,PM_SOTO,SRV-NODE-9
ERP-06278,PROJ-8428,Tacna,Business Proc,39,45,16848,29016,20701,8315,12,11,PM_VEGA,SRV-NODE-8
ERP-06279,PROJ-7213,Trujillo,Videoconference,179,212,89500,170271,102087,68184,16,22,PM_SOTO,SRV-NODE-2
ERP-06280,PROJ-4672,Piura,Project Mgmt,60,64,18480,35854,23414,12440,29,6,PM_PEREZ,SRV-NODE-3
ERP-06281,PROJ-4623,Cajamarca,Audiovisual,76,100,39672,82878,46620,36258,19,23,PM_MEZA,SRV-NODE-7
ERP-06282,PROJ-2297,Cajamarca,Business Proc,93,109,30318,57994,35173,22821,35,25,PM_PEREZ,SRV-NODE-9
ERP-06283,PROJ-2006,Cusco,Audiovisual,96,102,29568,49065,34323,14742,43,22,PM_PEREZ,SRV-NODE-5
ERP-06284,PROJ-9078,Tacna,Audiovisual,66,87,19074,41282,21009,20273,40,60,PM_VEGA,SRV-NODE-6
ERP-06285,PROJ-4753,Huancayo,Videoconference,92,106,51888,104401,66818,37583,49,44,PM_MEZA,SRV-NODE-6
ERP-06286,PROJ-3049,Lima,Project Mgmt,59,76,35400,70393,40462,29931,49,61,PM_VEGA,SRV-NODE-1
ERP-06287,PROJ-7156,Lima,Audiovisual,157,161,71906,126951,89138,37813,8,6,PM_SOTO,SRV-NODE-4
ERP-06288,PROJ-1617,Huancayo,Business Proc,148,148,49580,101194,54802,46392,24,2,PM_MEZA,SRV-NODE-10
ERP-06289,PROJ-2494,Huancayo,Business Proc,135,152,57375,96698,72308,24390,47,73,PM_MEZA,SRV-NODE-10
ERP-06290,PROJ-5080,Iquitos,Business Proc,79,81,26070,54090,28630,25460,3,3,PM_RIVAS,SRV-NODE-2
ERP-06291,PROJ-8119,Lima,Audiovisual,129,160,45666,86155,59060,27095,12,21,PM_SOTO,SRV-NODE-2
ERP-06292,PROJ-8704,Piura,Project Mgmt,53,63,31482,68301,32024,36277,23,10,PM_MEZA,SRV-NODE-7
ERP-06293,PROJ-2831,Cusco,Audiovisual,83,90,25149,46003,34536,11467,48,58,PM_MEZA,SRV-NODE-3
ERP-06294,PROJ-2792,Lima,Videoconference,90,100,48420,93545,53908,39637,5,7,PM_RIVAS,SRV-NODE-8
ERP-06295,PROJ-8027,Huancayo,Project Mgmt,151,191,57682,122870,77806,45064,13,19,PM_RIVAS,SRV-NODE-4
ERP-06296,PROJ-6210,Trujillo,Videoconference,74,96,27750,54564,32235,22329,14,21,PM_SOTO,SRV-NODE-5
ERP-06297,PROJ-1044,Cusco,Project Mgmt,172,231,34916,58603,46822,11781,23,8,PM_RIVAS,SRV-NODE-8
ERP-06298,PROJ-3045,Piura,Project Mgmt,114,141,68058,117747,94778,22969,10,14,PM_SOTO,SRV-NODE-9
ERP-06299,PROJ-1439,Iquitos,Videoconference,150,191,40800,74153,42424,31729,3,4,PM_PEREZ,SRV-NODE-3
ERP-06300,PROJ-2939,Tacna,Videoconference,20,23,4200,7013,4331,2682,11,9,PM_SOTO,SRV-NODE-6
ERP-06301,PROJ-8528,Cusco,Business Proc,154,196,45892,78016,59614,18402,10,5,PM_PEREZ,SRV-NODE-9
ERP-06302,PROJ-3461,Piura,Audiovisual,26,32,14274,24145,17272,6873,34,9,PM_RIVAS,SRV-NODE-4
ERP-06303,PROJ-2848,Cajamarca,Business Proc,169,210,62530,135480,82467,53013,6,6,PM_VEGA,SRV-NODE-8
ERP-06304,PROJ-9858,Iquitos,Business Proc,124,156,37572,80059,49276,30783,33,22,PM_PEREZ,SRV-NODE-10
ERP-06305,PROJ-1789,Piura,Audiovisual,48,55,15120,24624,20172,4452,19,11,PM_MEZA,SRV-NODE-2
ERP-06306,PROJ-4796,Arequipa,Business Proc,147,171,37926,79747,46780,32967,14,23,PM_MEZA,SRV-NODE-7
ERP-06307,PROJ-6041,Huancayo,Audiovisual,136,158,33320,70715,36346,34369,28,43,PM_SOTO,SRV-NODE-1
ERP-06308,PROJ-8547,Cusco,Business Proc,105,135,55440,120936,75811,45125,20,7,PM_RIVAS,SRV-NODE-3
ERP-06309,PROJ-8606,Cajamarca,Videoconference,124,154,63860,138171,87359,50812,24,17,PM_SOTO,SRV-NODE-8
ERP-06310,PROJ-1920,Piura,Project Mgmt,39,45,19344,35138,23246,11892,45,61,PM_RIVAS,SRV-NODE-8
ERP-06311,PROJ-5907,Lima,Audiovisual,37,41,16872,32051,18684,13367,34,24,PM_MEZA,SRV-NODE-1
ERP-06312,PROJ-8431,Tacna,Videoconference,52,62,14040,25420,16701,8719,32,51,PM_PEREZ,SRV-NODE-4
ERP-06313,PROJ-6168,Tacna,Project Mgmt,109,116,27904,47985,38045,9940,3,5,PM_PEREZ,SRV-NODE-2
ERP-06314,PROJ-4990,Cusco,Audiovisual,143,177,58916,124813,80629,44184,48,22,PM_PEREZ,SRV-NODE-9
ERP-06315,PROJ-6845,Huancayo,Project Mgmt,111,140,61605,133097,76367,56730,12,13,PM_RIVAS,SRV-NODE-4
ERP-06316,PROJ-8328,Huancayo,Business Proc,168,200,90888,153881,110480,43401,34,57,PM_MEZA,SRV-NODE-9
ERP-06317,PROJ-2512,Lima,Videoconference,130,165,50180,102444,53731,48713,50,79,PM_SOTO,SRV-NODE-3
ERP-06318,PROJ-7072,Cajamarca,Project Mgmt,173,215,81310,150752,98905,51847,34,24,PM_PEREZ,SRV-NODE-4
ERP-06319,PROJ-8890,Iquitos,Videoconference,178,210,49306,81504,67493,14011,30,50,PM_MEZA,SRV-NODE-5
ERP-06320,PROJ-5582,Arequipa,Business Proc,103,111,33166,56131,34967,21164,39,56,PM_RIVAS,SRV-NODE-4
ERP-06321,PROJ-8089,Cajamarca,Business Proc,30,30,14400,27530,16620,10910,18,17,PM_VEGA,SRV-NODE-6
ERP-06322,PROJ-1848,Cajamarca,Videoconference,151,186,77312,158530,89486,69044,40,52,PM_MEZA,SRV-NODE-2
ERP-06323,PROJ-7962,Piura,Audiovisual,106,111,59148,124359,61978,62381,43,75,PM_VEGA,SRV-NODE-5
ERP-06324,PROJ-6369,Piura,Business Proc,45,48,16515,31606,18401,13205,18,18,PM_RIVAS,SRV-NODE-9
ERP-06325,PROJ-5438,Puno,Project Mgmt,114,125,42978,81740,53925,27815,38,60,PM_MEZA,SRV-NODE-8
ERP-06326,PROJ-5876,Iquitos,Videoconference,89,102,37202,73627,39071,34556,22,34,PM_RIVAS,SRV-NODE-4
ERP-06327,PROJ-4320,Iquitos,Videoconference,77,81,36729,61249,45871,15378,33,13,PM_RIVAS,SRV-NODE-5
ERP-06328,PROJ-5104,Trujillo,Business Proc,161,169,33488,73375,41029,32346,23,33,PM_RIVAS,SRV-NODE-3
ERP-06329,PROJ-7861,Puno,Videoconference,70,76,21420,38457,25001,13456,30,24,PM_PEREZ,SRV-NODE-7
ERP-06330,PROJ-3045,Piura,Audiovisual,36,46,9108,17353,10398,6955,9,4,PM_SOTO,SRV-NODE-7
ERP-06331,PROJ-2065,Huancayo,Business Proc,43,52,18619,31665,20827,10838,46,7,PM_VEGA,SRV-NODE-9
ERP-06332,PROJ-2465,Cajamarca,Audiovisual,108,119,47520,99739,53556,46183,45,15,PM_VEGA,SRV-NODE-1
ERP-06333,PROJ-2241,Huancayo,Audiovisual,179,187,60144,118291,69938,48353,43,33,PM_RIVAS,SRV-NODE-1
ERP-06334,PROJ-5019,Tacna,Business Proc,169,217,61854,103294,62207,41087,40,14,PM_VEGA,SRV-NODE-8
ERP-06335,PROJ-3104,Piura,Business Proc,114,145,57570,125699,71713,53986,24,38,PM_PEREZ,SRV-NODE-9
ERP-06336,PROJ-3493,Arequipa,Videoconference,42,54,21630,35118,23829,11289,19,25,PM_SOTO,SRV-NODE-7
ERP-06337,PROJ-5160,Piura,Business Proc,112,128,41552,89477,42350,47127,49,64,PM_PEREZ,SRV-NODE-3
ERP-06338,PROJ-1693,Iquitos,Business Proc,106,114,29044,56583,33322,23261,11,4,PM_MEZA,SRV-NODE-10
ERP-06339,PROJ-5772,Cajamarca,Audiovisual,106,122,44202,88997,50875,38122,6,3,PM_SOTO,SRV-NODE-8
ERP-06340,PROJ-2198,Arequipa,Audiovisual,135,179,48870,90663,67138,23525,35,41,PM_SOTO,SRV-NODE-4
ERP-06341,PROJ-9971,Arequipa,Audiovisual,134,153,38860,68812,39038,29774,23,7,PM_RIVAS,SRV-NODE-5
ERP-06342,PROJ-9862,Lima,Business Proc,177,201,69207,142586,94402,48184,22,29,PM_MEZA,SRV-NODE-2
ERP-06343,PROJ-6077,Trujillo,Videoconference,117,127,47502,101352,54344,47008,10,4,PM_VEGA,SRV-NODE-4
ERP-06344,PROJ-1241,Puno,Project Mgmt,169,217,94471,190124,131863,58261,34,49,PM_MEZA,SRV-NODE-7
ERP-06345,PROJ-5791,Cajamarca,Audiovisual,128,128,48128,92744,55373,37371,4,7,PM_RIVAS,SRV-NODE-4
ERP-06346,PROJ-9149,Lima,Project Mgmt,122,146,54046,106420,71333,35087,24,6,PM_RIVAS,SRV-NODE-10
ERP-06347,PROJ-9906,Huancayo,Videoconference,111,140,36741,63528,41834,21694,15,6,PM_VEGA,SRV-NODE-3
ERP-06348,PROJ-8800,Iquitos,Videoconference,146,190,75774,122767,86573,36194,23,7,PM_MEZA,SRV-NODE-5
ERP-06349,PROJ-7492,Piura,Audiovisual,55,60,22990,39035,31459,7576,17,5,PM_MEZA,SRV-NODE-5
ERP-06350,PROJ-2777,Cusco,Videoconference,113,123,58082,97137,61639,35498,12,8,PM_VEGA,SRV-NODE-6
ERP-06351,PROJ-1081,Huancayo,Business Proc,166,190,75530,135185,92806,42379,6,3,PM_SOTO,SRV-NODE-2
ERP-06352,PROJ-5690,Lima,Project Mgmt,153,174,66708,134457,76171,58286,3,2,PM_VEGA,SRV-NODE-7
ERP-06353,PROJ-4840,Puno,Business Proc,101,107,36158,70556,40406,30150,39,5,PM_MEZA,SRV-NODE-4
ERP-06354,PROJ-5644,Piura,Audiovisual,93,97,41664,84368,47100,37268,33,6,PM_RIVAS,SRV-NODE-8
ERP-06355,PROJ-7688,Puno,Videoconference,171,191,49761,98549,65629,32920,8,13,PM_VEGA,SRV-NODE-10
ERP-06356,PROJ-3710,Cusco,Videoconference,82,85,33948,57356,47016,10340,33,53,PM_MEZA,SRV-NODE-2
ERP-06357,PROJ-8856,Cusco,Audiovisual,30,31,14640,30699,15794,14905,3,2,PM_VEGA,SRV-NODE-3
ERP-06358,PROJ-8412,Puno,Project Mgmt,79,86,46610,87183,53136,34047,6,1,PM_VEGA,SRV-NODE-9
ERP-06359,PROJ-8227,Cusco,Project Mgmt,45,60,15930,31452,20590,10862,37,62,PM_SOTO,SRV-NODE-7
ERP-06360,PROJ-2062,Cusco,Project Mgmt,148,156,45880,83527,54850,28677,44,69,PM_PEREZ,SRV-NODE-1
ERP-06361,PROJ-6918,Huancayo,Project Mgmt,164,166,78884,136365,93577,42788,21,19,PM_PEREZ,SRV-NODE-1
ERP-06362,PROJ-6188,Trujillo,Videoconference,177,205,57702,119288,77502,41786,12,14,PM_SOTO,SRV-NODE-1
ERP-06363,PROJ-4358,Piura,Project Mgmt,31,36,9331,19542,10154,9388,48,82,PM_VEGA,SRV-NODE-3
ERP-06364,PROJ-9775,Puno,Audiovisual,112,121,45920,84480,62794,21686,17,17,PM_MEZA,SRV-NODE-9
ERP-06365,PROJ-6783,Huancayo,Business Proc,56,70,22736,45085,28137,16948,16,17,PM_RIVAS,SRV-NODE-9
ERP-06366,PROJ-4668,Puno,Project Mgmt,57,65,27189,59766,30519,29247,13,10,PM_PEREZ,SRV-NODE-6
ERP-06367,PROJ-5232,Cusco,Audiovisual,124,133,57908,98724,66101,32623,33,12,PM_MEZA,SRV-NODE-8
ERP-06368,PROJ-2730,Arequipa,Videoconference,157,184,67667,146859,70890,75969,29,36,PM_SOTO,SRV-NODE-4
ERP-06369,PROJ-9521,Puno,Project Mgmt,71,85,40825,79384,44883,34501,33,30,PM_RIVAS,SRV-NODE-9
ERP-06370,PROJ-2784,Tacna,Project Mgmt,108,113,26892,54379,28223,26156,5,6,PM_MEZA,SRV-NODE-5
ERP-06371,PROJ-9045,Puno,Project Mgmt,96,102,28800,53574,30180,23394,31,33,PM_RIVAS,SRV-NODE-1
ERP-06372,PROJ-2108,Tacna,Project Mgmt,150,195,31650,58008,33466,24542,3,1,PM_SOTO,SRV-NODE-3
ERP-06373,PROJ-2798,Iquitos,Business Proc,22,27,4488,8267,5813,2454,37,66,PM_VEGA,SRV-NODE-2
ERP-06374,PROJ-5666,Iquitos,Project Mgmt,47,59,15228,27142,19759,7383,28,31,PM_PEREZ,SRV-NODE-2
ERP-06375,PROJ-5384,Cajamarca,Project Mgmt,65,82,17940,37181,19490,17691,50,62,PM_PEREZ,SRV-NODE-7
ERP-06376,PROJ-7650,Lima,Business Proc,62,66,14384,26013,17784,8229,32,26,PM_MEZA,SRV-NODE-4
ERP-06377,PROJ-3069,Iquitos,Business Proc,71,77,32589,68531,37904,30627,50,51,PM_PEREZ,SRV-NODE-9
ERP-06378,PROJ-1289,Iquitos,Videoconference,100,129,52600,109788,67042,42746,39,37,PM_SOTO,SRV-NODE-2
ERP-06379,PROJ-8260,Cajamarca,Project Mgmt,21,25,5901,11689,6250,5439,39,60,PM_PEREZ,SRV-NODE-9
ERP-06380,PROJ-6653,Cajamarca,Project Mgmt,144,145,30816,64410,40816,23594,4,6,PM_PEREZ,SRV-NODE-1
ERP-06381,PROJ-3958,Cusco,Business Proc,107,130,50397,82052,60251,21801,10,1,PM_SOTO,SRV-NODE-8
ERP-06382,PROJ-9654,Puno,Videoconference,90,102,21420,44256,29885,14371,49,77,PM_SOTO,SRV-NODE-5
ERP-06383,PROJ-8000,Puno,Project Mgmt,156,174,61776,104503,73124,31379,25,10,PM_MEZA,SRV-NODE-8
ERP-06384,PROJ-9579,Cusco,Business Proc,138,168,68448,132092,82561,49531,28,31,PM_RIVAS,SRV-NODE-8
ERP-06385,PROJ-6842,Piura,Business Proc,87,89,35235,59729,39196,20533,33,11,PM_PEREZ,SRV-NODE-8
ERP-06386,PROJ-7009,Arequipa,Audiovisual,151,175,47867,84582,55997,28585,45,75,PM_SOTO,SRV-NODE-6
ERP-06387,PROJ-2626,Puno,Project Mgmt,67,89,18425,33152,19847,13305,39,58,PM_SOTO,SRV-NODE-5
ERP-06388,PROJ-1458,Cusco,Business Proc,109,121,24416,45580,33336,12244,35,12,PM_VEGA,SRV-NODE-6
ERP-06389,PROJ-7601,Huancayo,Audiovisual,169,208,50362,102378,54914,47464,50,75,PM_VEGA,SRV-NODE-5
ERP-06390,PROJ-4686,Trujillo,Audiovisual,45,57,9360,16532,10192,6340,45,65,PM_SOTO,SRV-NODE-7
ERP-06391,PROJ-5516,Iquitos,Audiovisual,30,38,6090,10564,6916,3648,5,0,PM_RIVAS,SRV-NODE-10
ERP-06392,PROJ-7590,Cajamarca,Project Mgmt,57,67,20121,39843,27996,11847,14,8,PM_SOTO,SRV-NODE-2
ERP-06393,PROJ-5243,Piura,Videoconference,81,103,22113,41425,26616,14809,44,11,PM_VEGA,SRV-NODE-2
ERP-06394,PROJ-7308,Lima,Videoconference,63,63,31185,54149,33996,20153,32,44,PM_RIVAS,SRV-NODE-10
ERP-06395,PROJ-4664,Huancayo,Project Mgmt,23,26,6003,12612,6960,5652,36,41,PM_SOTO,SRV-NODE-10
ERP-06396,PROJ-3734,Huancayo,Audiovisual,137,145,63705,139088,87143,51945,3,4,PM_MEZA,SRV-NODE-7
ERP-06397,PROJ-1147,Cajamarca,Videoconference,121,139,69817,138246,82973,55273,14,24,PM_MEZA,SRV-NODE-6
ERP-06398,PROJ-6577,Lima,Project Mgmt,102,130,22644,43784,25555,18229,36,20,PM_PEREZ,SRV-NODE-8
ERP-06399,PROJ-8173,Iquitos,Project Mgmt,76,100,28880,60672,32030,28642,16,17,PM_RIVAS,SRV-NODE-1
ERP-06400,PROJ-2211,Huancayo,Audiovisual,142,142,40754,86598,45450,41148,21,21,PM_RIVAS,SRV-NODE-6
ERP-06401,PROJ-5709,Huancayo,Business Proc,92,103,22632,48865,23308,25557,32,14,PM_SOTO,SRV-NODE-5
ERP-06402,PROJ-1767,Tacna,Project Mgmt,89,89,43521,89816,57721,32095,28,49,PM_PEREZ,SRV-NODE-3
ERP-06403,PROJ-1138,Puno,Videoconference,112,121,58800,125297,64819,60478,46,36,PM_MEZA,SRV-NODE-4
ERP-06404,PROJ-9068,Cajamarca,Business Proc,34,45,12444,23846,14587,9259,9,7,PM_PEREZ,SRV-NODE-9
ERP-06405,PROJ-8662,Cusco,Audiovisual,74,75,32190,68144,40225,27919,33,6,PM_RIVAS,SRV-NODE-7
ERP-06406,PROJ-5547,Iquitos,Business Proc,146,175,49056,101088,57265,43823,34,39,PM_SOTO,SRV-NODE-7
ERP-06407,PROJ-5944,Trujillo,Project Mgmt,68,82,28288,55903,29686,26217,28,15,PM_RIVAS,SRV-NODE-5
ERP-06408,PROJ-1539,Tacna,Videoconference,114,128,34884,64959,48721,16238,47,42,PM_RIVAS,SRV-NODE-1
ERP-06409,PROJ-7756,Arequipa,Audiovisual,168,174,87192,170948,105839,65109,33,30,PM_SOTO,SRV-NODE-5
ERP-06410,PROJ-8777,Puno,Business Proc,24,24,8736,17440,9879,7561,19,13,PM_VEGA,SRV-NODE-9
ERP-06411,PROJ-7900,Trujillo,Audiovisual,78,98,37284,70923,39256,31667,24,11,PM_VEGA,SRV-NODE-8
ERP-06412,PROJ-6789,Trujillo,Videoconference,109,127,47197,82769,52917,29852,40,14,PM_MEZA,SRV-NODE-1
ERP-06413,PROJ-2386,Piura,Business Proc,111,144,52614,89045,57805,31240,23,36,PM_MEZA,SRV-NODE-4
ERP-06414,PROJ-8182,Arequipa,Videoconference,91,100,32851,64921,44918,20003,7,1,PM_SOTO,SRV-NODE-1
ERP-06415,PROJ-8929,Puno,Videoconference,147,153,57477,101411,79114,22297,19,30,PM_PEREZ,SRV-NODE-5
ERP-06416,PROJ-8205,Tacna,Project Mgmt,95,102,29070,50564,30664,19900,35,18,PM_RIVAS,SRV-NODE-7
ERP-06417,PROJ-7556,Cajamarca,Project Mgmt,62,73,33108,58095,33609,24486,19,16,PM_VEGA,SRV-NODE-1
ERP-06418,PROJ-3674,Puno,Videoconference,63,82,26901,46221,31256,14965,43,37,PM_PEREZ,SRV-NODE-9
ERP-06419,PROJ-9004,Iquitos,Project Mgmt,66,87,28512,57457,35196,22261,22,10,PM_SOTO,SRV-NODE-5
ERP-06420,PROJ-4495,Lima,Videoconference,156,206,57876,117296,64173,53123,18,16,PM_MEZA,SRV-NODE-8
ERP-06421,PROJ-1041,Huancayo,Videoconference,69,85,26427,57400,27831,29569,26,16,PM_RIVAS,SRV-NODE-6
ERP-06422,PROJ-2921,Lima,Business Proc,25,30,12250,24048,16299,7749,34,34,PM_MEZA,SRV-NODE-1
ERP-06423,PROJ-2049,Puno,Project Mgmt,101,133,23331,49405,28775,20630,39,47,PM_PEREZ,SRV-NODE-9
ERP-06424,PROJ-9621,Huancayo,Project Mgmt,113,123,25877,46220,35161,11059,17,26,PM_VEGA,SRV-NODE-7
ERP-06425,PROJ-3858,Lima,Project Mgmt,29,32,7569,16475,8981,7494,36,23,PM_RIVAS,SRV-NODE-6
ERP-06426,PROJ-6400,Piura,Audiovisual,124,128,32364,64749,36414,28335,23,32,PM_VEGA,SRV-NODE-7
ERP-06427,PROJ-2008,Cajamarca,Audiovisual,94,112,46718,87876,47237,40639,5,6,PM_RIVAS,SRV-NODE-9
ERP-06428,PROJ-5333,Iquitos,Audiovisual,175,195,88375,170508,106405,64103,23,25,PM_RIVAS,SRV-NODE-5
ERP-06429,PROJ-6091,Tacna,Business Proc,117,151,44577,94968,45282,49686,27,40,PM_PEREZ,SRV-NODE-9
ERP-06430,PROJ-1356,Lima,Audiovisual,174,215,56898,124658,65543,59115,11,10,PM_PEREZ,SRV-NODE-3
ERP-06431,PROJ-1151,Puno,Business Proc,62,72,13330,28671,15361,13310,23,27,PM_PEREZ,SRV-NODE-8
ERP-06432,PROJ-3351,Iquitos,Audiovisual,96,108,34176,69764,46274,23490,31,48,PM_PEREZ,SRV-NODE-7
ERP-06433,PROJ-6412,Cajamarca,Business Proc,91,105,53599,98154,66356,31798,5,4,PM_SOTO,SRV-NODE-10
ERP-06434,PROJ-8963,Iquitos,Videoconference,131,175,55806,90754,75592,15162,15,4,PM_VEGA,SRV-NODE-5
ERP-06435,PROJ-2485,Huancayo,Videoconference,98,113,39200,74322,43957,30365,12,9,PM_RIVAS,SRV-NODE-10
ERP-06436,PROJ-4035,Puno,Project Mgmt,112,141,60928,123046,62137,60909,50,73,PM_VEGA,SRV-NODE-4
ERP-06437,PROJ-9380,Cusco,Project Mgmt,152,202,85424,169826,96546,73280,31,36,PM_PEREZ,SRV-NODE-2
ERP-06438,PROJ-9015,Arequipa,Audiovisual,117,143,41067,78833,43395,35438,46,37,PM_MEZA,SRV-NODE-3
ERP-06439,PROJ-4324,Lima,Project Mgmt,141,146,69372,116906,91529,25377,5,6,PM_RIVAS,SRV-NODE-8
ERP-06440,PROJ-8362,Iquitos,Project Mgmt,59,77,33748,71184,38859,32325,20,24,PM_MEZA,SRV-NODE-7
ERP-06441,PROJ-4699,Trujillo,Project Mgmt,101,108,41107,76829,50305,26524,40,4,PM_MEZA,SRV-NODE-1
ERP-06442,PROJ-3284,Lima,Audiovisual,163,163,82967,168253,106255,61998,32,3,PM_VEGA,SRV-NODE-9
ERP-06443,PROJ-3752,Puno,Audiovisual,44,51,10516,22102,13756,8346,37,6,PM_SOTO,SRV-NODE-6
ERP-06444,PROJ-4121,Tacna,Videoconference,175,228,73500,121688,80411,41277,4,0,PM_RIVAS,SRV-NODE-10
ERP-06445,PROJ-2054,Puno,Videoconference,73,98,40369,83941,48462,35479,42,7,PM_MEZA,SRV-NODE-1
ERP-06446,PROJ-7762,Cajamarca,Business Proc,105,109,21945,48236,27529,20707,43,62,PM_RIVAS,SRV-NODE-8
ERP-06447,PROJ-9214,Arequipa,Business Proc,139,184,41978,75505,50717,24788,9,11,PM_RIVAS,SRV-NODE-10
ERP-06448,PROJ-3511,Cusco,Project Mgmt,76,99,25460,43870,25700,18170,7,2,PM_MEZA,SRV-NODE-6
ERP-06449,PROJ-1757,Cajamarca,Audiovisual,91,103,53508,89061,69950,19111,3,3,PM_SOTO,SRV-NODE-9
ERP-06450,PROJ-8547,Lima,Videoconference,38,41,21622,36579,23745,12834,18,15,PM_PEREZ,SRV-NODE-1
ERP-06451,PROJ-5357,Trujillo,Videoconference,165,171,49830,83891,62632,21259,21,32,PM_SOTO,SRV-NODE-5
ERP-06452,PROJ-2550,Lima,Project Mgmt,86,89,25456,46223,28932,17291,27,25,PM_SOTO,SRV-NODE-5
ERP-06453,PROJ-4515,Lima,Business Proc,92,117,20516,36888,23625,13263,49,83,PM_PEREZ,SRV-NODE-7
ERP-06454,PROJ-2670,Trujillo,Audiovisual,144,150,47520,86613,49967,36646,4,2,PM_VEGA,SRV-NODE-6
ERP-06455,PROJ-4753,Huancayo,Audiovisual,62,66,23808,46713,32546,14167,44,65,PM_VEGA,SRV-NODE-1
ERP-06456,PROJ-6440,Tacna,Audiovisual,52,55,19136,38627,21471,17156,30,36,PM_SOTO,SRV-NODE-2
ERP-06457,PROJ-6943,Piura,Project Mgmt,128,143,75648,142905,87355,55550,42,15,PM_PEREZ,SRV-NODE-1
ERP-06458,PROJ-5802,Cajamarca,Project Mgmt,60,64,28380,45553,33861,11692,4,1,PM_MEZA,SRV-NODE-6
ERP-06459,PROJ-9911,Tacna,Project Mgmt,66,68,33000,61748,40949,20799,26,19,PM_RIVAS,SRV-NODE-7
ERP-06460,PROJ-8856,Puno,Videoconference,152,192,76000,144188,102258,41930,50,40,PM_SOTO,SRV-NODE-9
ERP-06461,PROJ-8095,Trujillo,Videoconference,118,152,67142,132259,84968,47291,32,35,PM_MEZA,SRV-NODE-5
ERP-06462,PROJ-3631,Arequipa,Business Proc,65,84,35815,60402,48869,11533,12,2,PM_VEGA,SRV-NODE-9
ERP-06463,PROJ-7032,Cusco,Project Mgmt,178,238,81168,141452,91938,49514,19,8,PM_MEZA,SRV-NODE-6
ERP-06464,PROJ-9057,Huancayo,Audiovisual,51,60,14484,23699,17553,6146,21,33,PM_VEGA,SRV-NODE-9
ERP-06465,PROJ-1789,Lima,Audiovisual,20,20,7180,12492,9273,3219,41,67,PM_PEREZ,SRV-NODE-10
ERP-06466,PROJ-7715,Huancayo,Videoconference,80,96,18160,33890,23408,10482,39,13,PM_RIVAS,SRV-NODE-9
ERP-06467,PROJ-7777,Huancayo,Project Mgmt,176,217,46992,92375,54840,37535,13,1,PM_RIVAS,SRV-NODE-4
ERP-06468,PROJ-7059,Lima,Audiovisual,124,138,43524,92290,53613,38677,13,22,PM_PEREZ,SRV-NODE-10
ERP-06469,PROJ-3812,Huancayo,Videoconference,32,39,14656,23474,14970,8504,28,15,PM_PEREZ,SRV-NODE-10
ERP-06470,PROJ-6943,Lima,Project Mgmt,105,131,23205,45239,28468,16771,40,15,PM_SOTO,SRV-NODE-3
ERP-06471,PROJ-9307,Arequipa,Videoconference,33,43,19569,39347,23515,15832,7,9,PM_RIVAS,SRV-NODE-2
ERP-06472,PROJ-4097,Puno,Project Mgmt,161,213,73577,122969,90220,32749,13,6,PM_VEGA,SRV-NODE-6
ERP-06473,PROJ-6595,Tacna,Audiovisual,146,156,73146,138529,101458,37071,22,20,PM_SOTO,SRV-NODE-10
ERP-06474,PROJ-5951,Cajamarca,Project Mgmt,176,226,43648,89658,50903,38755,19,4,PM_MEZA,SRV-NODE-6
ERP-06475,PROJ-8836,Trujillo,Audiovisual,65,75,18850,34329,24873,9456,48,62,PM_RIVAS,SRV-NODE-5
ERP-06476,PROJ-8661,Iquitos,Videoconference,84,108,26292,48927,35342,13585,7,12,PM_VEGA,SRV-NODE-2
ERP-06477,PROJ-1141,Piura,Audiovisual,95,98,23655,45739,30332,15407,14,22,PM_MEZA,SRV-NODE-4
ERP-06478,PROJ-8133,Lima,Videoconference,130,169,74230,138461,75686,62775,19,23,PM_MEZA,SRV-NODE-9
ERP-06479,PROJ-6628,Iquitos,Videoconference,148,192,52540,112732,54424,58308,14,17,PM_PEREZ,SRV-NODE-5
ERP-06480,PROJ-3816,Trujillo,Project Mgmt,94,94,27730,48970,29362,19608,9,7,PM_RIVAS,SRV-NODE-1
ERP-06481,PROJ-4897,Puno,Audiovisual,180,213,36180,61065,43735,17330,32,12,PM_PEREZ,SRV-NODE-10
ERP-06482,PROJ-9112,Arequipa,Project Mgmt,145,150,79895,161026,83529,77497,34,24,PM_SOTO,SRV-NODE-10
ERP-06483,PROJ-3711,Arequipa,Audiovisual,120,158,38760,78355,43957,34398,22,14,PM_PEREZ,SRV-NODE-5
ERP-06484,PROJ-9747,Arequipa,Business Proc,31,35,12028,22827,16444,6383,22,36,PM_VEGA,SRV-NODE-5
ERP-06485,PROJ-2905,Huancayo,Project Mgmt,33,34,18117,37037,23233,13804,5,4,PM_RIVAS,SRV-NODE-10
ERP-06486,PROJ-7373,Lima,Audiovisual,50,57,12100,23064,16859,6205,8,2,PM_SOTO,SRV-NODE-3
ERP-06487,PROJ-5643,Cusco,Videoconference,91,97,47684,104214,54250,49964,23,26,PM_MEZA,SRV-NODE-8
ERP-06488,PROJ-4551,Tacna,Project Mgmt,99,120,47817,103394,50437,52957,29,47,PM_VEGA,SRV-NODE-7
ERP-06489,PROJ-6733,Piura,Project Mgmt,95,100,32110,57891,35411,22480,45,68,PM_SOTO,SRV-NODE-4
ERP-06490,PROJ-8400,Tacna,Business Proc,111,116,58608,103640,62964,40676,21,15,PM_PEREZ,SRV-NODE-2
ERP-06491,PROJ-9382,Trujillo,Business Proc,88,96,18392,32546,24666,7880,27,11,PM_PEREZ,SRV-NODE-3
ERP-06492,PROJ-8213,Puno,Audiovisual,57,59,31806,55045,41478,13567,29,45,PM_SOTO,SRV-NODE-10
ERP-06493,PROJ-7998,Huancayo,Videoconference,72,93,38160,79369,44671,34698,17,16,PM_PEREZ,SRV-NODE-2
ERP-06494,PROJ-2778,Tacna,Videoconference,132,134,30228,63399,32051,31348,35,10,PM_SOTO,SRV-NODE-9
ERP-06495,PROJ-9010,Iquitos,Project Mgmt,160,214,59200,104213,64432,39781,30,17,PM_SOTO,SRV-NODE-1
ERP-06496,PROJ-9186,Piura,Project Mgmt,159,213,91584,152525,125198,27327,29,7,PM_RIVAS,SRV-NODE-1
ERP-06497,PROJ-4218,Lima,Videoconference,46,53,17342,35339,18691,16648,49,26,PM_MEZA,SRV-NODE-2
ERP-06498,PROJ-8137,Lima,Project Mgmt,37,46,17575,38180,20696,17484,38,34,PM_MEZA,SRV-NODE-1
ERP-06499,PROJ-5068,Arequipa,Business Proc,83,111,27722,45565,37528,8037,38,54,PM_MEZA,SRV-NODE-7
ERP-06500,PROJ-9185,Trujillo,Project Mgmt,128,155,72320,144175,75670,68505,3,3,PM_PEREZ,SRV-NODE-8
ERP-06501,PROJ-4821,Iquitos,Videoconference,46,55,20240,33227,22386,10841,38,10,PM_MEZA,SRV-NODE-7
ERP-06502,PROJ-6603,Iquitos,Business Proc,87,114,29754,49646,29927,19719,28,32,PM_MEZA,SRV-NODE-4
ERP-06503,PROJ-4400,Huancayo,Audiovisual,158,203,86426,153875,109593,44282,3,2,PM_SOTO,SRV-NODE-8
ERP-06504,PROJ-8451,Tacna,Project Mgmt,108,142,63072,120072,80155,39917,22,5,PM_VEGA,SRV-NODE-10
ERP-06505,PROJ-4141,Puno,Project Mgmt,63,79,28665,47630,31788,15842,16,27,PM_VEGA,SRV-NODE-1
ERP-06506,PROJ-9176,Iquitos,Audiovisual,115,144,28865,46495,31760,14735,40,42,PM_SOTO,SRV-NODE-8
ERP-06507,PROJ-9039,Cusco,Videoconference,124,152,45012,73473,62407,11066,21,2,PM_VEGA,SRV-NODE-9
ERP-06508,PROJ-1774,Piura,Videoconference,143,163,80080,167703,107085,60618,3,5,PM_RIVAS,SRV-NODE-4
ERP-06509,PROJ-3831,Tacna,Audiovisual,49,60,13377,26931,15041,11890,32,35,PM_SOTO,SRV-NODE-7
ERP-06510,PROJ-7288,Huancayo,Project Mgmt,102,127,50388,101292,59743,41549,23,40,PM_SOTO,SRV-NODE-4
ERP-06511,PROJ-9210,Cajamarca,Audiovisual,76,101,15428,28616,16993,11623,47,76,PM_SOTO,SRV-NODE-1
ERP-06512,PROJ-4661,Trujillo,Audiovisual,89,116,38537,64563,47570,16993,22,30,PM_SOTO,SRV-NODE-7
ERP-06513,PROJ-4699,Trujillo,Audiovisual,124,136,47244,101145,57162,43983,47,64,PM_PEREZ,SRV-NODE-10
ERP-06514,PROJ-7648,Trujillo,Audiovisual,162,217,88452,143895,112262,31633,49,22,PM_RIVAS,SRV-NODE-10
ERP-06515,PROJ-3767,Cajamarca,Business Proc,164,185,43132,75493,47102,28391,44,77,PM_MEZA,SRV-NODE-7
ERP-06516,PROJ-3177,Lima,Project Mgmt,141,175,80793,133488,107966,25522,48,82,PM_VEGA,SRV-NODE-10
ERP-06517,PROJ-7661,Tacna,Business Proc,153,178,81549,152342,89362,62980,43,27,PM_VEGA,SRV-NODE-3
ERP-06518,PROJ-5340,Iquitos,Project Mgmt,104,137,52832,109657,72343,37314,28,43,PM_RIVAS,SRV-NODE-7
ERP-06519,PROJ-8697,Cusco,Videoconference,118,134,28320,49396,36779,12617,17,19,PM_RIVAS,SRV-NODE-4
ERP-06520,PROJ-3398,Huancayo,Audiovisual,60,74,27480,55506,29110,26396,6,8,PM_RIVAS,SRV-NODE-5
ERP-06521,PROJ-8412,Arequipa,Audiovisual,136,183,72488,132577,88003,44574,43,45,PM_SOTO,SRV-NODE-7
ERP-06522,PROJ-9473,Iquitos,Business Proc,152,172,40280,76375,40667,35708,37,51,PM_RIVAS,SRV-NODE-1
ERP-06523,PROJ-2740,Huancayo,Business Proc,179,205,100777,184417,101091,83326,27,33,PM_SOTO,SRV-NODE-10
ERP-06524,PROJ-7739,Tacna,Project Mgmt,109,130,38259,73383,52537,20846,6,8,PM_MEZA,SRV-NODE-2
ERP-06525,PROJ-6441,Trujillo,Project Mgmt,84,86,39144,64864,43914,20950,8,10,PM_VEGA,SRV-NODE-5
ERP-06526,PROJ-5367,Trujillo,Business Proc,134,157,28140,51978,37147,14831,47,46,PM_VEGA,SRV-NODE-10
ERP-06527,PROJ-7089,Lima,Videoconference,86,102,37582,73467,48707,24760,44,74,PM_SOTO,SRV-NODE-3
ERP-06528,PROJ-2210,Iquitos,Business Proc,108,111,60156,123789,75779,48010,18,25,PM_MEZA,SRV-NODE-10
ERP-06529,PROJ-5513,Huancayo,Audiovisual,107,141,37022,76375,48857,27518,18,23,PM_VEGA,SRV-NODE-3
ERP-06530,PROJ-6116,Cajamarca,Project Mgmt,145,179,63220,138719,71951,66768,8,11,PM_PEREZ,SRV-NODE-4
ERP-06531,PROJ-4590,Arequipa,Project Mgmt,66,71,28182,59484,30345,29139,11,13,PM_RIVAS,SRV-NODE-10
ERP-06532,PROJ-9700,Arequipa,Videoconference,122,162,35746,61257,43749,17508,11,1,PM_RIVAS,SRV-NODE-5
ERP-06533,PROJ-6924,Lima,Project Mgmt,171,176,96957,169953,109380,60573,44,21,PM_RIVAS,SRV-NODE-9
ERP-06534,PROJ-4808,Huancayo,Project Mgmt,32,40,13248,21873,15682,6191,42,64,PM_RIVAS,SRV-NODE-8
ERP-06535,PROJ-8969,Huancayo,Business Proc,26,29,13026,26215,17724,8491,39,66,PM_SOTO,SRV-NODE-8
ERP-06536,PROJ-2532,Lima,Business Proc,162,190,84240,153406,105855,47551,21,17,PM_PEREZ,SRV-NODE-10
ERP-06537,PROJ-7347,Tacna,Audiovisual,91,115,21021,41836,26610,15226,32,42,PM_RIVAS,SRV-NODE-2
ERP-06538,PROJ-1186,Iquitos,Audiovisual,87,101,32538,60660,37598,23062,6,9,PM_PEREZ,SRV-NODE-4
ERP-06539,PROJ-8609,Huancayo,Audiovisual,179,227,75717,164765,79796,84969,5,2,PM_VEGA,SRV-NODE-9
ERP-06540,PROJ-5110,Arequipa,Videoconference,49,57,10780,17429,13989,3440,38,25,PM_VEGA,SRV-NODE-3
ERP-06541,PROJ-8799,Tacna,Business Proc,180,187,90000,197493,90152,107341,11,19,PM_PEREZ,SRV-NODE-7
ERP-06542,PROJ-1888,Cusco,Business Proc,121,124,52272,99597,68276,31321,29,11,PM_VEGA,SRV-NODE-5
ERP-06543,PROJ-3820,Cusco,Business Proc,75,79,20775,39552,27729,11823,13,2,PM_RIVAS,SRV-NODE-5
ERP-06544,PROJ-6433,Puno,Project Mgmt,46,54,23368,42039,31088,10951,44,15,PM_MEZA,SRV-NODE-2
ERP-06545,PROJ-3876,Tacna,Videoconference,170,201,58310,110965,72683,38282,27,26,PM_PEREZ,SRV-NODE-7
ERP-06546,PROJ-3551,Cajamarca,Videoconference,97,115,36084,73557,40603,32954,47,7,PM_VEGA,SRV-NODE-8
ERP-06547,PROJ-5968,Cusco,Business Proc,150,197,83250,137121,106366,30755,38,49,PM_VEGA,SRV-NODE-2
ERP-06548,PROJ-5116,Tacna,Business Proc,111,128,64935,115613,90455,25158,10,15,PM_PEREZ,SRV-NODE-2
ERP-06549,PROJ-1941,Iquitos,Business Proc,21,24,11172,18175,14261,3914,13,21,PM_RIVAS,SRV-NODE-1
ERP-06550,PROJ-8603,Puno,Videoconference,83,85,44322,93761,53743,40018,44,53,PM_RIVAS,SRV-NODE-5
ERP-06551,PROJ-1706,Piura,Videoconference,114,144,52668,100511,57775,42736,26,33,PM_MEZA,SRV-NODE-8
ERP-06552,PROJ-6502,Lima,Project Mgmt,32,36,17760,33348,19172,14176,9,10,PM_RIVAS,SRV-NODE-6
ERP-06553,PROJ-8233,Arequipa,Audiovisual,157,194,66725,122790,91702,31088,28,34,PM_VEGA,SRV-NODE-2
ERP-06554,PROJ-2817,Huancayo,Audiovisual,154,157,63140,121999,88036,33963,16,14,PM_RIVAS,SRV-NODE-10
ERP-06555,PROJ-3252,Lima,Business Proc,132,172,50028,87967,63675,24292,13,8,PM_RIVAS,SRV-NODE-8
ERP-06556,PROJ-7027,Cajamarca,Audiovisual,96,113,20256,35035,21784,13251,41,15,PM_VEGA,SRV-NODE-1
ERP-06557,PROJ-3278,Iquitos,Audiovisual,124,160,48360,88107,52654,35453,23,14,PM_RIVAS,SRV-NODE-3
ERP-06558,PROJ-7772,Arequipa,Videoconference,28,34,6244,11097,7020,4077,14,19,PM_VEGA,SRV-NODE-7
ERP-06559,PROJ-7748,Trujillo,Project Mgmt,78,104,40092,74758,55006,19752,47,66,PM_SOTO,SRV-NODE-5
ERP-06560,PROJ-1038,Cajamarca,Project Mgmt,80,87,18560,39505,23661,15844,24,13,PM_SOTO,SRV-NODE-2
ERP-06561,PROJ-9753,Piura,Audiovisual,23,23,8786,17685,9842,7843,30,50,PM_RIVAS,SRV-NODE-2
ERP-06562,PROJ-3549,Huancayo,Project Mgmt,173,232,74217,149472,101471,48001,42,14,PM_MEZA,SRV-NODE-4
ERP-06563,PROJ-6485,Iquitos,Business Proc,104,105,24960,48176,32060,16116,26,37,PM_RIVAS,SRV-NODE-8
ERP-06564,PROJ-4708,Cajamarca,Project Mgmt,31,35,11346,20617,15434,5183,13,21,PM_SOTO,SRV-NODE-4
ERP-06565,PROJ-5050,Cusco,Business Proc,159,209,33231,61046,43901,17145,44,42,PM_PEREZ,SRV-NODE-10
ERP-06566,PROJ-9776,Puno,Audiovisual,53,55,19451,32574,24010,8564,33,5,PM_VEGA,SRV-NODE-7
ERP-06567,PROJ-2481,Arequipa,Project Mgmt,58,68,31726,53748,42378,11370,28,2,PM_PEREZ,SRV-NODE-9
ERP-06568,PROJ-3733,Piura,Business Proc,125,159,47250,78441,65259,13182,44,47,PM_RIVAS,SRV-NODE-2
ERP-06569,PROJ-5220,Iquitos,Project Mgmt,114,117,68286,122502,88951,33551,14,11,PM_VEGA,SRV-NODE-3
ERP-06570,PROJ-5662,Arequipa,Project Mgmt,148,177,38480,76904,40938,35966,43,61,PM_PEREZ,SRV-NODE-4
ERP-06571,PROJ-9400,Iquitos,Videoconference,121,144,35332,58841,47277,11564,12,3,PM_RIVAS,SRV-NODE-7
ERP-06572,PROJ-5690,Trujillo,Audiovisual,128,138,31232,50734,32450,18284,17,18,PM_RIVAS,SRV-NODE-4
ERP-06573,PROJ-3001,Trujillo,Videoconference,103,133,34608,60553,46373,14180,42,21,PM_PEREZ,SRV-NODE-8
ERP-06574,PROJ-1115,Arequipa,Audiovisual,115,137,63710,115193,83340,31853,32,51,PM_VEGA,SRV-NODE-1
ERP-06575,PROJ-7001,Lima,Project Mgmt,56,71,19376,32503,25351,7152,45,27,PM_SOTO,SRV-NODE-1
ERP-06576,PROJ-4622,Cusco,Audiovisual,95,115,32300,61827,39291,22536,37,24,PM_PEREZ,SRV-NODE-8
ERP-06577,PROJ-1414,Lima,Project Mgmt,154,156,36806,76882,41949,34933,37,15,PM_VEGA,SRV-NODE-5
ERP-06578,PROJ-3644,Puno,Business Proc,156,175,68328,142267,76679,65588,47,74,PM_PEREZ,SRV-NODE-2
ERP-06579,PROJ-7067,Puno,Videoconference,63,73,15120,26846,20215,6631,26,23,PM_PEREZ,SRV-NODE-6
ERP-06580,PROJ-1305,Tacna,Business Proc,133,169,47082,78318,65135,13183,28,5,PM_SOTO,SRV-NODE-6
ERP-06581,PROJ-2316,Iquitos,Videoconference,20,26,7200,12847,8751,4096,32,42,PM_VEGA,SRV-NODE-7
ERP-06582,PROJ-8102,Cajamarca,Videoconference,115,135,43815,76569,59806,16763,10,16,PM_RIVAS,SRV-NODE-9
ERP-06583,PROJ-7974,Arequipa,Business Proc,82,97,48544,84229,66396,17833,44,77,PM_PEREZ,SRV-NODE-10
ERP-06584,PROJ-3685,Cajamarca,Project Mgmt,177,183,63012,108167,64131,44036,18,25,PM_RIVAS,SRV-NODE-9
ERP-06585,PROJ-3693,Puno,Business Proc,56,61,24752,48442,25946,22496,30,42,PM_RIVAS,SRV-NODE-10
ERP-06586,PROJ-5325,Huancayo,Business Proc,115,139,44735,74877,49323,25554,13,17,PM_MEZA,SRV-NODE-4
ERP-06587,PROJ-1558,Huancayo,Project Mgmt,145,183,51475,100846,61701,39145,8,9,PM_RIVAS,SRV-NODE-10
ERP-06588,PROJ-4114,Puno,Project Mgmt,34,42,15436,30252,19334,10918,40,58,PM_PEREZ,SRV-NODE-4
ERP-06589,PROJ-7798,Lima,Project Mgmt,59,62,16815,31684,19216,12468,42,12,PM_RIVAS,SRV-NODE-4
ERP-06590,PROJ-3436,Arequipa,Business Proc,167,189,34569,71198,44511,26687,35,32,PM_RIVAS,SRV-NODE-9
ERP-06591,PROJ-2540,Piura,Project Mgmt,44,51,10208,18506,13666,4840,7,10,PM_SOTO,SRV-NODE-2
ERP-06592,PROJ-7559,Trujillo,Business Proc,123,138,38499,75720,47332,28388,26,9,PM_VEGA,SRV-NODE-7
ERP-06593,PROJ-2079,Cajamarca,Audiovisual,108,128,59832,118077,77500,40577,39,39,PM_RIVAS,SRV-NODE-7
ERP-06594,PROJ-5242,Piura,Business Proc,118,156,35400,77467,43677,33790,28,21,PM_SOTO,SRV-NODE-1
ERP-06595,PROJ-7778,Iquitos,Videoconference,117,139,65754,142920,85222,57698,37,46,PM_RIVAS,SRV-NODE-8
ERP-06596,PROJ-2872,Lima,Videoconference,79,88,34207,73207,46504,26703,24,41,PM_VEGA,SRV-NODE-5
ERP-06597,PROJ-4058,Puno,Business Proc,76,96,20900,37183,21896,15287,4,0,PM_SOTO,SRV-NODE-7
ERP-06598,PROJ-6781,Huancayo,Project Mgmt,84,95,33936,60312,42232,18080,38,17,PM_VEGA,SRV-NODE-7
ERP-06599,PROJ-1183,Huancayo,Business Proc,109,123,45344,76301,53913,22388,12,2,PM_RIVAS,SRV-NODE-7
ERP-06600,PROJ-6070,Cajamarca,Business Proc,91,91,21021,34619,28291,6328,46,50,PM_RIVAS,SRV-NODE-10
ERP-06601,PROJ-2058,Iquitos,Videoconference,147,184,37926,63682,47646,16036,40,48,PM_VEGA,SRV-NODE-4
ERP-06602,PROJ-9439,Trujillo,Business Proc,158,198,61462,129188,77558,51630,13,22,PM_MEZA,SRV-NODE-9
ERP-06603,PROJ-1398,Trujillo,Business Proc,123,137,44895,98127,46534,51593,16,6,PM_RIVAS,SRV-NODE-8
ERP-06604,PROJ-9268,Iquitos,Business Proc,90,119,42300,91902,58549,33353,17,22,PM_PEREZ,SRV-NODE-4
ERP-06605,PROJ-9549,Trujillo,Videoconference,135,177,47655,89784,50783,39001,22,19,PM_VEGA,SRV-NODE-1
ERP-06606,PROJ-6143,Cajamarca,Videoconference,87,116,47850,102763,63585,39178,38,40,PM_VEGA,SRV-NODE-3
ERP-06607,PROJ-3986,Lima,Business Proc,118,150,55932,100369,69071,31298,8,7,PM_VEGA,SRV-NODE-4
ERP-06608,PROJ-6813,Cajamarca,Videoconference,118,152,38822,68440,44606,23834,36,50,PM_SOTO,SRV-NODE-1
ERP-06609,PROJ-4868,Lima,Project Mgmt,71,88,23927,47918,29870,18048,31,43,PM_RIVAS,SRV-NODE-3
ERP-06610,PROJ-3448,Arequipa,Audiovisual,146,172,75336,128353,82531,45822,40,37,PM_RIVAS,SRV-NODE-1
ERP-06611,PROJ-2585,Tacna,Audiovisual,173,189,42039,79465,54928,24537,9,15,PM_MEZA,SRV-NODE-7
ERP-06612,PROJ-3296,Cusco,Business Proc,89,115,31328,55596,41490,14106,15,4,PM_SOTO,SRV-NODE-6
ERP-06613,PROJ-6748,Cajamarca,Project Mgmt,72,78,28152,48280,34286,13994,14,8,PM_VEGA,SRV-NODE-1
ERP-06614,PROJ-7496,Arequipa,Business Proc,45,45,20700,40754,25699,15055,17,18,PM_VEGA,SRV-NODE-3
ERP-06615,PROJ-8962,Puno,Project Mgmt,179,191,89142,166668,90890,75778,46,9,PM_PEREZ,SRV-NODE-7
ERP-06616,PROJ-1919,Trujillo,Audiovisual,143,187,48048,82052,64319,17733,12,12,PM_SOTO,SRV-NODE-6
ERP-06617,PROJ-9064,Lima,Business Proc,169,216,47827,81951,52152,29799,31,51,PM_VEGA,SRV-NODE-8
ERP-06618,PROJ-1793,Huancayo,Audiovisual,32,40,8128,13595,10146,3449,47,50,PM_RIVAS,SRV-NODE-4
ERP-06619,PROJ-5579,Trujillo,Business Proc,173,191,79580,134772,86452,48320,28,8,PM_SOTO,SRV-NODE-9
ERP-06620,PROJ-2902,Cajamarca,Audiovisual,162,188,72738,124946,97651,27295,48,16,PM_VEGA,SRV-NODE-7
ERP-06621,PROJ-7886,Puno,Audiovisual,59,64,23010,42395,31918,10477,34,49,PM_VEGA,SRV-NODE-8
ERP-06622,PROJ-9332,Huancayo,Audiovisual,133,171,40964,79437,44317,35120,47,35,PM_PEREZ,SRV-NODE-7
ERP-06623,PROJ-8548,Huancayo,Videoconference,127,157,59563,127475,78530,48945,9,6,PM_RIVAS,SRV-NODE-5
ERP-06624,PROJ-9769,Huancayo,Business Proc,26,30,7878,12716,9792,2924,19,18,PM_PEREZ,SRV-NODE-3
ERP-06625,PROJ-9955,Cajamarca,Videoconference,25,28,9675,16069,12559,3510,23,40,PM_VEGA,SRV-NODE-7
ERP-06626,PROJ-3213,Puno,Project Mgmt,57,58,33117,59959,40344,19615,34,12,PM_MEZA,SRV-NODE-3
ERP-06627,PROJ-1125,Lima,Business Proc,107,108,32635,58637,39379,19258,29,38,PM_PEREZ,SRV-NODE-8
ERP-06628,PROJ-6805,Puno,Business Proc,50,58,17950,30532,23576,6956,25,11,PM_RIVAS,SRV-NODE-9
ERP-06629,PROJ-2610,Cusco,Audiovisual,134,158,34706,58710,37390,21320,17,10,PM_MEZA,SRV-NODE-8
ERP-06630,PROJ-7828,Cajamarca,Business Proc,36,46,12888,21374,14462,6912,26,23,PM_SOTO,SRV-NODE-10
ERP-06631,PROJ-5747,Cajamarca,Business Proc,36,42,14148,23234,15125,8109,40,39,PM_RIVAS,SRV-NODE-7
ERP-06632,PROJ-7266,Trujillo,Business Proc,142,175,84632,162646,97761,64885,25,37,PM_SOTO,SRV-NODE-1
ERP-06633,PROJ-5744,Cajamarca,Videoconference,165,192,88935,161929,95863,66066,40,48,PM_SOTO,SRV-NODE-8
ERP-06634,PROJ-9127,Arequipa,Audiovisual,142,148,30104,58571,39109,19462,30,53,PM_PEREZ,SRV-NODE-4
ERP-06635,PROJ-7976,Cusco,Videoconference,97,101,35890,67062,37440,29622,20,35,PM_MEZA,SRV-NODE-10
ERP-06636,PROJ-5775,Arequipa,Project Mgmt,55,56,22990,43103,23107,19996,3,3,PM_SOTO,SRV-NODE-2
ERP-06637,PROJ-5766,Huancayo,Business Proc,179,233,73748,132466,103035,29431,34,48,PM_PEREZ,SRV-NODE-9
ERP-06638,PROJ-1968,Iquitos,Project Mgmt,152,163,38000,70123,47829,22294,29,21,PM_RIVAS,SRV-NODE-1
ERP-06639,PROJ-3191,Huancayo,Project Mgmt,87,100,40455,69238,56525,12713,49,5,PM_SOTO,SRV-NODE-9
ERP-06640,PROJ-4381,Cusco,Project Mgmt,71,79,42387,88158,54402,33756,48,15,PM_SOTO,SRV-NODE-8
ERP-06641,PROJ-4696,Lima,Audiovisual,175,180,65625,115840,89055,26785,10,5,PM_VEGA,SRV-NODE-9
ERP-06642,PROJ-3099,Cusco,Audiovisual,87,100,47067,78862,63943,14919,23,19,PM_RIVAS,SRV-NODE-6
ERP-06643,PROJ-3896,Cajamarca,Project Mgmt,93,105,29295,63981,31681,32300,17,5,PM_MEZA,SRV-NODE-3
ERP-06644,PROJ-1393,Huancayo,Videoconference,112,136,54768,99198,70550,28648,27,36,PM_SOTO,SRV-NODE-6
ERP-06645,PROJ-8412,Tacna,Project Mgmt,129,130,44763,90846,62081,28765,29,36,PM_VEGA,SRV-NODE-6
ERP-06646,PROJ-5936,Trujillo,Videoconference,69,90,24288,52037,27767,24270,37,51,PM_RIVAS,SRV-NODE-7
ERP-06647,PROJ-7328,Arequipa,Business Proc,81,95,37827,79080,37863,41217,13,6,PM_VEGA,SRV-NODE-1
ERP-06648,PROJ-2832,Arequipa,Project Mgmt,115,153,25990,50515,26169,24346,24,22,PM_RIVAS,SRV-NODE-3
ERP-06649,PROJ-4237,Lima,Audiovisual,154,186,51898,94604,65058,29546,37,20,PM_VEGA,SRV-NODE-7
ERP-06650,PROJ-8447,Cusco,Business Proc,138,156,71760,141814,94204,47610,41,43,PM_VEGA,SRV-NODE-5
ERP-06651,PROJ-5866,Puno,Audiovisual,96,112,33216,66111,39387,26724,26,16,PM_VEGA,SRV-NODE-7
ERP-06652,PROJ-2904,Cusco,Videoconference,116,131,46052,90568,57626,32942,10,10,PM_SOTO,SRV-NODE-4
ERP-06653,PROJ-9620,Puno,Videoconference,27,34,6048,9815,6535,3280,17,21,PM_VEGA,SRV-NODE-9
ERP-06654,PROJ-5562,Trujillo,Project Mgmt,61,66,19032,30986,23012,7974,8,1,PM_VEGA,SRV-NODE-4
ERP-06655,PROJ-2695,Tacna,Videoconference,67,71,23048,50601,23440,27161,49,55,PM_RIVAS,SRV-NODE-9
ERP-06656,PROJ-3316,Cusco,Videoconference,40,49,14680,25468,16449,9019,49,9,PM_MEZA,SRV-NODE-5
ERP-06657,PROJ-2207,Iquitos,Audiovisual,180,233,52380,109472,68252,41220,38,65,PM_VEGA,SRV-NODE-6
ERP-06658,PROJ-7089,Trujillo,Videoconference,137,147,46306,95262,47889,47373,29,31,PM_PEREZ,SRV-NODE-6
ERP-06659,PROJ-2662,Tacna,Business Proc,103,134,21115,41427,24831,16596,17,6,PM_SOTO,SRV-NODE-4
ERP-06660,PROJ-3384,Iquitos,Audiovisual,147,164,39690,83848,45260,38588,18,13,PM_SOTO,SRV-NODE-4
ERP-06661,PROJ-9666,Piura,Project Mgmt,148,173,75480,142073,96858,45215,3,4,PM_PEREZ,SRV-NODE-2
ERP-06662,PROJ-2658,Huancayo,Project Mgmt,106,127,50774,106635,67573,39062,24,28,PM_MEZA,SRV-NODE-10
ERP-06663,PROJ-6952,Tacna,Business Proc,103,116,36462,65811,43097,22714,30,44,PM_MEZA,SRV-NODE-8
ERP-06664,PROJ-2560,Trujillo,Project Mgmt,126,133,47124,101675,48637,53038,41,9,PM_MEZA,SRV-NODE-7
ERP-06665,PROJ-6928,Iquitos,Audiovisual,22,28,6578,12796,7175,5621,47,32,PM_RIVAS,SRV-NODE-7
ERP-06666,PROJ-8154,Iquitos,Project Mgmt,111,124,41847,88767,50368,38399,11,11,PM_SOTO,SRV-NODE-9
ERP-06667,PROJ-7831,Piura,Audiovisual,51,61,28458,50979,34905,16074,27,14,PM_RIVAS,SRV-NODE-8
ERP-06668,PROJ-6496,Lima,Project Mgmt,45,51,14625,28920,16793,12127,46,62,PM_VEGA,SRV-NODE-9
ERP-06669,PROJ-3641,Puno,Business Proc,119,128,66045,142973,79310,63663,36,51,PM_MEZA,SRV-NODE-5
ERP-06670,PROJ-3156,Arequipa,Project Mgmt,176,176,82544,177370,84627,92743,19,33,PM_PEREZ,SRV-NODE-10
ERP-06671,PROJ-6004,Cusco,Project Mgmt,141,160,65142,108380,79042,29338,41,43,PM_MEZA,SRV-NODE-4
ERP-06672,PROJ-7311,Cajamarca,Business Proc,100,114,39400,77287,48914,28373,28,13,PM_SOTO,SRV-NODE-9
ERP-06673,PROJ-7311,Cusco,Project Mgmt,180,209,81180,165090,92991,72099,35,21,PM_PEREZ,SRV-NODE-8
ERP-06674,PROJ-6238,Puno,Project Mgmt,43,50,25155,50246,32171,18075,45,60,PM_SOTO,SRV-NODE-3
ERP-06675,PROJ-8364,Cusco,Audiovisual,141,141,70500,152009,71311,80698,48,42,PM_PEREZ,SRV-NODE-1
ERP-06676,PROJ-9550,Lima,Business Proc,165,170,82665,145869,94531,51338,12,6,PM_VEGA,SRV-NODE-5
ERP-06677,PROJ-2006,Huancayo,Business Proc,138,184,57960,99223,76096,23127,16,6,PM_VEGA,SRV-NODE-10
ERP-06678,PROJ-4889,Piura,Project Mgmt,53,57,21306,38977,26261,12716,16,14,PM_PEREZ,SRV-NODE-9
ERP-06679,PROJ-1304,Arequipa,Audiovisual,141,155,81780,167376,113855,53521,20,30,PM_PEREZ,SRV-NODE-10
ERP-06680,PROJ-9053,Cusco,Project Mgmt,48,52,16320,28279,16339,11940,41,35,PM_PEREZ,SRV-NODE-10
ERP-06681,PROJ-9941,Arequipa,Project Mgmt,35,45,11305,19513,11624,7889,30,7,PM_PEREZ,SRV-NODE-8
ERP-06682,PROJ-2341,Cajamarca,Audiovisual,115,129,30360,57467,40844,16623,10,9,PM_RIVAS,SRV-NODE-8
ERP-06683,PROJ-7390,Piura,Videoconference,96,125,52512,90966,63524,27442,11,13,PM_MEZA,SRV-NODE-1
ERP-06684,PROJ-4185,Tacna,Videoconference,134,175,34036,59907,47273,12634,5,0,PM_MEZA,SRV-NODE-4
ERP-06685,PROJ-7141,Lima,Audiovisual,77,86,20559,34823,25247,9576,26,27,PM_PEREZ,SRV-NODE-9
ERP-06686,PROJ-9984,Lima,Audiovisual,130,139,32370,66458,41186,25272,24,12,PM_SOTO,SRV-NODE-1
ERP-06687,PROJ-8059,Cusco,Audiovisual,106,112,44838,96988,55164,41824,22,29,PM_VEGA,SRV-NODE-2
ERP-06688,PROJ-6998,Piura,Videoconference,45,47,9585,16935,9863,7072,17,14,PM_PEREZ,SRV-NODE-3
ERP-06689,PROJ-9374,Arequipa,Project Mgmt,132,151,39336,77513,53712,23801,44,44,PM_RIVAS,SRV-NODE-8
ERP-06690,PROJ-8040,Cajamarca,Videoconference,146,160,86578,182123,117325,64798,35,34,PM_SOTO,SRV-NODE-10
ERP-06691,PROJ-5286,Cajamarca,Videoconference,55,61,12375,21244,17302,3942,31,25,PM_PEREZ,SRV-NODE-7
ERP-06692,PROJ-6558,Lima,Videoconference,83,99,20916,41181,28557,12624,34,57,PM_VEGA,SRV-NODE-10
ERP-06693,PROJ-3831,Cajamarca,Videoconference,98,107,21266,38816,22631,16185,22,13,PM_VEGA,SRV-NODE-10
ERP-06694,PROJ-8864,Arequipa,Project Mgmt,33,39,14520,25633,18026,7607,28,36,PM_MEZA,SRV-NODE-2
ERP-06695,PROJ-2297,Piura,Project Mgmt,26,34,10452,18927,12788,6139,18,26,PM_MEZA,SRV-NODE-5
ERP-06696,PROJ-7669,Arequipa,Project Mgmt,166,202,51294,90532,51523,39009,11,12,PM_PEREZ,SRV-NODE-9
ERP-06697,PROJ-9587,Piura,Project Mgmt,162,176,78408,163348,88260,75088,29,17,PM_VEGA,SRV-NODE-4
ERP-06698,PROJ-7481,Trujillo,Audiovisual,158,177,60672,115734,65869,49865,44,68,PM_MEZA,SRV-NODE-5
ERP-06699,PROJ-6025,Lima,Audiovisual,109,111,52974,113328,56097,57231,48,11,PM_VEGA,SRV-NODE-6
ERP-06700,PROJ-5347,Iquitos,Business Proc,36,37,11160,24345,13974,10371,43,53,PM_SOTO,SRV-NODE-9
ERP-06701,PROJ-8438,Cajamarca,Videoconference,76,80,31464,51665,33405,18260,26,25,PM_MEZA,SRV-NODE-6
ERP-06702,PROJ-7459,Piura,Audiovisual,133,146,44688,80528,57853,22675,6,8,PM_PEREZ,SRV-NODE-2
ERP-06703,PROJ-1159,Lima,Project Mgmt,35,41,17430,37254,23903,13351,16,10,PM_SOTO,SRV-NODE-10
ERP-06704,PROJ-8197,Cusco,Business Proc,124,167,27280,54889,28101,26788,13,4,PM_PEREZ,SRV-NODE-4
ERP-06705,PROJ-7981,Cusco,Audiovisual,159,163,90312,157589,112680,44909,4,5,PM_MEZA,SRV-NODE-4
ERP-06706,PROJ-3444,Piura,Videoconference,178,222,63902,102266,69867,32399,7,8,PM_VEGA,SRV-NODE-9
ERP-06707,PROJ-1937,Puno,Business Proc,147,158,42483,78817,53851,24966,28,31,PM_SOTO,SRV-NODE-7
ERP-06708,PROJ-2000,Huancayo,Videoconference,94,99,47940,90742,56234,34508,25,39,PM_PEREZ,SRV-NODE-2
ERP-06709,PROJ-3186,Cajamarca,Business Proc,126,128,33768,56531,36065,20466,46,28,PM_PEREZ,SRV-NODE-1
ERP-06710,PROJ-7973,Cusco,Videoconference,82,98,35014,56661,37915,18746,41,64,PM_SOTO,SRV-NODE-3
ERP-06711,PROJ-6051,Iquitos,Audiovisual,173,174,101032,213771,108921,104850,18,8,PM_MEZA,SRV-NODE-1
ERP-06712,PROJ-4146,Arequipa,Business Proc,91,103,31759,65851,38256,27595,19,33,PM_SOTO,SRV-NODE-4
ERP-06713,PROJ-1562,Trujillo,Audiovisual,103,130,49852,90550,63304,27246,28,23,PM_VEGA,SRV-NODE-4
ERP-06714,PROJ-4644,Arequipa,Audiovisual,153,161,65025,115216,70407,44809,17,25,PM_SOTO,SRV-NODE-3
ERP-06715,PROJ-8006,Cusco,Videoconference,135,172,70065,144824,88099,56725,13,17,PM_MEZA,SRV-NODE-10
ERP-06716,PROJ-4472,Arequipa,Project Mgmt,47,49,23265,45616,27993,17623,29,33,PM_MEZA,SRV-NODE-7
ERP-06717,PROJ-7020,Puno,Project Mgmt,122,132,67344,111017,71915,39102,50,81,PM_SOTO,SRV-NODE-4
ERP-06718,PROJ-7562,Tacna,Project Mgmt,89,119,31951,56122,40503,15619,38,18,PM_SOTO,SRV-NODE-6
ERP-06719,PROJ-5137,Arequipa,Business Proc,52,63,18980,35555,25893,9662,30,51,PM_VEGA,SRV-NODE-8
ERP-06720,PROJ-8529,Piura,Project Mgmt,26,34,11518,23379,12899,10480,9,14,PM_RIVAS,SRV-NODE-5
ERP-06721,PROJ-2356,Tacna,Business Proc,69,81,17526,35000,18531,16469,20,27,PM_MEZA,SRV-NODE-2
ERP-06722,PROJ-4116,Trujillo,Audiovisual,163,173,34067,57754,46832,10922,16,24,PM_RIVAS,SRV-NODE-9
ERP-06723,PROJ-6036,Arequipa,Audiovisual,134,155,66866,138851,76931,61920,17,14,PM_RIVAS,SRV-NODE-6
ERP-06724,PROJ-8078,Trujillo,Videoconference,32,37,13600,28842,14349,14493,43,34,PM_PEREZ,SRV-NODE-1
ERP-06725,PROJ-4464,Iquitos,Project Mgmt,92,122,23460,43825,30671,13154,37,47,PM_VEGA,SRV-NODE-1
ERP-06726,PROJ-3584,Tacna,Project Mgmt,120,160,29880,54442,31667,22775,7,9,PM_RIVAS,SRV-NODE-5
ERP-06727,PROJ-7279,Cajamarca,Audiovisual,170,229,38250,77095,51360,25735,28,15,PM_VEGA,SRV-NODE-3
ERP-06728,PROJ-3278,Cusco,Audiovisual,56,61,21336,40641,26390,14251,3,0,PM_SOTO,SRV-NODE-9
ERP-06729,PROJ-2434,Puno,Project Mgmt,117,150,53235,99125,54642,44483,50,80,PM_SOTO,SRV-NODE-6
ERP-06730,PROJ-3152,Tacna,Business Proc,21,25,10479,19893,13040,6853,28,40,PM_RIVAS,SRV-NODE-1
ERP-06731,PROJ-7444,Cajamarca,Business Proc,121,130,65582,138982,73601,65381,40,40,PM_PEREZ,SRV-NODE-9
ERP-06732,PROJ-2203,Tacna,Project Mgmt,68,80,37740,80822,41901,38921,46,74,PM_PEREZ,SRV-NODE-3
ERP-06733,PROJ-8712,Arequipa,Business Proc,31,38,17174,35032,20288,14744,26,27,PM_SOTO,SRV-NODE-10
ERP-06734,PROJ-3800,Piura,Videoconference,143,181,52910,115759,58719,57040,15,22,PM_MEZA,SRV-NODE-6
ERP-06735,PROJ-9526,Tacna,Business Proc,158,186,93378,198818,108754,90064,22,8,PM_PEREZ,SRV-NODE-1
ERP-06736,PROJ-6129,Trujillo,Project Mgmt,171,205,37278,68018,38737,29281,5,3,PM_VEGA,SRV-NODE-7
ERP-06737,PROJ-9926,Cajamarca,Videoconference,58,67,21518,39088,24807,14281,35,60,PM_SOTO,SRV-NODE-10
ERP-06738,PROJ-7484,Arequipa,Videoconference,168,215,54096,108384,59537,48847,5,0,PM_MEZA,SRV-NODE-2
ERP-06739,PROJ-3910,Piura,Business Proc,52,61,26624,57115,28133,28982,23,32,PM_SOTO,SRV-NODE-10
ERP-06740,PROJ-4059,Lima,Audiovisual,57,73,33003,70849,45714,25135,27,41,PM_MEZA,SRV-NODE-2
ERP-06741,PROJ-1933,Iquitos,Project Mgmt,113,138,56387,104408,74472,29936,47,16,PM_MEZA,SRV-NODE-4
ERP-06742,PROJ-6518,Cajamarca,Audiovisual,93,122,34224,62727,41944,20783,44,21,PM_MEZA,SRV-NODE-3
ERP-06743,PROJ-9693,Puno,Project Mgmt,85,112,21845,44845,26162,18683,46,23,PM_SOTO,SRV-NODE-1
ERP-06744,PROJ-1524,Huancayo,Project Mgmt,135,164,51705,103641,53580,50061,8,2,PM_RIVAS,SRV-NODE-7
ERP-06745,PROJ-8784,Cusco,Project Mgmt,119,128,67354,142460,90500,51960,4,3,PM_PEREZ,SRV-NODE-3
ERP-06746,PROJ-3587,Huancayo,Business Proc,65,76,27885,59405,27973,31432,12,8,PM_VEGA,SRV-NODE-10
ERP-06747,PROJ-6694,Lima,Business Proc,157,200,45373,93004,58681,34323,46,80,PM_SOTO,SRV-NODE-10
ERP-06748,PROJ-4687,Cajamarca,Business Proc,171,228,37449,81864,51353,30511,44,9,PM_RIVAS,SRV-NODE-8
ERP-06749,PROJ-8974,Iquitos,Business Proc,41,51,23042,47953,26259,21694,36,50,PM_MEZA,SRV-NODE-2
ERP-06750,PROJ-5688,Tacna,Videoconference,179,232,48330,97891,53963,43928,44,29,PM_MEZA,SRV-NODE-3
ERP-06751,PROJ-5897,Lima,Videoconference,23,30,10120,21668,12928,8740,25,41,PM_RIVAS,SRV-NODE-6
ERP-06752,PROJ-3491,Tacna,Project Mgmt,82,105,16974,27382,20750,6632,44,76,PM_SOTO,SRV-NODE-7
ERP-06753,PROJ-4962,Cusco,Project Mgmt,98,104,40474,70272,55213,15059,36,27,PM_RIVAS,SRV-NODE-10
ERP-06754,PROJ-4409,Cajamarca,Audiovisual,172,185,76368,138102,102086,36016,26,3,PM_PEREZ,SRV-NODE-7
ERP-06755,PROJ-2459,Puno,Audiovisual,163,184,56398,98061,71315,26746,28,16,PM_MEZA,SRV-NODE-7
ERP-06756,PROJ-9071,Tacna,Project Mgmt,140,174,75460,139004,93423,45581,39,54,PM_SOTO,SRV-NODE-3
ERP-06757,PROJ-3020,Iquitos,Videoconference,42,44,21210,39422,26052,13370,49,67,PM_RIVAS,SRV-NODE-3
ERP-06758,PROJ-6839,Iquitos,Videoconference,34,43,10676,22541,11875,10666,19,17,PM_SOTO,SRV-NODE-3
ERP-06759,PROJ-4801,Piura,Videoconference,94,123,34498,70827,40779,30048,14,23,PM_MEZA,SRV-NODE-5
ERP-06760,PROJ-9585,Tacna,Business Proc,67,79,28743,60072,39887,20185,5,3,PM_VEGA,SRV-NODE-1
ERP-06761,PROJ-8151,Trujillo,Project Mgmt,33,42,10197,21050,10761,10289,48,5,PM_VEGA,SRV-NODE-5
ERP-06762,PROJ-5332,Cajamarca,Audiovisual,29,36,8497,14014,11306,2708,19,2,PM_SOTO,SRV-NODE-9
ERP-06763,PROJ-4637,Puno,Project Mgmt,167,209,55611,114401,63282,51119,32,42,PM_PEREZ,SRV-NODE-8
ERP-06764,PROJ-4027,Piura,Business Proc,111,147,30081,64746,38409,26337,45,11,PM_MEZA,SRV-NODE-2
ERP-06765,PROJ-7862,Cusco,Audiovisual,173,199,82867,143174,107471,35703,38,29,PM_VEGA,SRV-NODE-1
ERP-06766,PROJ-9368,Arequipa,Project Mgmt,51,60,28101,54104,38042,16062,7,7,PM_SOTO,SRV-NODE-4
ERP-06767,PROJ-5376,Arequipa,Project Mgmt,134,174,38860,73219,40100,33119,35,7,PM_PEREZ,SRV-NODE-5
ERP-06768,PROJ-5759,Cusco,Videoconference,85,102,45135,88787,47781,41006,16,21,PM_SOTO,SRV-NODE-7
ERP-06769,PROJ-9115,Cajamarca,Videoconference,172,196,38012,67931,39605,28326,40,14,PM_VEGA,SRV-NODE-7
ERP-06770,PROJ-8684,Piura,Business Proc,156,182,31356,60723,35715,25008,22,24,PM_RIVAS,SRV-NODE-6
ERP-06771,PROJ-8843,Cajamarca,Videoconference,22,26,6754,13615,8167,5448,11,2,PM_MEZA,SRV-NODE-9
ERP-06772,PROJ-1757,Lima,Business Proc,88,96,36960,73527,48254,25273,48,23,PM_SOTO,SRV-NODE-10
ERP-06773,PROJ-3708,Puno,Business Proc,46,51,27094,44924,35576,9348,21,33,PM_SOTO,SRV-NODE-7
ERP-06774,PROJ-7264,Trujillo,Project Mgmt,119,147,31654,66829,35730,31099,43,70,PM_VEGA,SRV-NODE-5
ERP-06775,PROJ-1643,Cusco,Audiovisual,87,106,45762,82265,52119,30146,23,17,PM_RIVAS,SRV-NODE-6
ERP-06776,PROJ-5978,Iquitos,Business Proc,170,218,45390,79178,55131,24047,3,4,PM_RIVAS,SRV-NODE-3
ERP-06777,PROJ-6090,Trujillo,Videoconference,30,40,9120,15475,10851,4624,39,61,PM_MEZA,SRV-NODE-7
ERP-06778,PROJ-7529,Lima,Videoconference,39,47,22854,43251,31555,11696,31,4,PM_MEZA,SRV-NODE-6
ERP-06779,PROJ-3495,Iquitos,Project Mgmt,126,166,48888,86993,61565,25428,36,54,PM_SOTO,SRV-NODE-9
ERP-06780,PROJ-5366,Huancayo,Project Mgmt,161,202,72450,116051,88978,27073,3,3,PM_PEREZ,SRV-NODE-9
ERP-06781,PROJ-6032,Arequipa,Audiovisual,149,188,64517,137359,68880,68479,43,39,PM_SOTO,SRV-NODE-10
ERP-06782,PROJ-2612,Huancayo,Business Proc,61,75,15738,26919,17533,9386,37,38,PM_PEREZ,SRV-NODE-1
ERP-06783,PROJ-7174,Iquitos,Project Mgmt,113,133,65653,142454,70136,72318,34,46,PM_VEGA,SRV-NODE-8
ERP-06784,PROJ-3534,Piura,Videoconference,169,220,49686,87675,56364,31311,9,4,PM_SOTO,SRV-NODE-3
ERP-06785,PROJ-2015,Trujillo,Audiovisual,40,44,20520,44642,25138,19504,26,4,PM_SOTO,SRV-NODE-7
ERP-06786,PROJ-2389,Huancayo,Videoconference,179,182,46003,83034,50577,32457,25,15,PM_PEREZ,SRV-NODE-8
ERP-06787,PROJ-3041,Huancayo,Business Proc,86,93,49794,80347,66614,13733,10,7,PM_SOTO,SRV-NODE-3
ERP-06788,PROJ-6666,Tacna,Business Proc,133,163,40166,87282,46132,41150,42,7,PM_RIVAS,SRV-NODE-4
ERP-06789,PROJ-9491,Tacna,Business Proc,63,72,17640,38038,19569,18469,3,5,PM_RIVAS,SRV-NODE-8
ERP-06790,PROJ-2074,Cusco,Videoconference,49,55,15288,27446,20434,7012,25,24,PM_RIVAS,SRV-NODE-6
ERP-06791,PROJ-6505,Trujillo,Project Mgmt,164,165,90200,169349,110680,58669,38,65,PM_MEZA,SRV-NODE-7
ERP-06792,PROJ-2001,Puno,Business Proc,81,85,19764,40650,27372,13278,37,51,PM_SOTO,SRV-NODE-8
ERP-06793,PROJ-9842,Cajamarca,Project Mgmt,118,144,45194,92792,58717,34075,20,35,PM_RIVAS,SRV-NODE-7
ERP-06794,PROJ-4248,Iquitos,Business Proc,77,89,15708,32949,16050,16899,14,12,PM_MEZA,SRV-NODE-1
ERP-06795,PROJ-4858,Lima,Videoconference,120,121,40920,82047,42298,39749,22,18,PM_RIVAS,SRV-NODE-9
ERP-06796,PROJ-3443,Piura,Project Mgmt,108,135,28080,54977,28318,26659,40,63,PM_SOTO,SRV-NODE-5
ERP-06797,PROJ-4267,Tacna,Videoconference,39,50,9945,17299,10447,6852,41,5,PM_SOTO,SRV-NODE-2
ERP-06798,PROJ-2906,Iquitos,Business Proc,167,204,94355,195194,129203,65991,5,7,PM_RIVAS,SRV-NODE-4
ERP-06799,PROJ-7713,Cajamarca,Audiovisual,131,155,40479,69483,47808,21675,19,22,PM_SOTO,SRV-NODE-3
ERP-06800,PROJ-8146,Lima,Videoconference,39,51,16458,29325,22347,6978,16,5,PM_PEREZ,SRV-NODE-4
ERP-06801,PROJ-7012,Cajamarca,Business Proc,145,150,60900,116450,65508,50942,40,68,PM_RIVAS,SRV-NODE-6
ERP-06802,PROJ-1948,Piura,Business Proc,176,220,71984,154356,78167,76189,42,48,PM_VEGA,SRV-NODE-3
ERP-06803,PROJ-1261,Piura,Audiovisual,61,68,34038,73428,44003,29425,44,27,PM_RIVAS,SRV-NODE-6
ERP-06804,PROJ-6480,Cajamarca,Videoconference,115,117,40940,66880,44209,22671,32,32,PM_SOTO,SRV-NODE-3
ERP-06805,PROJ-4144,Trujillo,Audiovisual,106,125,29998,54503,41834,12669,33,23,PM_MEZA,SRV-NODE-3
ERP-06806,PROJ-8037,Cusco,Business Proc,28,31,9548,17598,10038,7560,34,57,PM_SOTO,SRV-NODE-7
ERP-06807,PROJ-9494,Tacna,Videoconference,81,81,18387,31891,24724,7167,25,37,PM_SOTO,SRV-NODE-4
ERP-06808,PROJ-1107,Cusco,Audiovisual,118,153,42126,85831,48836,36995,35,47,PM_RIVAS,SRV-NODE-3
ERP-06809,PROJ-9238,Puno,Project Mgmt,48,58,25728,42427,27422,15005,48,51,PM_MEZA,SRV-NODE-7
ERP-06810,PROJ-7654,Puno,Videoconference,71,92,34080,72191,35353,36838,37,50,PM_RIVAS,SRV-NODE-4
ERP-06811,PROJ-5946,Arequipa,Videoconference,61,78,12749,23555,16461,7094,25,36,PM_VEGA,SRV-NODE-3
ERP-06812,PROJ-5040,Arequipa,Business Proc,101,102,55853,101698,66765,34933,36,11,PM_SOTO,SRV-NODE-5
ERP-06813,PROJ-8131,Iquitos,Business Proc,140,145,52220,109823,66295,43528,6,2,PM_RIVAS,SRV-NODE-3
ERP-06814,PROJ-6327,Arequipa,Videoconference,36,47,12168,19565,12962,6603,16,23,PM_RIVAS,SRV-NODE-5
ERP-06815,PROJ-1537,Huancayo,Business Proc,76,92,35568,66750,47185,19565,3,3,PM_MEZA,SRV-NODE-8
ERP-06816,PROJ-2571,Arequipa,Videoconference,89,115,18512,37985,19849,18136,23,36,PM_SOTO,SRV-NODE-7
ERP-06817,PROJ-3801,Lima,Business Proc,148,186,86136,179430,114654,64776,3,1,PM_RIVAS,SRV-NODE-6
ERP-06818,PROJ-3056,Iquitos,Business Proc,99,103,23166,43731,23821,19910,13,17,PM_SOTO,SRV-NODE-5
ERP-06819,PROJ-6524,Iquitos,Audiovisual,165,168,83490,180961,87175,93786,49,57,PM_PEREZ,SRV-NODE-6
ERP-06820,PROJ-5351,Cusco,Audiovisual,174,191,50460,103384,65141,38243,49,55,PM_RIVAS,SRV-NODE-10
ERP-06821,PROJ-8656,Iquitos,Business Proc,127,156,53467,97911,67928,29983,35,25,PM_PEREZ,SRV-NODE-3
ERP-06822,PROJ-7160,Huancayo,Videoconference,70,74,28910,56990,36946,20044,12,14,PM_MEZA,SRV-NODE-6
ERP-06823,PROJ-7234,Cusco,Business Proc,82,106,23288,47962,24245,23717,39,65,PM_MEZA,SRV-NODE-8
ERP-06824,PROJ-4249,Iquitos,Business Proc,82,98,26814,55307,31359,23948,10,10,PM_MEZA,SRV-NODE-9
ERP-06825,PROJ-7981,Arequipa,Business Proc,112,124,26880,52511,35243,17268,46,30,PM_RIVAS,SRV-NODE-2
ERP-06826,PROJ-3615,Cusco,Audiovisual,161,173,41216,86497,54197,32300,6,4,PM_VEGA,SRV-NODE-9
ERP-06827,PROJ-4240,Piura,Business Proc,85,110,17000,35104,17862,17242,49,31,PM_VEGA,SRV-NODE-3
ERP-06828,PROJ-3899,Huancayo,Audiovisual,153,162,63342,102553,74453,28100,11,14,PM_RIVAS,SRV-NODE-5
ERP-06829,PROJ-6125,Huancayo,Project Mgmt,30,38,7200,13846,8841,5005,36,42,PM_PEREZ,SRV-NODE-6
ERP-06830,PROJ-8248,Arequipa,Audiovisual,27,30,5778,9506,7454,2052,21,8,PM_RIVAS,SRV-NODE-10
ERP-06831,PROJ-8198,Piura,Business Proc,156,157,59592,130872,65405,65467,42,7,PM_VEGA,SRV-NODE-7
ERP-06832,PROJ-6722,Huancayo,Videoconference,105,114,49980,91706,66321,25385,43,57,PM_PEREZ,SRV-NODE-10
ERP-06833,PROJ-9338,Cajamarca,Business Proc,123,139,24600,48321,32461,15860,11,14,PM_SOTO,SRV-NODE-6
ERP-06834,PROJ-6312,Arequipa,Videoconference,152,197,84816,169659,95906,73753,29,13,PM_VEGA,SRV-NODE-9
ERP-06835,PROJ-2945,Cajamarca,Project Mgmt,34,45,18122,36257,21991,14266,42,34,PM_MEZA,SRV-NODE-7
ERP-06836,PROJ-5042,Cusco,Audiovisual,166,168,50132,81092,61740,19352,38,20,PM_PEREZ,SRV-NODE-4
ERP-06837,PROJ-2207,Huancayo,Project Mgmt,120,145,51840,91310,55591,35719,11,4,PM_SOTO,SRV-NODE-1
ERP-06838,PROJ-6268,Tacna,Audiovisual,22,28,7458,12977,10181,2796,45,71,PM_MEZA,SRV-NODE-9
ERP-06839,PROJ-1358,Huancayo,Audiovisual,150,176,82650,149879,107578,42301,44,32,PM_SOTO,SRV-NODE-4
ERP-06840,PROJ-9573,Tacna,Audiovisual,171,203,45144,77894,61794,16100,38,4,PM_SOTO,SRV-NODE-4
ERP-06841,PROJ-3287,Iquitos,Business Proc,157,198,87135,146323,91511,54812,19,4,PM_RIVAS,SRV-NODE-6
ERP-06842,PROJ-5632,Tacna,Business Proc,85,107,42585,90502,42786,47716,13,17,PM_PEREZ,SRV-NODE-6
ERP-06843,PROJ-6343,Cajamarca,Audiovisual,48,48,12336,20317,13077,7240,12,2,PM_PEREZ,SRV-NODE-6
ERP-06844,PROJ-3092,Cusco,Videoconference,52,64,11180,24106,12637,11469,23,20,PM_PEREZ,SRV-NODE-10
ERP-06845,PROJ-9283,Lima,Videoconference,52,66,12688,23803,12853,10950,26,30,PM_SOTO,SRV-NODE-3
ERP-06846,PROJ-3381,Trujillo,Business Proc,82,103,18778,40225,22021,18204,33,56,PM_PEREZ,SRV-NODE-1
ERP-06847,PROJ-2425,Lima,Business Proc,40,46,8440,16472,10142,6330,19,26,PM_SOTO,SRV-NODE-3
ERP-06848,PROJ-6935,Arequipa,Videoconference,45,54,25020,44247,28304,15943,14,18,PM_PEREZ,SRV-NODE-6
ERP-06849,PROJ-7810,Iquitos,Business Proc,29,30,9309,15510,9584,5926,18,18,PM_SOTO,SRV-NODE-10
ERP-06850,PROJ-5382,Huancayo,Audiovisual,153,204,37485,71125,49718,21407,26,39,PM_MEZA,SRV-NODE-4
ERP-06851,PROJ-7795,Cusco,Videoconference,39,48,10920,21115,11547,9568,25,30,PM_PEREZ,SRV-NODE-6
ERP-06852,PROJ-5801,Arequipa,Videoconference,63,63,27846,53368,34454,18914,44,46,PM_PEREZ,SRV-NODE-8
ERP-06853,PROJ-4150,Lima,Audiovisual,129,160,61662,110161,67819,42342,26,36,PM_VEGA,SRV-NODE-4
ERP-06854,PROJ-4170,Puno,Business Proc,137,149,81515,168508,89602,78906,18,25,PM_RIVAS,SRV-NODE-6
ERP-06855,PROJ-8130,Iquitos,Audiovisual,76,101,39444,74435,47775,26660,8,3,PM_PEREZ,SRV-NODE-8
ERP-06856,PROJ-2427,Cusco,Business Proc,165,209,44055,74301,47434,26867,34,22,PM_VEGA,SRV-NODE-7
ERP-06857,PROJ-4108,Cusco,Project Mgmt,27,31,12474,24137,14803,9334,41,72,PM_VEGA,SRV-NODE-9
ERP-06858,PROJ-6360,Arequipa,Audiovisual,100,134,31500,68784,39710,29074,11,6,PM_PEREZ,SRV-NODE-8
ERP-06859,PROJ-1634,Tacna,Videoconference,176,216,74624,163139,80388,82751,5,4,PM_PEREZ,SRV-NODE-6
ERP-06860,PROJ-4017,Piura,Business Proc,130,134,44330,74659,58262,16397,31,26,PM_SOTO,SRV-NODE-9
ERP-06861,PROJ-9981,Piura,Project Mgmt,174,231,58290,118347,69808,48539,44,47,PM_RIVAS,SRV-NODE-4
ERP-06862,PROJ-7475,Trujillo,Audiovisual,159,197,85065,150499,110349,40150,36,35,PM_MEZA,SRV-NODE-9
ERP-06863,PROJ-4070,Cusco,Videoconference,20,22,9780,16925,11762,5163,46,25,PM_MEZA,SRV-NODE-8
ERP-06864,PROJ-5663,Tacna,Audiovisual,94,125,28294,47640,38616,9024,42,49,PM_RIVAS,SRV-NODE-5
ERP-06865,PROJ-2750,Lima,Business Proc,77,102,43351,87644,53354,34290,12,1,PM_SOTO,SRV-NODE-2
ERP-06866,PROJ-7192,Arequipa,Videoconference,39,49,16302,32015,22146,9869,20,29,PM_VEGA,SRV-NODE-8
ERP-06867,PROJ-3827,Cajamarca,Videoconference,82,105,40426,74032,41603,32429,40,24,PM_SOTO,SRV-NODE-4
ERP-06868,PROJ-6932,Cusco,Project Mgmt,148,175,85988,188809,112061,76748,11,13,PM_PEREZ,SRV-NODE-2
ERP-06869,PROJ-1306,Cusco,Videoconference,117,149,32175,56772,33298,23474,34,43,PM_MEZA,SRV-NODE-1
ERP-06870,PROJ-4931,Piura,Business Proc,115,129,33580,73276,43001,30275,13,20,PM_PEREZ,SRV-NODE-10
ERP-06871,PROJ-9850,Huancayo,Project Mgmt,30,32,7110,11625,8500,3125,44,70,PM_MEZA,SRV-NODE-7
ERP-06872,PROJ-5657,Piura,Videoconference,54,69,26676,44230,33491,10739,15,6,PM_RIVAS,SRV-NODE-4
ERP-06873,PROJ-6690,Cusco,Audiovisual,120,140,33480,61459,38029,23430,20,2,PM_PEREZ,SRV-NODE-5
ERP-06874,PROJ-3722,Cusco,Business Proc,63,69,15687,28419,21567,6852,23,28,PM_VEGA,SRV-NODE-10
ERP-06875,PROJ-1116,Cajamarca,Project Mgmt,100,123,30400,48679,36789,11890,24,35,PM_PEREZ,SRV-NODE-8
ERP-06876,PROJ-2680,Cusco,Videoconference,71,95,32518,69839,44131,25708,17,22,PM_SOTO,SRV-NODE-3
ERP-06877,PROJ-4060,Cusco,Project Mgmt,133,164,78603,148319,79292,69027,26,33,PM_VEGA,SRV-NODE-8
ERP-06878,PROJ-1726,Puno,Videoconference,61,72,12749,22943,12841,10102,9,10,PM_PEREZ,SRV-NODE-6
ERP-06879,PROJ-7167,Huancayo,Project Mgmt,43,53,24381,40322,29240,11082,48,16,PM_VEGA,SRV-NODE-4
ERP-06880,PROJ-4249,Piura,Videoconference,93,94,48267,101848,48753,53095,9,13,PM_PEREZ,SRV-NODE-7
ERP-06881,PROJ-9304,Iquitos,Project Mgmt,107,128,47615,97903,66111,31792,11,10,PM_MEZA,SRV-NODE-5
ERP-06882,PROJ-3096,Tacna,Business Proc,67,73,35108,70836,37570,33266,29,29,PM_MEZA,SRV-NODE-5
ERP-06883,PROJ-9991,Trujillo,Audiovisual,125,136,25250,48458,28684,19774,5,5,PM_MEZA,SRV-NODE-7
ERP-06884,PROJ-9719,Cajamarca,Videoconference,56,62,15344,25943,18620,7323,46,56,PM_VEGA,SRV-NODE-4
ERP-06885,PROJ-6266,Puno,Project Mgmt,45,52,24615,53510,31031,22479,49,46,PM_PEREZ,SRV-NODE-3
ERP-06886,PROJ-8009,Puno,Audiovisual,116,123,31088,64626,41445,23181,26,4,PM_RIVAS,SRV-NODE-6
ERP-06887,PROJ-7599,Cusco,Project Mgmt,174,204,92394,200113,113249,86864,34,46,PM_SOTO,SRV-NODE-3
ERP-06888,PROJ-8498,Piura,Project Mgmt,109,140,24852,53958,32668,21290,47,5,PM_MEZA,SRV-NODE-1
ERP-06889,PROJ-8310,Iquitos,Project Mgmt,60,63,33660,73821,44349,29472,43,15,PM_RIVAS,SRV-NODE-1
ERP-06890,PROJ-4657,Puno,Business Proc,152,194,41344,72719,49192,23527,19,33,PM_RIVAS,SRV-NODE-7
ERP-06891,PROJ-9595,Cajamarca,Project Mgmt,34,40,13838,27912,15915,11997,50,87,PM_RIVAS,SRV-NODE-10
ERP-06892,PROJ-2432,Huancayo,Videoconference,179,203,49225,91658,66927,24731,17,24,PM_VEGA,SRV-NODE-1
ERP-06893,PROJ-7229,Arequipa,Audiovisual,96,110,26592,51637,32760,18877,14,21,PM_RIVAS,SRV-NODE-5
ERP-06894,PROJ-1886,Huancayo,Videoconference,142,142,33086,63905,36397,27508,21,21,PM_VEGA,SRV-NODE-2
ERP-06895,PROJ-2895,Puno,Videoconference,30,40,12210,23991,16845,7146,35,56,PM_RIVAS,SRV-NODE-10
ERP-06896,PROJ-3114,Huancayo,Business Proc,49,54,18228,35771,22542,13229,50,55,PM_PEREZ,SRV-NODE-2
ERP-06897,PROJ-9228,Cajamarca,Videoconference,101,104,32825,59320,41133,18187,21,34,PM_PEREZ,SRV-NODE-6
ERP-06898,PROJ-5462,Trujillo,Audiovisual,36,44,20916,36044,28116,7928,21,19,PM_SOTO,SRV-NODE-6
ERP-06899,PROJ-8546,Huancayo,Business Proc,23,27,13547,26389,18045,8344,44,76,PM_PEREZ,SRV-NODE-3
ERP-06900,PROJ-5523,Huancayo,Project Mgmt,154,168,62216,134576,66473,68103,23,37,PM_PEREZ,SRV-NODE-6
ERP-06901,PROJ-9952,Lima,Videoconference,149,200,57365,118086,60453,57633,23,41,PM_PEREZ,SRV-NODE-7
ERP-06902,PROJ-2626,Trujillo,Audiovisual,26,29,12506,22083,13178,8905,29,38,PM_VEGA,SRV-NODE-7
ERP-06903,PROJ-6265,Huancayo,Videoconference,101,102,38279,67632,45230,22402,7,10,PM_MEZA,SRV-NODE-2
ERP-06904,PROJ-7556,Trujillo,Project Mgmt,100,129,45600,91821,60172,31649,13,20,PM_MEZA,SRV-NODE-9
ERP-06905,PROJ-9991,Cusco,Project Mgmt,130,133,59670,98346,64505,33841,44,9,PM_SOTO,SRV-NODE-6
ERP-06906,PROJ-9501,Iquitos,Videoconference,92,111,33488,57004,38529,18475,15,17,PM_RIVAS,SRV-NODE-10
ERP-06907,PROJ-1293,Tacna,Project Mgmt,85,109,27285,58238,28858,29380,3,3,PM_VEGA,SRV-NODE-4
ERP-06908,PROJ-6665,Cajamarca,Videoconference,42,49,13776,25534,14564,10970,24,36,PM_SOTO,SRV-NODE-7
ERP-06909,PROJ-6497,Puno,Project Mgmt,20,23,9820,16642,13000,3642,19,31,PM_MEZA,SRV-NODE-6
ERP-06910,PROJ-6149,Piura,Business Proc,178,197,36490,67184,45156,22028,27,33,PM_PEREZ,SRV-NODE-6
ERP-06911,PROJ-8452,Trujillo,Project Mgmt,32,42,17056,37361,22012,15349,37,59,PM_MEZA,SRV-NODE-6
ERP-06912,PROJ-1839,Lima,Audiovisual,72,75,25488,41109,35634,5475,44,56,PM_VEGA,SRV-NODE-1
ERP-06913,PROJ-5302,Lima,Project Mgmt,65,71,31590,61168,35630,25538,13,15,PM_RIVAS,SRV-NODE-6
ERP-06914,PROJ-8778,Trujillo,Project Mgmt,59,72,14691,25269,16969,8300,28,39,PM_SOTO,SRV-NODE-6
ERP-06915,PROJ-7561,Tacna,Audiovisual,118,155,35636,57303,45610,11693,4,3,PM_PEREZ,SRV-NODE-10
ERP-06916,PROJ-7591,Arequipa,Business Proc,135,136,41040,67609,53895,13714,16,2,PM_VEGA,SRV-NODE-4
ERP-06917,PROJ-6129,Arequipa,Project Mgmt,166,197,84660,160539,114979,45560,50,33,PM_RIVAS,SRV-NODE-1
ERP-06918,PROJ-6893,Puno,Business Proc,88,98,27368,55450,36249,19201,24,19,PM_VEGA,SRV-NODE-6
ERP-06919,PROJ-9296,Lima,Audiovisual,129,153,38184,67684,48566,19118,49,15,PM_SOTO,SRV-NODE-1
ERP-06920,PROJ-2173,Piura,Videoconference,164,219,88560,190709,119033,71676,16,7,PM_MEZA,SRV-NODE-1
ERP-06921,PROJ-6937,Iquitos,Business Proc,31,37,9858,19391,11670,7721,29,10,PM_MEZA,SRV-NODE-6
ERP-06922,PROJ-1974,Cusco,Audiovisual,69,71,18630,38873,18849,20024,35,49,PM_SOTO,SRV-NODE-6
ERP-06923,PROJ-7383,Lima,Project Mgmt,24,24,13536,22719,13803,8916,36,20,PM_PEREZ,SRV-NODE-9
ERP-06924,PROJ-7668,Huancayo,Audiovisual,108,117,37692,76847,42054,34793,35,13,PM_MEZA,SRV-NODE-5
ERP-06925,PROJ-3242,Lima,Audiovisual,167,205,68303,132800,75367,57433,48,77,PM_VEGA,SRV-NODE-5
ERP-06926,PROJ-9799,Cajamarca,Project Mgmt,60,71,16680,34681,22103,12578,26,20,PM_SOTO,SRV-NODE-6
ERP-06927,PROJ-1881,Cusco,Project Mgmt,116,148,25056,49828,33081,16747,25,13,PM_VEGA,SRV-NODE-5
ERP-06928,PROJ-4637,Cusco,Business Proc,105,109,60795,100740,80096,20644,25,12,PM_MEZA,SRV-NODE-6
ERP-06929,PROJ-3757,Tacna,Audiovisual,48,63,23520,46633,25940,20693,50,41,PM_SOTO,SRV-NODE-2
ERP-06930,PROJ-8260,Cusco,Business Proc,23,27,5612,11309,7514,3795,3,3,PM_MEZA,SRV-NODE-10
ERP-06931,PROJ-4358,Puno,Business Proc,144,176,60336,131890,73074,58816,14,19,PM_RIVAS,SRV-NODE-2
ERP-06932,PROJ-2145,Iquitos,Videoconference,109,128,35861,63926,47031,16895,49,66,PM_MEZA,SRV-NODE-6
ERP-06933,PROJ-2008,Tacna,Audiovisual,44,51,24640,48687,31733,16954,33,12,PM_SOTO,SRV-NODE-4
ERP-06934,PROJ-2231,Puno,Project Mgmt,31,35,9517,20817,12778,8039,22,2,PM_VEGA,SRV-NODE-7
ERP-06935,PROJ-2771,Huancayo,Project Mgmt,179,193,49225,87235,64397,22838,45,37,PM_PEREZ,SRV-NODE-9
ERP-06936,PROJ-5206,Lima,Project Mgmt,115,153,47035,90325,61635,28690,22,10,PM_MEZA,SRV-NODE-1
ERP-06937,PROJ-1766,Trujillo,Videoconference,157,158,46315,87592,55225,32367,36,42,PM_RIVAS,SRV-NODE-4
ERP-06938,PROJ-3895,Cusco,Audiovisual,72,74,29448,60862,37276,23586,42,32,PM_VEGA,SRV-NODE-7
ERP-06939,PROJ-8137,Cusco,Business Proc,81,98,30132,64129,32476,31653,7,5,PM_VEGA,SRV-NODE-3
ERP-06940,PROJ-6690,Lima,Audiovisual,164,179,34932,69551,36712,32839,32,57,PM_RIVAS,SRV-NODE-3
ERP-06941,PROJ-8025,Trujillo,Project Mgmt,54,67,25488,46141,29246,16895,24,27,PM_RIVAS,SRV-NODE-8
ERP-06942,PROJ-5937,Tacna,Audiovisual,24,30,11520,23084,15458,7626,40,4,PM_PEREZ,SRV-NODE-1
ERP-06943,PROJ-6778,Piura,Videoconference,65,70,29965,50355,34409,15946,24,39,PM_PEREZ,SRV-NODE-3
ERP-06944,PROJ-4338,Tacna,Project Mgmt,132,166,67056,125504,91573,33931,16,17,PM_MEZA,SRV-NODE-4
ERP-06945,PROJ-7576,Huancayo,Videoconference,33,39,6600,12517,8497,4020,13,9,PM_VEGA,SRV-NODE-2
ERP-06946,PROJ-1761,Huancayo,Videoconference,54,63,26028,51740,32544,19196,43,72,PM_MEZA,SRV-NODE-2
ERP-06947,PROJ-7280,Cajamarca,Videoconference,41,41,13899,27676,18909,8767,9,3,PM_PEREZ,SRV-NODE-5
ERP-06948,PROJ-4239,Tacna,Business Proc,21,26,11592,22431,12018,10413,14,1,PM_RIVAS,SRV-NODE-2
ERP-06949,PROJ-5793,Trujillo,Project Mgmt,29,29,11600,21661,11699,9962,28,45,PM_PEREZ,SRV-NODE-6
ERP-06950,PROJ-1646,Tacna,Project Mgmt,124,142,26908,58069,30176,27893,41,27,PM_MEZA,SRV-NODE-3
ERP-06951,PROJ-9449,Piura,Business Proc,61,62,20496,36338,24331,12007,6,9,PM_PEREZ,SRV-NODE-5
ERP-06952,PROJ-2515,Arequipa,Business Proc,52,68,12688,27239,13915,13324,36,50,PM_SOTO,SRV-NODE-7
ERP-06953,PROJ-3033,Iquitos,Business Proc,22,29,11902,25123,14028,11095,34,9,PM_MEZA,SRV-NODE-4
ERP-06954,PROJ-3277,Arequipa,Business Proc,152,175,61712,109604,69673,39931,8,12,PM_VEGA,SRV-NODE-8
ERP-06955,PROJ-8470,Cusco,Videoconference,63,72,18963,40060,24151,15909,4,5,PM_PEREZ,SRV-NODE-10
ERP-06956,PROJ-7991,Cajamarca,Project Mgmt,71,76,26057,57004,29071,27933,22,22,PM_PEREZ,SRV-NODE-7
ERP-06957,PROJ-7804,Cusco,Audiovisual,132,146,54912,95461,72493,22968,35,16,PM_PEREZ,SRV-NODE-2
ERP-06958,PROJ-1071,Trujillo,Business Proc,57,63,14877,26952,18888,8064,37,36,PM_SOTO,SRV-NODE-9
ERP-06959,PROJ-7616,Cusco,Videoconference,40,46,10320,21501,11924,9577,27,36,PM_PEREZ,SRV-NODE-3
ERP-06960,PROJ-8538,Puno,Project Mgmt,122,143,45994,87061,49793,37268,40,65,PM_VEGA,SRV-NODE-7
ERP-06961,PROJ-8281,Cajamarca,Audiovisual,95,97,25080,40946,29737,11209,16,16,PM_PEREZ,SRV-NODE-7
ERP-06962,PROJ-9314,Arequipa,Business Proc,145,178,76995,148517,98820,49697,9,10,PM_MEZA,SRV-NODE-5
ERP-06963,PROJ-1539,Arequipa,Project Mgmt,156,203,89232,161101,116128,44973,31,24,PM_VEGA,SRV-NODE-5
ERP-06964,PROJ-4608,Trujillo,Audiovisual,69,86,40365,76226,52918,23308,23,7,PM_MEZA,SRV-NODE-6
ERP-06965,PROJ-4686,Huancayo,Audiovisual,90,94,40230,77455,41930,35525,5,5,PM_PEREZ,SRV-NODE-10
ERP-06966,PROJ-6973,Puno,Audiovisual,179,189,49225,96663,64762,31901,43,16,PM_MEZA,SRV-NODE-10
ERP-06967,PROJ-9565,Iquitos,Videoconference,125,130,31750,53483,40314,13169,4,6,PM_VEGA,SRV-NODE-3
ERP-06968,PROJ-7400,Cusco,Business Proc,71,88,31808,66636,32110,34526,11,12,PM_PEREZ,SRV-NODE-3
ERP-06969,PROJ-5992,Puno,Project Mgmt,21,25,6636,10622,7890,2732,20,5,PM_VEGA,SRV-NODE-5
ERP-06970,PROJ-9083,Piura,Videoconference,81,99,24624,50838,26592,24246,48,68,PM_RIVAS,SRV-NODE-2
ERP-06971,PROJ-9471,Cusco,Project Mgmt,114,129,61560,130870,65690,65180,34,48,PM_MEZA,SRV-NODE-9
ERP-06972,PROJ-3540,Lima,Audiovisual,107,130,55640,115123,63905,51218,16,25,PM_RIVAS,SRV-NODE-4
ERP-06973,PROJ-4045,Tacna,Audiovisual,24,32,5952,9916,8241,1675,45,18,PM_RIVAS,SRV-NODE-8
ERP-06974,PROJ-9155,Cusco,Videoconference,172,221,82732,145073,95091,49982,11,5,PM_VEGA,SRV-NODE-6
ERP-06975,PROJ-9919,Iquitos,Videoconference,100,105,39800,72924,46881,26043,50,81,PM_PEREZ,SRV-NODE-3
ERP-06976,PROJ-9842,Iquitos,Business Proc,74,89,37444,65431,44828,20603,38,22,PM_SOTO,SRV-NODE-2
ERP-06977,PROJ-6967,Arequipa,Project Mgmt,73,73,21754,36005,26263,9742,37,54,PM_MEZA,SRV-NODE-7
ERP-06978,PROJ-1160,Piura,Videoconference,56,72,29288,61752,38169,23583,44,30,PM_PEREZ,SRV-NODE-5
ERP-06979,PROJ-2285,Trujillo,Audiovisual,88,99,33264,59258,39550,19708,16,23,PM_SOTO,SRV-NODE-3
ERP-06980,PROJ-3358,Cusco,Project Mgmt,112,116,64736,112215,77567,34648,9,11,PM_MEZA,SRV-NODE-7
ERP-06981,PROJ-4929,Cusco,Videoconference,123,160,47970,88897,64686,24211,10,6,PM_MEZA,SRV-NODE-4
ERP-06982,PROJ-4074,Huancayo,Project Mgmt,94,114,29422,60362,40874,19488,48,67,PM_SOTO,SRV-NODE-9
ERP-06983,PROJ-1445,Huancayo,Project Mgmt,44,56,9416,15702,11257,4445,37,43,PM_SOTO,SRV-NODE-3
ERP-06984,PROJ-6457,Lima,Videoconference,137,151,76583,149548,104436,45112,12,16,PM_MEZA,SRV-NODE-2
ERP-06985,PROJ-4624,Huancayo,Business Proc,158,205,46136,88495,49897,38598,15,24,PM_RIVAS,SRV-NODE-8
ERP-06986,PROJ-6733,Tacna,Business Proc,147,154,42042,75571,57581,17990,24,31,PM_VEGA,SRV-NODE-8
ERP-06987,PROJ-8814,Arequipa,Business Proc,137,179,78638,153077,97469,55608,18,22,PM_MEZA,SRV-NODE-7
ERP-06988,PROJ-9276,Cajamarca,Audiovisual,42,49,24108,47740,27982,19758,24,27,PM_VEGA,SRV-NODE-10
ERP-06989,PROJ-5175,Tacna,Project Mgmt,169,226,53911,91053,68628,22425,9,1,PM_PEREZ,SRV-NODE-5
ERP-06990,PROJ-3094,Arequipa,Business Proc,142,161,48990,86049,61377,24672,35,31,PM_PEREZ,SRV-NODE-5
ERP-06991,PROJ-4418,Cajamarca,Videoconference,163,194,67808,128121,73541,54580,36,8,PM_VEGA,SRV-NODE-9
ERP-06992,PROJ-7709,Arequipa,Business Proc,47,59,13536,27659,18359,9300,25,31,PM_PEREZ,SRV-NODE-3
ERP-06993,PROJ-3545,Cajamarca,Project Mgmt,168,222,61824,129395,66417,62978,24,22,PM_SOTO,SRV-NODE-8
ERP-06994,PROJ-2457,Arequipa,Business Proc,125,149,65000,106578,78537,28041,46,68,PM_MEZA,SRV-NODE-10
ERP-06995,PROJ-5968,Cajamarca,Project Mgmt,67,87,15209,28640,20176,8464,3,2,PM_MEZA,SRV-NODE-2
ERP-06996,PROJ-2461,Puno,Business Proc,22,23,4950,10669,6840,3829,17,14,PM_VEGA,SRV-NODE-8
ERP-06997,PROJ-9908,Lima,Project Mgmt,159,170,46110,80995,64074,16921,16,20,PM_VEGA,SRV-NODE-8
ERP-06998,PROJ-5345,Puno,Audiovisual,78,86,21060,45735,26279,19456,21,2,PM_PEREZ,SRV-NODE-4
ERP-06999,PROJ-5712,Tacna,Project Mgmt,57,76,12369,26954,17104,9850,31,17,PM_SOTO,SRV-NODE-8
ERP-07000,PROJ-1604,Cusco,Business Proc,121,153,36542,61983,49878,12105,44,57,PM_RIVAS,SRV-NODE-8
ERP-07001,PROJ-2623,Cajamarca,Project Mgmt,130,145,49920,105898,57278,48620,40,19,PM_MEZA,SRV-NODE-9
ERP-07002,PROJ-7597,Huancayo,Videoconference,99,108,47124,75609,60078,15531,17,25,PM_VEGA,SRV-NODE-1
ERP-07003,PROJ-7956,Trujillo,Business Proc,178,230,81880,141206,114442,26764,9,6,PM_VEGA,SRV-NODE-8
ERP-07004,PROJ-1213,Piura,Project Mgmt,35,38,9380,16821,11866,4955,28,16,PM_RIVAS,SRV-NODE-8
ERP-07005,PROJ-6846,Cusco,Videoconference,51,55,12597,25077,13242,11835,13,15,PM_VEGA,SRV-NODE-9
ERP-07006,PROJ-1955,Tacna,Business Proc,169,186,72839,151140,90667,60473,32,9,PM_VEGA,SRV-NODE-8
ERP-07007,PROJ-8471,Cajamarca,Project Mgmt,49,52,21217,45427,29501,15926,21,24,PM_SOTO,SRV-NODE-2
ERP-07008,PROJ-8788,Tacna,Project Mgmt,37,48,18944,41217,25635,15582,37,13,PM_MEZA,SRV-NODE-9
ERP-07009,PROJ-8784,Piura,Business Proc,96,114,45312,85475,56438,29037,14,10,PM_PEREZ,SRV-NODE-1
ERP-07010,PROJ-4032,Arequipa,Business Proc,29,36,8323,17834,9207,8627,50,17,PM_SOTO,SRV-NODE-1
ERP-07011,PROJ-4115,Arequipa,Business Proc,135,144,43200,72946,47819,25127,49,35,PM_RIVAS,SRV-NODE-3
ERP-07012,PROJ-8441,Tacna,Business Proc,175,204,77525,134387,88668,45719,27,14,PM_MEZA,SRV-NODE-9
ERP-07013,PROJ-2306,Trujillo,Business Proc,96,114,53664,116854,54935,61919,19,5,PM_VEGA,SRV-NODE-3
ERP-07014,PROJ-5681,Piura,Audiovisual,70,73,16380,35635,22218,13417,5,0,PM_SOTO,SRV-NODE-5
ERP-07015,PROJ-2462,Trujillo,Project Mgmt,123,159,50061,108753,61765,46988,38,44,PM_SOTO,SRV-NODE-4
ERP-07016,PROJ-6425,Lima,Business Proc,175,202,100800,174577,116472,58105,49,8,PM_MEZA,SRV-NODE-7
ERP-07017,PROJ-2737,Arequipa,Audiovisual,132,140,35640,67676,35997,31679,6,10,PM_VEGA,SRV-NODE-3
ERP-07018,PROJ-8507,Cajamarca,Videoconference,101,124,46763,90964,63014,27950,43,22,PM_VEGA,SRV-NODE-2
ERP-07019,PROJ-1062,Tacna,Videoconference,116,144,48140,82428,64696,17732,30,7,PM_VEGA,SRV-NODE-10
ERP-07020,PROJ-6854,Tacna,Videoconference,72,85,24192,52043,28638,23405,19,30,PM_SOTO,SRV-NODE-2
ERP-07021,PROJ-1865,Iquitos,Project Mgmt,104,106,25792,51295,26846,24449,26,14,PM_RIVAS,SRV-NODE-10
ERP-07022,PROJ-7413,Puno,Videoconference,119,124,63784,125546,78341,47205,12,5,PM_PEREZ,SRV-NODE-5
ERP-07023,PROJ-6337,Lima,Project Mgmt,169,172,58136,127464,62265,65199,18,15,PM_VEGA,SRV-NODE-10
ERP-07024,PROJ-7248,Tacna,Business Proc,147,158,78351,131100,80584,50516,37,34,PM_MEZA,SRV-NODE-4
ERP-07025,PROJ-2988,Trujillo,Videoconference,38,44,10526,20954,12743,8211,42,21,PM_MEZA,SRV-NODE-8
ERP-07026,PROJ-5558,Trujillo,Project Mgmt,148,166,38776,80895,42031,38864,50,56,PM_SOTO,SRV-NODE-6
ERP-07027,PROJ-5826,Tacna,Business Proc,57,70,29412,59807,30518,29289,29,50,PM_PEREZ,SRV-NODE-9
ERP-07028,PROJ-9066,Trujillo,Videoconference,85,105,34340,73142,35665,37477,16,7,PM_SOTO,SRV-NODE-2
ERP-07029,PROJ-2769,Puno,Audiovisual,66,84,23760,47327,30593,16734,14,18,PM_PEREZ,SRV-NODE-9
ERP-07030,PROJ-3688,Piura,Audiovisual,42,52,19110,39658,24350,15308,10,8,PM_RIVAS,SRV-NODE-4
ERP-07031,PROJ-8536,Puno,Audiovisual,170,171,65280,138822,71849,66973,11,5,PM_RIVAS,SRV-NODE-10
ERP-07032,PROJ-3474,Huancayo,Videoconference,88,98,29568,59854,37955,21899,5,4,PM_PEREZ,SRV-NODE-1
ERP-07033,PROJ-9362,Cusco,Audiovisual,140,147,53760,111853,57937,53916,7,12,PM_RIVAS,SRV-NODE-8
ERP-07034,PROJ-5484,Cusco,Business Proc,68,75,30736,65414,40623,24791,44,42,PM_PEREZ,SRV-NODE-8
ERP-07035,PROJ-3441,Lima,Project Mgmt,38,45,21926,35133,23490,11643,36,5,PM_SOTO,SRV-NODE-8
ERP-07036,PROJ-6976,Trujillo,Project Mgmt,22,28,6666,12114,7100,5014,29,4,PM_RIVAS,SRV-NODE-4
ERP-07037,PROJ-3169,Iquitos,Business Proc,72,79,23184,49865,32131,17734,6,4,PM_PEREZ,SRV-NODE-8
ERP-07038,PROJ-1705,Cajamarca,Audiovisual,152,189,33592,67796,46701,21095,21,36,PM_MEZA,SRV-NODE-8
ERP-07039,PROJ-5429,Huancayo,Videoconference,180,206,77580,154564,77808,76756,28,10,PM_PEREZ,SRV-NODE-8
ERP-07040,PROJ-2650,Puno,Videoconference,77,79,18865,38201,22378,15823,41,49,PM_RIVAS,SRV-NODE-8
ERP-07041,PROJ-2222,Tacna,Videoconference,77,98,41503,77063,50694,26369,8,8,PM_VEGA,SRV-NODE-5
ERP-07042,PROJ-3848,Arequipa,Audiovisual,71,79,14555,25307,14565,10742,20,19,PM_SOTO,SRV-NODE-9
ERP-07043,PROJ-9383,Cusco,Project Mgmt,31,31,11749,23610,12416,11194,5,0,PM_VEGA,SRV-NODE-8
ERP-07044,PROJ-1002,Iquitos,Audiovisual,43,57,18232,39322,19699,19623,20,26,PM_MEZA,SRV-NODE-6
ERP-07045,PROJ-7169,Lima,Business Proc,92,96,33212,64311,45975,18336,10,9,PM_MEZA,SRV-NODE-3
ERP-07046,PROJ-1889,Iquitos,Business Proc,176,226,84656,163954,87404,76550,8,8,PM_PEREZ,SRV-NODE-8
ERP-07047,PROJ-1646,Piura,Project Mgmt,78,85,29328,53107,31527,21580,29,29,PM_RIVAS,SRV-NODE-7
ERP-07048,PROJ-8969,Lima,Audiovisual,44,48,24156,48070,29585,18485,49,46,PM_RIVAS,SRV-NODE-7
ERP-07049,PROJ-2865,Huancayo,Business Proc,121,128,39446,69517,52645,16872,29,31,PM_SOTO,SRV-NODE-3
ERP-07050,PROJ-1621,Lima,Business Proc,175,197,88375,168954,121754,47200,49,62,PM_SOTO,SRV-NODE-4
ERP-07051,PROJ-6211,Arequipa,Project Mgmt,167,193,95691,188926,100082,88844,50,61,PM_MEZA,SRV-NODE-6
ERP-07052,PROJ-5272,Trujillo,Business Proc,150,183,31950,55197,42741,12456,16,11,PM_RIVAS,SRV-NODE-5
ERP-07053,PROJ-3067,Huancayo,Business Proc,99,119,56034,108702,71044,37658,16,19,PM_SOTO,SRV-NODE-9
ERP-07054,PROJ-5461,Lima,Business Proc,31,38,11191,18535,13533,5002,38,15,PM_SOTO,SRV-NODE-5
ERP-07055,PROJ-5375,Piura,Project Mgmt,170,182,63240,128493,68635,59858,15,24,PM_RIVAS,SRV-NODE-6
ERP-07056,PROJ-4956,Cusco,Project Mgmt,56,60,14616,29324,16532,12792,39,56,PM_VEGA,SRV-NODE-8
ERP-07057,PROJ-4034,Lima,Videoconference,72,95,24264,50580,31281,19299,25,36,PM_RIVAS,SRV-NODE-10
ERP-07058,PROJ-5493,Cusco,Project Mgmt,116,138,44080,87621,52232,35389,46,56,PM_RIVAS,SRV-NODE-4
ERP-07059,PROJ-9613,Cusco,Business Proc,92,102,54096,103896,58750,45146,12,5,PM_VEGA,SRV-NODE-9
ERP-07060,PROJ-9015,Trujillo,Audiovisual,104,130,38688,82541,45501,37040,22,29,PM_VEGA,SRV-NODE-2
ERP-07061,PROJ-8906,Puno,Audiovisual,48,63,16704,32137,18165,13972,25,27,PM_MEZA,SRV-NODE-7
ERP-07062,PROJ-8920,Piura,Project Mgmt,79,79,21251,37063,28089,8974,10,5,PM_MEZA,SRV-NODE-3
ERP-07063,PROJ-6176,Piura,Project Mgmt,172,197,92364,153893,108255,45638,10,11,PM_VEGA,SRV-NODE-4
ERP-07064,PROJ-3971,Trujillo,Videoconference,153,199,32436,54147,36665,17482,16,11,PM_PEREZ,SRV-NODE-7
ERP-07065,PROJ-7541,Iquitos,Project Mgmt,24,29,8496,18313,10180,8133,5,5,PM_VEGA,SRV-NODE-2
ERP-07066,PROJ-5607,Piura,Audiovisual,58,66,12992,23572,17615,5957,25,19,PM_SOTO,SRV-NODE-5
ERP-07067,PROJ-6230,Arequipa,Videoconference,56,67,23856,44098,25428,18670,43,70,PM_PEREZ,SRV-NODE-9
ERP-07068,PROJ-9181,Tacna,Audiovisual,53,64,29786,55914,33523,22391,26,8,PM_PEREZ,SRV-NODE-3
ERP-07069,PROJ-7228,Huancayo,Videoconference,133,154,44688,97438,55133,42305,23,15,PM_RIVAS,SRV-NODE-5
ERP-07070,PROJ-7228,Cusco,Videoconference,112,114,66304,122392,73915,48477,16,27,PM_SOTO,SRV-NODE-10
ERP-07071,PROJ-3456,Puno,Business Proc,138,145,68172,116100,90698,25402,36,28,PM_PEREZ,SRV-NODE-9
ERP-07072,PROJ-3945,Arequipa,Audiovisual,89,91,26878,54763,29528,25235,36,15,PM_RIVAS,SRV-NODE-1
ERP-07073,PROJ-9569,Iquitos,Videoconference,142,154,41890,67559,53532,14027,8,7,PM_MEZA,SRV-NODE-4
ERP-07074,PROJ-2696,Tacna,Videoconference,33,34,9174,20028,10589,9439,36,15,PM_PEREZ,SRV-NODE-8
ERP-07075,PROJ-3799,Cusco,Videoconference,47,48,19129,37477,21131,16346,38,66,PM_MEZA,SRV-NODE-5
ERP-07076,PROJ-1108,Huancayo,Project Mgmt,50,66,23600,42528,31720,10808,4,6,PM_MEZA,SRV-NODE-10
ERP-07077,PROJ-7804,Puno,Videoconference,140,183,75740,134980,88068,46912,17,29,PM_MEZA,SRV-NODE-10
ERP-07078,PROJ-2379,Arequipa,Audiovisual,137,165,57266,112055,63754,48301,45,73,PM_SOTO,SRV-NODE-4
ERP-07079,PROJ-5752,Huancayo,Business Proc,44,50,23936,43050,24558,18492,11,8,PM_PEREZ,SRV-NODE-9
ERP-07080,PROJ-3901,Huancayo,Business Proc,152,194,62472,104159,70823,33336,7,2,PM_VEGA,SRV-NODE-3
ERP-07081,PROJ-2608,Arequipa,Project Mgmt,123,156,27429,56793,29998,26795,40,29,PM_PEREZ,SRV-NODE-5
ERP-07082,PROJ-6828,Trujillo,Audiovisual,124,147,26040,43152,34406,8746,33,26,PM_SOTO,SRV-NODE-8
ERP-07083,PROJ-2756,Puno,Videoconference,31,40,9517,20545,13040,7505,26,27,PM_VEGA,SRV-NODE-6
ERP-07084,PROJ-7424,Cusco,Project Mgmt,83,99,26062,49035,35273,13762,35,19,PM_VEGA,SRV-NODE-8
ERP-07085,PROJ-1637,Puno,Business Proc,71,75,16259,28293,16611,11682,50,56,PM_RIVAS,SRV-NODE-2
ERP-07086,PROJ-3561,Iquitos,Project Mgmt,109,141,24525,52229,30782,21447,38,32,PM_MEZA,SRV-NODE-2
ERP-07087,PROJ-2334,Tacna,Business Proc,129,132,33798,55572,46876,8696,29,10,PM_SOTO,SRV-NODE-9
ERP-07088,PROJ-3758,Puno,Project Mgmt,100,112,45800,87482,49447,38035,15,5,PM_SOTO,SRV-NODE-10
ERP-07089,PROJ-8820,Cajamarca,Business Proc,48,54,26928,52142,37033,15109,26,24,PM_RIVAS,SRV-NODE-3
ERP-07090,PROJ-9446,Cusco,Business Proc,174,229,87000,157438,111779,45659,43,22,PM_PEREZ,SRV-NODE-1
ERP-07091,PROJ-4342,Trujillo,Videoconference,99,109,30294,57037,42231,14806,3,4,PM_VEGA,SRV-NODE-7
ERP-07092,PROJ-3563,Cusco,Audiovisual,61,64,19032,35620,23508,12112,37,30,PM_MEZA,SRV-NODE-3
ERP-07093,PROJ-9002,Puno,Audiovisual,179,210,53342,86361,57043,29318,30,15,PM_SOTO,SRV-NODE-2
ERP-07094,PROJ-8700,Arequipa,Business Proc,23,28,9982,17138,10373,6765,38,26,PM_MEZA,SRV-NODE-9
ERP-07095,PROJ-7134,Trujillo,Project Mgmt,109,145,64310,138840,64319,74521,37,8,PM_PEREZ,SRV-NODE-5
ERP-07096,PROJ-8611,Lima,Audiovisual,48,58,20544,39103,25636,13467,50,77,PM_RIVAS,SRV-NODE-3
ERP-07097,PROJ-5160,Huancayo,Business Proc,56,62,14448,24841,18722,6119,31,24,PM_PEREZ,SRV-NODE-6
ERP-07098,PROJ-7061,Huancayo,Videoconference,91,100,53872,90672,61265,29407,14,15,PM_VEGA,SRV-NODE-7
ERP-07099,PROJ-6849,Iquitos,Business Proc,43,51,23392,50432,25048,25384,17,13,PM_RIVAS,SRV-NODE-6
ERP-07100,PROJ-2748,Iquitos,Project Mgmt,27,32,6264,11986,8538,3448,17,7,PM_RIVAS,SRV-NODE-9
ERP-07101,PROJ-4964,Puno,Audiovisual,82,88,47642,78364,53421,24943,26,11,PM_RIVAS,SRV-NODE-6
ERP-07102,PROJ-9376,Iquitos,Videoconference,165,184,81675,161236,104617,56619,41,4,PM_SOTO,SRV-NODE-2
ERP-07103,PROJ-7724,Lima,Audiovisual,42,44,21294,38109,26490,11619,47,49,PM_VEGA,SRV-NODE-6
ERP-07104,PROJ-9197,Cajamarca,Project Mgmt,164,186,74128,128794,91111,37683,9,12,PM_SOTO,SRV-NODE-7
ERP-07105,PROJ-8251,Trujillo,Business Proc,24,32,5520,9060,5584,3476,49,7,PM_RIVAS,SRV-NODE-10
ERP-07106,PROJ-1729,Huancayo,Business Proc,49,51,17738,36934,22813,14121,8,0,PM_PEREZ,SRV-NODE-7
ERP-07107,PROJ-7697,Trujillo,Audiovisual,166,222,38014,81582,46150,35432,37,39,PM_SOTO,SRV-NODE-9
ERP-07108,PROJ-6868,Huancayo,Videoconference,40,48,16320,30528,17720,12808,36,48,PM_MEZA,SRV-NODE-5
ERP-07109,PROJ-6233,Piura,Project Mgmt,21,26,10332,17123,12650,4473,42,4,PM_VEGA,SRV-NODE-8
ERP-07110,PROJ-9456,Lima,Audiovisual,113,115,42601,75641,47678,27963,12,10,PM_SOTO,SRV-NODE-6
ERP-07111,PROJ-9858,Cusco,Business Proc,174,182,56376,110141,77480,32661,6,2,PM_SOTO,SRV-NODE-2
ERP-07112,PROJ-8468,Puno,Business Proc,171,171,74214,147084,82310,64774,32,3,PM_MEZA,SRV-NODE-6
ERP-07113,PROJ-8870,Huancayo,Business Proc,33,44,12837,25725,17222,8503,21,19,PM_MEZA,SRV-NODE-5
ERP-07114,PROJ-1183,Piura,Project Mgmt,123,129,33579,57926,38460,19466,10,10,PM_PEREZ,SRV-NODE-7
ERP-07115,PROJ-8592,Tacna,Videoconference,60,77,28740,56072,37630,18442,17,20,PM_VEGA,SRV-NODE-1
ERP-07116,PROJ-8351,Puno,Audiovisual,165,192,97515,171790,109872,61918,24,12,PM_RIVAS,SRV-NODE-6
ERP-07117,PROJ-4084,Puno,Videoconference,173,179,64356,116592,89748,26844,9,13,PM_VEGA,SRV-NODE-5
ERP-07118,PROJ-1503,Puno,Audiovisual,120,145,40440,75614,52512,23102,11,16,PM_PEREZ,SRV-NODE-7
ERP-07119,PROJ-2599,Iquitos,Videoconference,32,37,8576,17366,10938,6428,43,62,PM_MEZA,SRV-NODE-4
ERP-07120,PROJ-1853,Cajamarca,Project Mgmt,139,152,77979,157033,79252,77781,27,29,PM_SOTO,SRV-NODE-7
ERP-07121,PROJ-6053,Piura,Project Mgmt,61,76,27206,50965,36926,14039,14,23,PM_MEZA,SRV-NODE-1
ERP-07122,PROJ-7762,Trujillo,Project Mgmt,54,64,17820,30729,20537,10192,32,30,PM_SOTO,SRV-NODE-10
ERP-07123,PROJ-9897,Huancayo,Business Proc,173,176,86327,169930,103457,66473,6,5,PM_VEGA,SRV-NODE-9
ERP-07124,PROJ-6943,Huancayo,Project Mgmt,44,49,13508,28236,13518,14718,16,7,PM_MEZA,SRV-NODE-8
ERP-07125,PROJ-8085,Cajamarca,Audiovisual,26,30,14248,22930,18655,4275,43,13,PM_VEGA,SRV-NODE-8
ERP-07126,PROJ-4147,Cajamarca,Project Mgmt,39,40,18057,31366,24910,6456,31,29,PM_VEGA,SRV-NODE-9
ERP-07127,PROJ-9596,Tacna,Business Proc,84,105,20496,41327,24907,16420,14,9,PM_MEZA,SRV-NODE-7
ERP-07128,PROJ-9524,Huancayo,Videoconference,113,124,56613,115312,68086,47226,40,16,PM_SOTO,SRV-NODE-7
ERP-07129,PROJ-4342,Cusco,Project Mgmt,134,158,38726,68557,43738,24819,15,26,PM_SOTO,SRV-NODE-10
ERP-07130,PROJ-6229,Cajamarca,Business Proc,134,160,63248,121000,64023,56977,35,30,PM_SOTO,SRV-NODE-7
ERP-07131,PROJ-1924,Huancayo,Videoconference,92,110,50140,82645,50686,31959,41,46,PM_VEGA,SRV-NODE-2
ERP-07132,PROJ-4019,Cusco,Audiovisual,101,131,34845,59863,36085,23778,8,12,PM_MEZA,SRV-NODE-2
ERP-07133,PROJ-3843,Lima,Audiovisual,132,135,41448,85206,41621,43585,6,5,PM_SOTO,SRV-NODE-3
ERP-07134,PROJ-2376,Puno,Audiovisual,36,36,16380,30155,21584,8571,48,40,PM_PEREZ,SRV-NODE-8
ERP-07135,PROJ-5052,Cusco,Business Proc,49,65,22295,43486,28689,14797,4,2,PM_SOTO,SRV-NODE-3
ERP-07136,PROJ-1316,Tacna,Project Mgmt,80,104,20320,36704,26447,10257,4,2,PM_PEREZ,SRV-NODE-9
ERP-07137,PROJ-5591,Puno,Videoconference,32,37,16000,33779,20069,13710,42,56,PM_PEREZ,SRV-NODE-1
ERP-07138,PROJ-6013,Arequipa,Business Proc,157,202,31714,55047,41781,13266,40,43,PM_RIVAS,SRV-NODE-4
ERP-07139,PROJ-9891,Lima,Videoconference,151,183,31257,57878,36724,21154,6,3,PM_RIVAS,SRV-NODE-8
ERP-07140,PROJ-2905,Trujillo,Audiovisual,40,43,14800,25134,17813,7321,32,3,PM_VEGA,SRV-NODE-3
ERP-07141,PROJ-5947,Cusco,Project Mgmt,133,145,72352,156813,76984,79829,49,55,PM_PEREZ,SRV-NODE-2
ERP-07142,PROJ-9428,Huancayo,Audiovisual,128,158,36352,61492,45141,16351,39,53,PM_VEGA,SRV-NODE-3
ERP-07143,PROJ-2388,Arequipa,Project Mgmt,56,59,26096,52036,30355,21681,4,3,PM_MEZA,SRV-NODE-1
ERP-07144,PROJ-5929,Arequipa,Audiovisual,63,68,27153,48239,35892,12347,19,30,PM_RIVAS,SRV-NODE-9
ERP-07145,PROJ-5964,Cajamarca,Business Proc,25,33,8850,18259,9258,9001,18,26,PM_MEZA,SRV-NODE-1
ERP-07146,PROJ-6503,Trujillo,Business Proc,68,78,19992,33384,27099,6285,15,21,PM_PEREZ,SRV-NODE-8
ERP-07147,PROJ-3424,Huancayo,Project Mgmt,39,47,12753,26563,14125,12438,40,27,PM_PEREZ,SRV-NODE-1
ERP-07148,PROJ-5805,Trujillo,Project Mgmt,147,181,78939,152077,106993,45084,16,8,PM_PEREZ,SRV-NODE-6
ERP-07149,PROJ-3517,Tacna,Business Proc,142,155,58930,118682,78858,39824,13,8,PM_VEGA,SRV-NODE-2
ERP-07150,PROJ-6582,Huancayo,Videoconference,95,102,39140,64411,45235,19176,3,2,PM_VEGA,SRV-NODE-6
ERP-07151,PROJ-9976,Puno,Audiovisual,83,100,29465,63340,40900,22440,35,9,PM_MEZA,SRV-NODE-8
ERP-07152,PROJ-7678,Tacna,Audiovisual,158,163,37762,67520,47510,20010,17,2,PM_RIVAS,SRV-NODE-9
ERP-07153,PROJ-6787,Cajamarca,Project Mgmt,81,90,25110,50694,27557,23137,12,6,PM_PEREZ,SRV-NODE-8
ERP-07154,PROJ-3826,Lima,Videoconference,99,104,48114,99624,67241,32383,14,18,PM_SOTO,SRV-NODE-1
ERP-07155,PROJ-1591,Cusco,Videoconference,131,138,43885,93505,50651,42854,36,33,PM_VEGA,SRV-NODE-1
ERP-07156,PROJ-8174,Arequipa,Business Proc,113,119,31753,55639,42508,13131,15,7,PM_SOTO,SRV-NODE-1
ERP-07157,PROJ-3461,Arequipa,Business Proc,60,79,28200,46906,28506,18400,3,4,PM_PEREZ,SRV-NODE-8
ERP-07158,PROJ-9237,Trujillo,Videoconference,113,142,39324,82443,53897,28546,10,3,PM_RIVAS,SRV-NODE-1
ERP-07159,PROJ-6194,Lima,Videoconference,129,166,28767,58669,33483,25186,19,22,PM_MEZA,SRV-NODE-8
ERP-07160,PROJ-3967,Lima,Audiovisual,91,113,34216,64209,44374,19835,7,6,PM_SOTO,SRV-NODE-5
ERP-07161,PROJ-4212,Cusco,Videoconference,148,154,69708,141782,78242,63540,24,16,PM_VEGA,SRV-NODE-5
ERP-07162,PROJ-8139,Lima,Project Mgmt,173,214,61242,109404,64297,45107,17,4,PM_RIVAS,SRV-NODE-1
ERP-07163,PROJ-1098,Arequipa,Videoconference,94,111,19834,43213,21748,21465,50,29,PM_SOTO,SRV-NODE-5
ERP-07164,PROJ-4242,Iquitos,Business Proc,121,157,67760,109628,85241,24387,31,28,PM_PEREZ,SRV-NODE-1
ERP-07165,PROJ-1674,Cusco,Project Mgmt,141,172,50337,100878,53000,47878,15,15,PM_PEREZ,SRV-NODE-10
ERP-07166,PROJ-6801,Tacna,Videoconference,73,78,34237,71100,40611,30489,22,19,PM_PEREZ,SRV-NODE-1
ERP-07167,PROJ-4840,Lima,Videoconference,96,120,23136,42936,29901,13035,38,27,PM_RIVAS,SRV-NODE-2
ERP-07168,PROJ-1126,Cusco,Project Mgmt,66,72,22704,42554,23279,19275,45,57,PM_MEZA,SRV-NODE-6
ERP-07169,PROJ-2148,Huancayo,Videoconference,166,187,94620,155989,97334,58655,34,48,PM_RIVAS,SRV-NODE-7
ERP-07170,PROJ-6289,Lima,Audiovisual,118,140,62894,122477,65374,57103,38,52,PM_VEGA,SRV-NODE-6
ERP-07171,PROJ-8375,Puno,Videoconference,112,133,49616,88670,66304,22366,8,2,PM_MEZA,SRV-NODE-8
ERP-07172,PROJ-2794,Arequipa,Project Mgmt,61,70,31720,59873,36532,23341,50,74,PM_RIVAS,SRV-NODE-8
ERP-07173,PROJ-7203,Iquitos,Business Proc,48,52,18096,34684,23654,11030,27,4,PM_VEGA,SRV-NODE-6
ERP-07174,PROJ-6790,Huancayo,Videoconference,46,61,25484,43151,33113,10038,11,12,PM_RIVAS,SRV-NODE-7
ERP-07175,PROJ-9665,Trujillo,Audiovisual,112,144,53088,108211,53753,54458,6,1,PM_VEGA,SRV-NODE-8
ERP-07176,PROJ-4503,Huancayo,Audiovisual,20,23,11980,25843,15381,10462,3,0,PM_VEGA,SRV-NODE-2
ERP-07177,PROJ-9433,Cajamarca,Business Proc,86,107,36034,70361,38645,31716,15,2,PM_PEREZ,SRV-NODE-4
ERP-07178,PROJ-7605,Puno,Videoconference,35,47,10290,18718,11583,7135,21,16,PM_RIVAS,SRV-NODE-3
ERP-07179,PROJ-9012,Cajamarca,Project Mgmt,133,176,71554,138682,96946,41736,10,14,PM_PEREZ,SRV-NODE-1
ERP-07180,PROJ-1995,Tacna,Videoconference,124,150,68944,110717,77254,33463,35,52,PM_RIVAS,SRV-NODE-10
ERP-07181,PROJ-5009,Huancayo,Audiovisual,180,191,95220,155109,103664,51445,12,3,PM_VEGA,SRV-NODE-3
ERP-07182,PROJ-6606,Puno,Audiovisual,94,119,30550,59328,35512,23816,21,15,PM_RIVAS,SRV-NODE-4
ERP-07183,PROJ-8528,Cajamarca,Videoconference,156,202,63024,123734,85883,37851,33,15,PM_PEREZ,SRV-NODE-8
ERP-07184,PROJ-7210,Arequipa,Videoconference,80,83,47280,89787,53538,36249,21,19,PM_VEGA,SRV-NODE-5
ERP-07185,PROJ-6705,Piura,Business Proc,20,23,6720,11063,9055,2008,31,12,PM_RIVAS,SRV-NODE-3
ERP-07186,PROJ-2099,Puno,Audiovisual,60,77,24180,45828,26815,19013,24,29,PM_MEZA,SRV-NODE-5
ERP-07187,PROJ-4344,Puno,Project Mgmt,174,204,98310,194745,134917,59828,24,12,PM_PEREZ,SRV-NODE-8
ERP-07188,PROJ-3438,Trujillo,Business Proc,175,202,97825,212822,103875,108947,25,44,PM_MEZA,SRV-NODE-1
ERP-07189,PROJ-7573,Cajamarca,Audiovisual,33,42,12771,23025,13017,10008,4,2,PM_VEGA,SRV-NODE-10
ERP-07190,PROJ-7062,Puno,Videoconference,91,109,42588,76796,43437,33359,36,20,PM_VEGA,SRV-NODE-6
ERP-07191,PROJ-2078,Cajamarca,Audiovisual,128,129,37248,81184,48843,32341,7,2,PM_VEGA,SRV-NODE-5
ERP-07192,PROJ-8381,Puno,Project Mgmt,79,90,32232,65233,35147,30086,34,29,PM_MEZA,SRV-NODE-9
ERP-07193,PROJ-1341,Cajamarca,Videoconference,98,98,23618,47047,29797,17250,35,5,PM_VEGA,SRV-NODE-9
ERP-07194,PROJ-9569,Cusco,Audiovisual,96,108,26496,57102,27444,29658,32,37,PM_MEZA,SRV-NODE-2
ERP-07195,PROJ-5654,Arequipa,Audiovisual,153,175,82008,134481,87367,47114,14,23,PM_PEREZ,SRV-NODE-2
ERP-07196,PROJ-2543,Arequipa,Audiovisual,74,92,30710,67351,37844,29507,11,17,PM_MEZA,SRV-NODE-4
ERP-07197,PROJ-1424,Puno,Videoconference,40,52,22840,49183,25011,24172,26,30,PM_SOTO,SRV-NODE-2
ERP-07198,PROJ-8355,Arequipa,Audiovisual,21,26,4200,8173,5814,2359,23,15,PM_SOTO,SRV-NODE-6
ERP-07199,PROJ-6106,Cajamarca,Business Proc,61,73,29036,53652,32565,21087,47,53,PM_VEGA,SRV-NODE-4
ERP-07200,PROJ-9902,Iquitos,Project Mgmt,84,111,45948,97634,61101,36533,25,7,PM_MEZA,SRV-NODE-10
ERP-07201,PROJ-7859,Lima,Videoconference,168,177,76104,142371,88291,54080,10,2,PM_PEREZ,SRV-NODE-1
ERP-07202,PROJ-9272,Piura,Project Mgmt,117,117,44343,85825,55426,30399,38,19,PM_VEGA,SRV-NODE-9
ERP-07203,PROJ-7128,Huancayo,Project Mgmt,141,157,70500,128488,88108,40380,31,4,PM_VEGA,SRV-NODE-5
ERP-07204,PROJ-1713,Tacna,Project Mgmt,150,200,67500,125005,82249,42756,41,43,PM_PEREZ,SRV-NODE-5
ERP-07205,PROJ-9873,Cusco,Business Proc,100,119,28500,52910,29088,23822,36,30,PM_PEREZ,SRV-NODE-8
ERP-07206,PROJ-3846,Lima,Project Mgmt,122,143,39528,72483,46595,25888,27,39,PM_VEGA,SRV-NODE-2
ERP-07207,PROJ-2597,Puno,Audiovisual,99,124,57321,95693,76233,19460,24,36,PM_VEGA,SRV-NODE-10
ERP-07208,PROJ-3879,Trujillo,Videoconference,80,91,20320,41037,26770,14267,42,35,PM_MEZA,SRV-NODE-3
ERP-07209,PROJ-3507,Piura,Project Mgmt,28,30,13636,22398,14964,7434,48,80,PM_RIVAS,SRV-NODE-5
ERP-07210,PROJ-3780,Trujillo,Project Mgmt,178,225,101638,214572,131188,83384,14,1,PM_VEGA,SRV-NODE-1
ERP-07211,PROJ-8017,Arequipa,Business Proc,132,161,46596,88597,46975,41622,50,30,PM_VEGA,SRV-NODE-8
ERP-07212,PROJ-5623,Cajamarca,Project Mgmt,116,143,38860,82068,39222,42846,15,25,PM_PEREZ,SRV-NODE-4
ERP-07213,PROJ-7590,Lima,Audiovisual,119,133,46291,84857,62237,22620,33,11,PM_RIVAS,SRV-NODE-5
ERP-07214,PROJ-9878,Cajamarca,Business Proc,74,86,32116,60622,36869,23753,17,15,PM_PEREZ,SRV-NODE-9
ERP-07215,PROJ-7673,Puno,Audiovisual,134,141,42746,91723,44106,47617,5,7,PM_PEREZ,SRV-NODE-8
ERP-07216,PROJ-3994,Tacna,Videoconference,113,152,54805,90411,71041,19370,23,12,PM_VEGA,SRV-NODE-1
ERP-07217,PROJ-8896,Arequipa,Audiovisual,68,77,28968,58058,38215,19843,38,47,PM_VEGA,SRV-NODE-9
ERP-07218,PROJ-4863,Iquitos,Videoconference,58,66,27956,60951,36691,24260,28,25,PM_MEZA,SRV-NODE-1
ERP-07219,PROJ-7208,Iquitos,Business Proc,105,136,25935,55911,31147,24764,5,2,PM_VEGA,SRV-NODE-7
ERP-07220,PROJ-4160,Iquitos,Videoconference,131,165,34584,69586,46233,23353,48,39,PM_PEREZ,SRV-NODE-9
ERP-07221,PROJ-6238,Lima,Business Proc,59,77,24603,49413,32952,16461,4,3,PM_PEREZ,SRV-NODE-6
ERP-07222,PROJ-6543,Huancayo,Project Mgmt,54,58,11124,18952,14962,3990,11,15,PM_MEZA,SRV-NODE-5
ERP-07223,PROJ-5765,Huancayo,Videoconference,23,30,9660,19346,9784,9562,40,46,PM_VEGA,SRV-NODE-4
ERP-07224,PROJ-7397,Tacna,Audiovisual,44,54,22440,42615,27137,15478,24,27,PM_MEZA,SRV-NODE-7
ERP-07225,PROJ-4781,Trujillo,Project Mgmt,70,92,18550,33891,19858,14033,29,6,PM_VEGA,SRV-NODE-3
ERP-07226,PROJ-9117,Puno,Business Proc,66,84,37620,78126,50357,27769,39,67,PM_PEREZ,SRV-NODE-9
ERP-07227,PROJ-3993,Trujillo,Audiovisual,103,132,51191,99204,52573,46631,49,26,PM_PEREZ,SRV-NODE-7
ERP-07228,PROJ-6295,Cusco,Business Proc,159,188,57399,99238,63101,36137,20,12,PM_SOTO,SRV-NODE-5
ERP-07229,PROJ-2503,Puno,Videoconference,178,221,72268,123750,75002,48748,12,10,PM_SOTO,SRV-NODE-3
ERP-07230,PROJ-9163,Iquitos,Videoconference,44,55,15004,28043,19714,8329,32,28,PM_VEGA,SRV-NODE-2
ERP-07231,PROJ-7890,Arequipa,Videoconference,28,31,15624,27423,21342,6081,9,7,PM_MEZA,SRV-NODE-6
ERP-07232,PROJ-8979,Lima,Business Proc,23,27,6325,10150,7733,2417,14,5,PM_MEZA,SRV-NODE-8
ERP-07233,PROJ-2419,Huancayo,Project Mgmt,165,185,43065,88226,46341,41885,46,16,PM_MEZA,SRV-NODE-2
ERP-07234,PROJ-9039,Piura,Project Mgmt,103,116,33578,58265,44012,14253,45,76,PM_SOTO,SRV-NODE-4
ERP-07235,PROJ-3807,Iquitos,Videoconference,51,60,25041,47474,27247,20227,44,39,PM_PEREZ,SRV-NODE-7
ERP-07236,PROJ-4419,Trujillo,Audiovisual,130,164,59410,112223,68846,43377,38,50,PM_RIVAS,SRV-NODE-10
ERP-07237,PROJ-7337,Piura,Project Mgmt,27,31,11178,20280,14990,5290,35,7,PM_PEREZ,SRV-NODE-3
ERP-07238,PROJ-8735,Trujillo,Audiovisual,110,116,30800,58808,38800,20008,17,22,PM_VEGA,SRV-NODE-7
ERP-07239,PROJ-9248,Piura,Business Proc,169,215,76557,143458,102768,40690,40,69,PM_PEREZ,SRV-NODE-3
ERP-07240,PROJ-4166,Puno,Project Mgmt,97,112,21728,35961,30086,5875,44,30,PM_PEREZ,SRV-NODE-4
ERP-07241,PROJ-2255,Iquitos,Project Mgmt,174,177,96918,163414,117976,45438,4,5,PM_PEREZ,SRV-NODE-4
ERP-07242,PROJ-5411,Puno,Project Mgmt,176,225,41008,67539,51818,15721,13,8,PM_VEGA,SRV-NODE-4
ERP-07243,PROJ-7887,Iquitos,Business Proc,138,173,54648,108696,73297,35399,13,21,PM_VEGA,SRV-NODE-2
ERP-07244,PROJ-9867,Arequipa,Business Proc,81,106,26730,44996,35726,9270,24,21,PM_SOTO,SRV-NODE-6
ERP-07245,PROJ-4330,Cajamarca,Business Proc,90,106,21150,44520,23658,20862,20,13,PM_RIVAS,SRV-NODE-3
ERP-07246,PROJ-5670,Puno,Project Mgmt,100,108,58900,100095,63273,36822,36,26,PM_SOTO,SRV-NODE-5
ERP-07247,PROJ-1579,Arequipa,Audiovisual,36,43,7992,15452,8863,6589,9,4,PM_PEREZ,SRV-NODE-6
ERP-07248,PROJ-7962,Arequipa,Videoconference,164,190,78228,136006,97517,38489,10,17,PM_VEGA,SRV-NODE-1
ERP-07249,PROJ-6628,Puno,Audiovisual,30,35,13650,26088,14278,11810,48,15,PM_PEREZ,SRV-NODE-9
ERP-07250,PROJ-5575,Trujillo,Business Proc,165,186,72270,135017,82416,52601,11,12,PM_MEZA,SRV-NODE-10
ERP-07251,PROJ-3129,Arequipa,Audiovisual,153,177,49266,105723,63011,42712,10,16,PM_PEREZ,SRV-NODE-1
ERP-07252,PROJ-7097,Lima,Business Proc,138,148,28290,53265,39474,13791,16,21,PM_SOTO,SRV-NODE-7
ERP-07253,PROJ-6668,Cajamarca,Project Mgmt,74,84,19166,31124,26567,4557,39,21,PM_RIVAS,SRV-NODE-4
ERP-07254,PROJ-7223,Cusco,Audiovisual,166,168,92960,193325,129981,63344,36,12,PM_SOTO,SRV-NODE-7
ERP-07255,PROJ-6599,Iquitos,Audiovisual,110,138,57860,108323,59065,49258,33,46,PM_PEREZ,SRV-NODE-5
ERP-07256,PROJ-2309,Trujillo,Videoconference,93,123,22413,46759,23752,23007,46,34,PM_MEZA,SRV-NODE-7
ERP-07257,PROJ-8587,Cajamarca,Project Mgmt,150,200,41550,88178,49343,38835,5,4,PM_VEGA,SRV-NODE-4
ERP-07258,PROJ-8553,Huancayo,Business Proc,142,173,73414,155062,78456,76606,14,7,PM_MEZA,SRV-NODE-7
ERP-07259,PROJ-2863,Piura,Audiovisual,173,214,86327,186583,89484,97099,28,48,PM_MEZA,SRV-NODE-6
ERP-07260,PROJ-3625,Trujillo,Videoconference,73,82,28105,45026,33215,11811,50,67,PM_MEZA,SRV-NODE-9
ERP-07261,PROJ-6619,Huancayo,Project Mgmt,53,70,26553,43151,34169,8982,21,28,PM_RIVAS,SRV-NODE-8
ERP-07262,PROJ-2216,Puno,Audiovisual,149,159,54236,104620,69001,35619,32,38,PM_RIVAS,SRV-NODE-6
ERP-07263,PROJ-4113,Huancayo,Audiovisual,156,196,91884,188926,109889,79037,4,2,PM_RIVAS,SRV-NODE-8
ERP-07264,PROJ-7523,Tacna,Videoconference,120,120,54480,118786,55465,63321,36,18,PM_VEGA,SRV-NODE-7
ERP-07265,PROJ-6576,Tacna,Videoconference,141,182,77127,165100,96584,68516,33,33,PM_RIVAS,SRV-NODE-8
ERP-07266,PROJ-5569,Iquitos,Videoconference,63,74,20916,35920,25788,10132,14,1,PM_VEGA,SRV-NODE-9
ERP-07267,PROJ-7353,Huancayo,Audiovisual,73,85,41829,80334,52087,28247,22,35,PM_VEGA,SRV-NODE-1
ERP-07268,PROJ-3043,Tacna,Videoconference,40,52,21400,45531,28224,17307,17,7,PM_VEGA,SRV-NODE-4
ERP-07269,PROJ-4944,Trujillo,Audiovisual,20,20,4440,9038,5523,3515,5,1,PM_MEZA,SRV-NODE-2
ERP-07270,PROJ-9999,Huancayo,Business Proc,63,77,32508,61375,44077,17298,16,13,PM_SOTO,SRV-NODE-5
ERP-07271,PROJ-9361,Lima,Business Proc,26,32,15522,30147,18045,12102,17,22,PM_PEREZ,SRV-NODE-3
ERP-07272,PROJ-7796,Arequipa,Business Proc,21,25,4389,9644,4394,5250,7,0,PM_RIVAS,SRV-NODE-6
ERP-07273,PROJ-1335,Trujillo,Audiovisual,72,87,38880,67250,45950,21300,8,4,PM_RIVAS,SRV-NODE-1
ERP-07274,PROJ-5388,Huancayo,Audiovisual,32,43,7264,13734,7344,6390,42,24,PM_VEGA,SRV-NODE-3
ERP-07275,PROJ-9615,Piura,Business Proc,158,211,45978,91966,57965,34001,47,46,PM_SOTO,SRV-NODE-8
ERP-07276,PROJ-3707,Piura,Business Proc,162,217,69660,132477,72233,60244,25,2,PM_RIVAS,SRV-NODE-6
ERP-07277,PROJ-4986,Trujillo,Business Proc,79,81,19118,41855,26474,15381,22,35,PM_VEGA,SRV-NODE-10
ERP-07278,PROJ-2915,Puno,Project Mgmt,108,122,30024,55722,31079,24643,11,18,PM_MEZA,SRV-NODE-2
ERP-07279,PROJ-6157,Cusco,Project Mgmt,56,75,16016,31710,18320,13390,44,43,PM_VEGA,SRV-NODE-8
ERP-07280,PROJ-3684,Cajamarca,Videoconference,62,68,34100,74924,34534,40390,4,6,PM_SOTO,SRV-NODE-10
ERP-07281,PROJ-2393,Tacna,Audiovisual,79,105,35708,64040,43524,20516,3,0,PM_RIVAS,SRV-NODE-6
ERP-07282,PROJ-1677,Piura,Audiovisual,112,115,33152,71252,34208,37044,31,51,PM_VEGA,SRV-NODE-2
ERP-07283,PROJ-2735,Puno,Audiovisual,164,203,75112,124176,95811,28365,47,31,PM_MEZA,SRV-NODE-5
ERP-07284,PROJ-3692,Trujillo,Videoconference,119,155,56525,97700,57905,39795,36,63,PM_PEREZ,SRV-NODE-3
ERP-07285,PROJ-8123,Piura,Business Proc,41,46,20869,40092,20945,19147,20,17,PM_PEREZ,SRV-NODE-5
ERP-07286,PROJ-8308,Huancayo,Audiovisual,90,109,43470,72943,57040,15903,23,35,PM_RIVAS,SRV-NODE-10
ERP-07287,PROJ-1260,Cajamarca,Business Proc,147,158,31164,66728,36099,30629,19,26,PM_RIVAS,SRV-NODE-9
ERP-07288,PROJ-7985,Puno,Audiovisual,72,85,29376,61536,30654,30882,35,21,PM_VEGA,SRV-NODE-6
ERP-07289,PROJ-6815,Tacna,Business Proc,147,156,49245,80247,65595,14652,16,2,PM_SOTO,SRV-NODE-3
ERP-07290,PROJ-4875,Arequipa,Videoconference,116,153,45820,90512,51509,39003,38,26,PM_SOTO,SRV-NODE-5
ERP-07291,PROJ-8873,Arequipa,Project Mgmt,102,127,52836,102067,55843,46224,48,70,PM_RIVAS,SRV-NODE-6
ERP-07292,PROJ-5790,Iquitos,Business Proc,54,59,23382,46254,25678,20576,48,15,PM_RIVAS,SRV-NODE-5
ERP-07293,PROJ-6498,Cajamarca,Videoconference,113,139,27685,47344,34946,12398,34,13,PM_MEZA,SRV-NODE-5
ERP-07294,PROJ-6177,Piura,Project Mgmt,103,137,54178,100371,70314,30057,10,3,PM_PEREZ,SRV-NODE-5
ERP-07295,PROJ-3894,Puno,Audiovisual,85,109,34255,69094,38903,30191,43,7,PM_RIVAS,SRV-NODE-10
ERP-07296,PROJ-4563,Trujillo,Business Proc,136,165,31552,60518,38185,22333,39,51,PM_RIVAS,SRV-NODE-6
ERP-07297,PROJ-9311,Arequipa,Audiovisual,104,120,32136,52464,44190,8274,16,4,PM_MEZA,SRV-NODE-5
ERP-07298,PROJ-8789,Arequipa,Videoconference,94,117,52264,106610,58163,48447,50,23,PM_RIVAS,SRV-NODE-2
ERP-07299,PROJ-8201,Cajamarca,Audiovisual,91,116,29484,59046,39328,19718,49,49,PM_RIVAS,SRV-NODE-10
ERP-07300,PROJ-5448,Cusco,Business Proc,154,198,89012,173652,92615,81037,38,21,PM_SOTO,SRV-NODE-6
ERP-07301,PROJ-6903,Arequipa,Project Mgmt,106,129,31800,61485,36838,24647,12,12,PM_RIVAS,SRV-NODE-2
ERP-07302,PROJ-9537,Puno,Audiovisual,60,70,18480,36088,20006,16082,26,33,PM_PEREZ,SRV-NODE-4
ERP-07303,PROJ-2836,Cusco,Project Mgmt,23,23,12075,24395,14502,9893,34,17,PM_MEZA,SRV-NODE-7
ERP-07304,PROJ-4126,Trujillo,Project Mgmt,71,93,23004,41702,23948,17754,34,13,PM_PEREZ,SRV-NODE-4
ERP-07305,PROJ-7880,Arequipa,Business Proc,88,95,35904,75695,43011,32684,36,23,PM_RIVAS,SRV-NODE-6
ERP-07306,PROJ-7938,Huancayo,Videoconference,58,65,12528,25388,16396,8992,34,40,PM_PEREZ,SRV-NODE-6
ERP-07307,PROJ-3024,Lima,Videoconference,121,129,43923,85752,56807,28945,41,68,PM_VEGA,SRV-NODE-6
ERP-07308,PROJ-3436,Puno,Business Proc,177,214,90270,172331,110903,61428,18,18,PM_MEZA,SRV-NODE-1
ERP-07309,PROJ-3457,Piura,Business Proc,144,154,47088,84450,49586,34864,43,12,PM_MEZA,SRV-NODE-1
ERP-07310,PROJ-4315,Arequipa,Audiovisual,21,25,5838,11553,7255,4298,22,8,PM_SOTO,SRV-NODE-10
ERP-07311,PROJ-6639,Iquitos,Videoconference,166,173,46812,84692,64515,20177,49,24,PM_PEREZ,SRV-NODE-4
ERP-07312,PROJ-7060,Piura,Project Mgmt,31,34,10447,20959,11796,9163,22,38,PM_RIVAS,SRV-NODE-10
ERP-07313,PROJ-2232,Tacna,Audiovisual,91,101,37674,80299,40829,39470,37,14,PM_MEZA,SRV-NODE-1
ERP-07314,PROJ-7107,Piura,Audiovisual,121,136,29645,51797,40563,11234,14,22,PM_RIVAS,SRV-NODE-5
ERP-07315,PROJ-1679,Piura,Videoconference,36,36,18252,39668,25499,14169,11,14,PM_VEGA,SRV-NODE-9
ERP-07316,PROJ-1167,Trujillo,Audiovisual,44,54,9240,19365,12331,7034,9,11,PM_PEREZ,SRV-NODE-3
ERP-07317,PROJ-6709,Arequipa,Project Mgmt,119,149,28917,57648,40156,17492,24,10,PM_MEZA,SRV-NODE-4
ERP-07318,PROJ-1454,Lima,Project Mgmt,76,102,45524,75678,59443,16235,38,9,PM_PEREZ,SRV-NODE-3
ERP-07319,PROJ-9095,Cajamarca,Business Proc,105,118,41790,91696,52887,38809,18,15,PM_VEGA,SRV-NODE-2
ERP-07320,PROJ-7672,Trujillo,Audiovisual,109,146,47851,87339,51169,36170,5,0,PM_MEZA,SRV-NODE-1
ERP-07321,PROJ-4351,Piura,Videoconference,120,124,39240,84418,40343,44075,30,24,PM_MEZA,SRV-NODE-5
ERP-07322,PROJ-9683,Tacna,Project Mgmt,176,185,46992,97527,56694,40833,20,30,PM_RIVAS,SRV-NODE-3
ERP-07323,PROJ-3629,Piura,Business Proc,38,39,21698,46333,26523,19810,44,53,PM_SOTO,SRV-NODE-5
ERP-07324,PROJ-5952,Puno,Business Proc,130,173,44590,94986,51287,43699,28,37,PM_VEGA,SRV-NODE-5
ERP-07325,PROJ-6108,Puno,Project Mgmt,94,102,51794,93335,56067,37268,46,43,PM_PEREZ,SRV-NODE-4
ERP-07326,PROJ-4403,Lima,Project Mgmt,92,116,20608,40954,21497,19457,45,19,PM_PEREZ,SRV-NODE-7
ERP-07327,PROJ-1501,Lima,Videoconference,161,198,38318,65416,38555,26861,37,38,PM_MEZA,SRV-NODE-3
ERP-07328,PROJ-5986,Piura,Project Mgmt,117,136,31473,64557,43000,21557,39,64,PM_VEGA,SRV-NODE-4
ERP-07329,PROJ-5614,Cusco,Videoconference,86,94,40162,73619,45192,28427,25,11,PM_MEZA,SRV-NODE-1
ERP-07330,PROJ-9248,Huancayo,Videoconference,152,173,38760,76269,47909,28360,14,8,PM_MEZA,SRV-NODE-8
ERP-07331,PROJ-9033,Tacna,Project Mgmt,93,97,40920,80099,47612,32487,32,15,PM_MEZA,SRV-NODE-7
ERP-07332,PROJ-9443,Piura,Project Mgmt,135,169,40635,73404,42656,30748,44,10,PM_PEREZ,SRV-NODE-8
ERP-07333,PROJ-9280,Huancayo,Project Mgmt,115,136,35650,61942,35677,26265,36,43,PM_RIVAS,SRV-NODE-2
ERP-07334,PROJ-7736,Trujillo,Project Mgmt,171,223,37278,67762,49486,18276,7,4,PM_PEREZ,SRV-NODE-7
ERP-07335,PROJ-3223,Cusco,Business Proc,136,167,53448,111720,54840,56880,36,49,PM_RIVAS,SRV-NODE-4
ERP-07336,PROJ-5285,Tacna,Project Mgmt,180,190,85500,152376,118404,33972,32,12,PM_MEZA,SRV-NODE-2
ERP-07337,PROJ-3076,Puno,Audiovisual,57,64,31521,58113,32556,25557,38,12,PM_VEGA,SRV-NODE-6
ERP-07338,PROJ-2031,Cusco,Project Mgmt,83,92,47559,100962,50813,50149,33,39,PM_PEREZ,SRV-NODE-2
ERP-07339,PROJ-9835,Tacna,Videoconference,68,85,13736,24741,14366,10375,20,29,PM_VEGA,SRV-NODE-2
ERP-07340,PROJ-9157,Lima,Business Proc,56,60,17584,32306,19555,12751,6,2,PM_MEZA,SRV-NODE-5
ERP-07341,PROJ-2919,Lima,Audiovisual,100,118,48300,81321,58787,22534,50,54,PM_MEZA,SRV-NODE-4
ERP-07342,PROJ-3485,Piura,Videoconference,21,24,10500,21449,11219,10230,39,38,PM_VEGA,SRV-NODE-2
ERP-07343,PROJ-1886,Cajamarca,Videoconference,110,117,64350,111242,72643,38599,6,4,PM_SOTO,SRV-NODE-7
ERP-07344,PROJ-8805,Arequipa,Project Mgmt,94,100,45120,82911,47470,35441,10,12,PM_RIVAS,SRV-NODE-6
ERP-07345,PROJ-7364,Iquitos,Videoconference,61,77,21045,34954,26352,8602,46,48,PM_SOTO,SRV-NODE-2
ERP-07346,PROJ-1166,Iquitos,Videoconference,79,84,39184,80069,44090,35979,46,21,PM_PEREZ,SRV-NODE-8
ERP-07347,PROJ-3243,Iquitos,Project Mgmt,24,27,6768,12140,7915,4225,33,41,PM_PEREZ,SRV-NODE-8
ERP-07348,PROJ-6819,Arequipa,Videoconference,113,118,56274,96718,61128,35590,20,21,PM_VEGA,SRV-NODE-7
ERP-07349,PROJ-7287,Cusco,Project Mgmt,177,196,57171,120214,60880,59334,36,48,PM_MEZA,SRV-NODE-9
ERP-07350,PROJ-5352,Lima,Project Mgmt,151,174,56776,93312,76931,16381,23,37,PM_SOTO,SRV-NODE-9
ERP-07351,PROJ-5463,Arequipa,Audiovisual,53,56,25387,40733,31854,8879,17,25,PM_PEREZ,SRV-NODE-3
ERP-07352,PROJ-4178,Puno,Business Proc,70,93,22260,44995,25763,19232,12,7,PM_RIVAS,SRV-NODE-6
ERP-07353,PROJ-4904,Lima,Audiovisual,134,175,69278,121934,82099,39835,48,31,PM_SOTO,SRV-NODE-6
ERP-07354,PROJ-6194,Huancayo,Audiovisual,169,174,73853,131933,77583,54350,12,13,PM_RIVAS,SRV-NODE-6
ERP-07355,PROJ-4103,Huancayo,Project Mgmt,150,157,42600,83314,45786,37528,12,16,PM_RIVAS,SRV-NODE-6
ERP-07356,PROJ-3121,Huancayo,Business Proc,25,32,5350,8815,6426,2389,46,17,PM_MEZA,SRV-NODE-3
ERP-07357,PROJ-8684,Trujillo,Audiovisual,143,190,74503,122568,98497,24071,42,56,PM_PEREZ,SRV-NODE-1
ERP-07358,PROJ-8539,Puno,Audiovisual,153,202,79866,132347,91191,41156,28,22,PM_RIVAS,SRV-NODE-8
ERP-07359,PROJ-4217,Cajamarca,Business Proc,123,157,63345,110332,65572,44760,21,2,PM_VEGA,SRV-NODE-10
ERP-07360,PROJ-1888,Tacna,Project Mgmt,82,94,24846,41208,34257,6951,31,3,PM_SOTO,SRV-NODE-1
ERP-07361,PROJ-6716,Piura,Business Proc,79,100,26544,48477,33341,15136,34,47,PM_MEZA,SRV-NODE-7
ERP-07362,PROJ-4759,Cajamarca,Videoconference,165,180,91740,160391,112993,47398,44,9,PM_VEGA,SRV-NODE-8
ERP-07363,PROJ-8928,Trujillo,Business Proc,51,55,13464,26725,14451,12274,15,17,PM_RIVAS,SRV-NODE-1
ERP-07364,PROJ-2605,Trujillo,Project Mgmt,50,67,26500,50487,32900,17587,41,37,PM_MEZA,SRV-NODE-8
ERP-07365,PROJ-2694,Cajamarca,Audiovisual,118,129,52038,97228,54019,43209,32,17,PM_PEREZ,SRV-NODE-10
ERP-07366,PROJ-6215,Cusco,Business Proc,114,126,65436,132864,78900,53964,19,12,PM_SOTO,SRV-NODE-4
ERP-07367,PROJ-6723,Piura,Business Proc,27,27,14742,32206,18962,13244,40,67,PM_MEZA,SRV-NODE-2
ERP-07368,PROJ-8178,Puno,Project Mgmt,47,62,17672,33423,21560,11863,7,8,PM_RIVAS,SRV-NODE-7
ERP-07369,PROJ-8641,Puno,Project Mgmt,102,115,50490,110242,63431,46811,5,4,PM_MEZA,SRV-NODE-1
ERP-07370,PROJ-3525,Huancayo,Audiovisual,171,190,36252,76371,49995,26376,15,2,PM_RIVAS,SRV-NODE-7
ERP-07371,PROJ-5925,Huancayo,Project Mgmt,59,71,29382,54193,36369,17824,45,13,PM_RIVAS,SRV-NODE-8
ERP-07372,PROJ-2484,Arequipa,Project Mgmt,152,164,76912,132493,100678,31815,18,21,PM_VEGA,SRV-NODE-1
ERP-07373,PROJ-7387,Tacna,Audiovisual,180,188,75600,135163,92059,43104,33,23,PM_RIVAS,SRV-NODE-2
ERP-07374,PROJ-4179,Huancayo,Business Proc,147,188,68943,144112,83963,60149,44,20,PM_PEREZ,SRV-NODE-2
ERP-07375,PROJ-8357,Tacna,Project Mgmt,62,69,30442,55015,38539,16476,16,3,PM_PEREZ,SRV-NODE-4
ERP-07376,PROJ-1458,Piura,Videoconference,166,209,88644,172040,111752,60288,31,25,PM_RIVAS,SRV-NODE-10
ERP-07377,PROJ-1369,Lima,Audiovisual,100,123,32400,65722,33030,32692,9,5,PM_VEGA,SRV-NODE-3
ERP-07378,PROJ-1355,Puno,Business Proc,62,68,12462,23601,12993,10608,36,40,PM_PEREZ,SRV-NODE-5
ERP-07379,PROJ-9718,Arequipa,Project Mgmt,95,99,20615,39119,25934,13185,45,14,PM_VEGA,SRV-NODE-5
ERP-07380,PROJ-4827,Cajamarca,Videoconference,133,174,61313,114813,62776,52037,37,59,PM_SOTO,SRV-NODE-6
ERP-07381,PROJ-5679,Piura,Audiovisual,69,78,23943,46394,24798,21596,12,7,PM_RIVAS,SRV-NODE-1
ERP-07382,PROJ-1456,Puno,Business Proc,49,51,29057,58481,34596,23885,28,19,PM_SOTO,SRV-NODE-2
ERP-07383,PROJ-2431,Huancayo,Business Proc,82,99,25830,45939,28377,17562,29,29,PM_VEGA,SRV-NODE-3
ERP-07384,PROJ-3178,Piura,Business Proc,172,213,47988,82720,63682,19038,25,25,PM_MEZA,SRV-NODE-10
ERP-07385,PROJ-2543,Arequipa,Audiovisual,27,35,5697,9308,6456,2852,4,4,PM_SOTO,SRV-NODE-9
ERP-07386,PROJ-7230,Lima,Project Mgmt,138,159,34224,70772,39390,31382,45,25,PM_SOTO,SRV-NODE-3
ERP-07387,PROJ-3826,Arequipa,Business Proc,77,94,33187,57437,43616,13821,50,55,PM_VEGA,SRV-NODE-4
ERP-07388,PROJ-6614,Arequipa,Audiovisual,123,149,53259,113332,71287,42045,18,13,PM_VEGA,SRV-NODE-9
ERP-07389,PROJ-1796,Tacna,Project Mgmt,178,204,54290,92172,59433,32739,43,58,PM_RIVAS,SRV-NODE-3
ERP-07390,PROJ-9777,Arequipa,Audiovisual,108,132,29052,48210,38602,9608,23,5,PM_SOTO,SRV-NODE-2
ERP-07391,PROJ-5822,Iquitos,Project Mgmt,48,54,12672,25339,17342,7997,8,8,PM_SOTO,SRV-NODE-1
ERP-07392,PROJ-4769,Arequipa,Audiovisual,39,39,21723,41474,23833,17641,42,5,PM_MEZA,SRV-NODE-4
ERP-07393,PROJ-2580,Tacna,Project Mgmt,95,98,29640,64277,40338,23939,7,10,PM_SOTO,SRV-NODE-2
ERP-07394,PROJ-6922,Puno,Business Proc,58,70,19256,32233,26855,5378,29,32,PM_RIVAS,SRV-NODE-3
ERP-07395,PROJ-8339,Trujillo,Videoconference,101,124,44844,85624,50851,34773,34,57,PM_RIVAS,SRV-NODE-1
ERP-07396,PROJ-4502,Iquitos,Audiovisual,64,76,31616,55200,39657,15543,34,23,PM_MEZA,SRV-NODE-5
ERP-07397,PROJ-3682,Piura,Videoconference,110,134,62370,109227,68016,41211,46,45,PM_RIVAS,SRV-NODE-9
ERP-07398,PROJ-1321,Cusco,Business Proc,63,76,29673,58667,31753,26914,28,5,PM_MEZA,SRV-NODE-1
ERP-07399,PROJ-6957,Trujillo,Videoconference,127,169,31369,64082,32916,31166,30,9,PM_VEGA,SRV-NODE-3
ERP-07400,PROJ-5248,Piura,Project Mgmt,104,136,21840,47075,24265,22810,18,22,PM_SOTO,SRV-NODE-6
ERP-07401,PROJ-4092,Lima,Business Proc,64,66,37248,62617,42007,20610,22,3,PM_SOTO,SRV-NODE-8
ERP-07402,PROJ-7013,Arequipa,Videoconference,44,47,24420,50692,25225,25467,38,9,PM_SOTO,SRV-NODE-7
ERP-07403,PROJ-3108,Piura,Business Proc,142,182,73982,127392,95537,31855,25,44,PM_VEGA,SRV-NODE-1
ERP-07404,PROJ-6390,Lima,Audiovisual,38,38,20482,41494,26616,14878,33,53,PM_RIVAS,SRV-NODE-7
ERP-07405,PROJ-4524,Arequipa,Business Proc,129,170,67854,122935,75575,47360,33,28,PM_VEGA,SRV-NODE-8
ERP-07406,PROJ-9720,Tacna,Videoconference,94,116,37224,69751,46685,23066,22,11,PM_MEZA,SRV-NODE-8
ERP-07407,PROJ-9890,Puno,Audiovisual,90,111,18540,37665,22909,14756,33,38,PM_RIVAS,SRV-NODE-9
ERP-07408,PROJ-9600,Lima,Videoconference,142,161,40044,76934,55689,21245,21,9,PM_VEGA,SRV-NODE-6
ERP-07409,PROJ-6509,Tacna,Audiovisual,109,139,34117,62322,43305,19017,49,6,PM_VEGA,SRV-NODE-7
ERP-07410,PROJ-9707,Trujillo,Project Mgmt,143,191,74074,157790,82636,75154,48,62,PM_RIVAS,SRV-NODE-1
ERP-07411,PROJ-9415,Cajamarca,Audiovisual,166,218,53950,87367,73644,13723,19,22,PM_RIVAS,SRV-NODE-6
ERP-07412,PROJ-6255,Puno,Videoconference,178,224,47170,88984,52955,36029,34,44,PM_RIVAS,SRV-NODE-4
ERP-07413,PROJ-4952,Arequipa,Audiovisual,48,55,13968,23721,14748,8973,26,31,PM_PEREZ,SRV-NODE-10
ERP-07414,PROJ-2658,Huancayo,Business Proc,67,77,14271,27008,15643,11365,36,61,PM_RIVAS,SRV-NODE-8
ERP-07415,PROJ-6920,Piura,Videoconference,151,169,72631,148711,88793,59918,24,12,PM_SOTO,SRV-NODE-2
ERP-07416,PROJ-8287,Piura,Audiovisual,154,160,84084,171823,94203,77620,23,12,PM_SOTO,SRV-NODE-9
ERP-07417,PROJ-6724,Trujillo,Project Mgmt,116,125,39440,67514,45675,21839,31,48,PM_VEGA,SRV-NODE-2
ERP-07418,PROJ-6541,Trujillo,Videoconference,27,32,12420,23180,15711,7469,17,23,PM_RIVAS,SRV-NODE-1
ERP-07419,PROJ-8207,Huancayo,Videoconference,98,100,32634,71711,40586,31125,49,61,PM_RIVAS,SRV-NODE-9
ERP-07420,PROJ-3036,Trujillo,Videoconference,61,76,12993,24549,14540,10009,21,19,PM_SOTO,SRV-NODE-6
ERP-07421,PROJ-6219,Cajamarca,Videoconference,42,50,23814,44387,31051,13336,27,26,PM_SOTO,SRV-NODE-7
ERP-07422,PROJ-5557,Cajamarca,Project Mgmt,172,218,45236,89611,61015,28596,48,57,PM_RIVAS,SRV-NODE-4
ERP-07423,PROJ-1755,Trujillo,Audiovisual,44,46,19360,33561,23369,10192,50,55,PM_SOTO,SRV-NODE-6
ERP-07424,PROJ-9625,Tacna,Audiovisual,81,108,27459,52342,29809,22533,41,7,PM_MEZA,SRV-NODE-6
ERP-07425,PROJ-5453,Huancayo,Business Proc,81,83,38637,68531,44567,23964,48,50,PM_RIVAS,SRV-NODE-5
ERP-07426,PROJ-7414,Lima,Project Mgmt,102,126,38250,78086,46837,31249,28,9,PM_VEGA,SRV-NODE-10
ERP-07427,PROJ-9655,Lima,Videoconference,117,156,56394,93695,70565,23130,47,60,PM_RIVAS,SRV-NODE-2
ERP-07428,PROJ-4308,Tacna,Videoconference,123,140,64083,138070,83457,54613,11,4,PM_VEGA,SRV-NODE-6
ERP-07429,PROJ-9874,Piura,Videoconference,78,100,17706,36224,19410,16814,27,24,PM_MEZA,SRV-NODE-4
ERP-07430,PROJ-1201,Trujillo,Audiovisual,158,183,57512,125482,73003,52479,32,9,PM_VEGA,SRV-NODE-10
ERP-07431,PROJ-3072,Iquitos,Audiovisual,89,116,21182,42943,28629,14314,22,5,PM_RIVAS,SRV-NODE-6
ERP-07432,PROJ-9635,Huancayo,Business Proc,56,56,32816,55763,34943,20820,47,46,PM_MEZA,SRV-NODE-4
ERP-07433,PROJ-6466,Tacna,Audiovisual,111,115,27972,52186,31855,20331,8,5,PM_SOTO,SRV-NODE-6
ERP-07434,PROJ-2643,Cusco,Audiovisual,29,35,10266,19108,12816,6292,50,10,PM_PEREZ,SRV-NODE-10
ERP-07435,PROJ-5939,Trujillo,Videoconference,168,218,47376,78426,56460,21966,45,15,PM_PEREZ,SRV-NODE-6
ERP-07436,PROJ-7155,Trujillo,Videoconference,85,101,20230,34622,23120,11502,13,23,PM_SOTO,SRV-NODE-5
ERP-07437,PROJ-1529,Huancayo,Business Proc,174,214,64554,121315,76656,44659,27,24,PM_MEZA,SRV-NODE-6
ERP-07438,PROJ-7597,Piura,Project Mgmt,61,81,13420,26558,15811,10747,6,1,PM_VEGA,SRV-NODE-7
ERP-07439,PROJ-6245,Lima,Business Proc,173,208,56052,122702,75438,47264,46,29,PM_RIVAS,SRV-NODE-7
ERP-07440,PROJ-1635,Huancayo,Videoconference,65,72,13455,26479,15880,10599,50,45,PM_SOTO,SRV-NODE-3
ERP-07441,PROJ-1821,Trujillo,Audiovisual,122,137,35136,58608,35414,23194,40,58,PM_SOTO,SRV-NODE-4
ERP-07442,PROJ-3571,Puno,Business Proc,129,154,37668,64950,49306,15644,17,4,PM_MEZA,SRV-NODE-9
ERP-07443,PROJ-3303,Lima,Audiovisual,33,41,9603,19740,12128,7612,12,8,PM_SOTO,SRV-NODE-8
ERP-07444,PROJ-3128,Arequipa,Videoconference,36,36,17388,33319,20188,13131,17,3,PM_SOTO,SRV-NODE-7
ERP-07445,PROJ-5047,Huancayo,Project Mgmt,176,227,93808,167176,118498,48678,34,50,PM_PEREZ,SRV-NODE-6
ERP-07446,PROJ-9887,Iquitos,Project Mgmt,23,28,6555,13691,7732,5959,10,12,PM_SOTO,SRV-NODE-6
ERP-07447,PROJ-1046,Tacna,Videoconference,31,31,16275,33025,18968,14057,4,2,PM_PEREZ,SRV-NODE-10
ERP-07448,PROJ-9156,Cajamarca,Business Proc,73,82,20075,40313,20609,19704,43,18,PM_PEREZ,SRV-NODE-7
ERP-07449,PROJ-7264,Piura,Business Proc,136,179,76432,143999,100403,43596,43,57,PM_RIVAS,SRV-NODE-5
ERP-07450,PROJ-7747,Arequipa,Business Proc,23,28,8027,13084,9602,3482,6,6,PM_MEZA,SRV-NODE-5
ERP-07451,PROJ-6561,Puno,Videoconference,107,134,37022,66461,40187,26274,47,64,PM_VEGA,SRV-NODE-6
ERP-07452,PROJ-7461,Huancayo,Videoconference,173,199,62107,110861,63931,46930,6,9,PM_RIVAS,SRV-NODE-8
ERP-07453,PROJ-8799,Cusco,Project Mgmt,78,84,43602,71355,50706,20649,38,47,PM_VEGA,SRV-NODE-9
ERP-07454,PROJ-9385,Puno,Business Proc,114,114,64638,106154,76143,30011,40,53,PM_VEGA,SRV-NODE-2
ERP-07455,PROJ-4924,Piura,Videoconference,71,89,35216,59083,44456,14627,41,47,PM_RIVAS,SRV-NODE-10
ERP-07456,PROJ-3518,Tacna,Business Proc,51,53,18513,35434,19460,15974,11,17,PM_RIVAS,SRV-NODE-7
ERP-07457,PROJ-5218,Lima,Audiovisual,70,79,26460,55294,34642,20652,27,30,PM_MEZA,SRV-NODE-4
ERP-07458,PROJ-1322,Tacna,Business Proc,178,227,86686,182411,97837,84574,40,47,PM_SOTO,SRV-NODE-9
ERP-07459,PROJ-3949,Huancayo,Project Mgmt,89,90,19224,41028,22997,18031,15,24,PM_PEREZ,SRV-NODE-7
ERP-07460,PROJ-1470,Tacna,Videoconference,106,122,28938,50268,34259,16009,50,46,PM_MEZA,SRV-NODE-2
ERP-07461,PROJ-4631,Puno,Videoconference,171,208,58482,116826,77241,39585,20,32,PM_MEZA,SRV-NODE-1
ERP-07462,PROJ-1358,Tacna,Business Proc,29,33,16211,33572,17796,15776,26,16,PM_MEZA,SRV-NODE-6
ERP-07463,PROJ-6432,Tacna,Videoconference,101,109,30098,52388,31315,21073,36,34,PM_PEREZ,SRV-NODE-3
ERP-07464,PROJ-3658,Lima,Business Proc,159,192,52152,102324,61811,40513,32,47,PM_SOTO,SRV-NODE-10
ERP-07465,PROJ-4521,Tacna,Audiovisual,30,31,11190,19550,12211,7339,25,17,PM_PEREZ,SRV-NODE-6
ERP-07466,PROJ-1581,Iquitos,Audiovisual,160,180,92160,178938,102054,76884,9,5,PM_SOTO,SRV-NODE-1
ERP-07467,PROJ-9054,Cajamarca,Audiovisual,138,153,69414,145740,87044,58696,11,19,PM_RIVAS,SRV-NODE-3
ERP-07468,PROJ-8381,Iquitos,Business Proc,41,46,18491,32912,20245,12667,24,26,PM_SOTO,SRV-NODE-9
ERP-07469,PROJ-3003,Cusco,Project Mgmt,109,130,63765,129455,72768,56687,26,40,PM_PEREZ,SRV-NODE-1
ERP-07470,PROJ-1320,Tacna,Audiovisual,34,35,7548,12460,10557,1903,10,12,PM_MEZA,SRV-NODE-5
ERP-07471,PROJ-3425,Cajamarca,Business Proc,130,151,67600,122318,79496,42822,19,24,PM_MEZA,SRV-NODE-3
ERP-07472,PROJ-7151,Piura,Videoconference,94,125,47470,91251,59780,31471,11,1,PM_PEREZ,SRV-NODE-10
ERP-07473,PROJ-2137,Huancayo,Project Mgmt,50,50,28400,52070,35334,16736,8,14,PM_RIVAS,SRV-NODE-7
ERP-07474,PROJ-9409,Tacna,Audiovisual,54,55,23652,42174,29283,12891,21,36,PM_RIVAS,SRV-NODE-8
ERP-07475,PROJ-6957,Cajamarca,Audiovisual,133,154,48013,91247,51618,39629,45,74,PM_RIVAS,SRV-NODE-5
ERP-07476,PROJ-4505,Cusco,Business Proc,147,165,33369,62624,39211,23413,36,49,PM_VEGA,SRV-NODE-7
ERP-07477,PROJ-1208,Puno,Business Proc,98,122,49392,104530,51793,52737,19,9,PM_VEGA,SRV-NODE-7
ERP-07478,PROJ-3191,Trujillo,Videoconference,123,147,34317,70486,46678,23808,11,4,PM_RIVAS,SRV-NODE-8
ERP-07479,PROJ-8430,Iquitos,Project Mgmt,157,179,59503,125083,62500,62583,13,14,PM_SOTO,SRV-NODE-10
ERP-07480,PROJ-1611,Lima,Project Mgmt,121,139,64009,133906,81464,52442,31,34,PM_SOTO,SRV-NODE-9
ERP-07481,PROJ-3962,Huancayo,Videoconference,46,58,22770,41905,23396,18509,48,40,PM_SOTO,SRV-NODE-8
ERP-07482,PROJ-9799,Tacna,Audiovisual,91,102,27937,54043,32369,21674,33,27,PM_MEZA,SRV-NODE-6
ERP-07483,PROJ-1057,Huancayo,Project Mgmt,59,71,28733,50048,35157,14891,34,32,PM_SOTO,SRV-NODE-2
ERP-07484,PROJ-1356,Cajamarca,Business Proc,148,196,47360,96331,65909,30422,9,5,PM_VEGA,SRV-NODE-10
ERP-07485,PROJ-4646,Tacna,Business Proc,58,59,31842,51353,32034,19319,45,19,PM_RIVAS,SRV-NODE-8
ERP-07486,PROJ-6473,Cajamarca,Videoconference,90,121,50310,101630,53575,48055,14,10,PM_RIVAS,SRV-NODE-1
ERP-07487,PROJ-1733,Arequipa,Project Mgmt,35,43,17255,37726,19083,18643,9,10,PM_MEZA,SRV-NODE-3
ERP-07488,PROJ-1703,Puno,Business Proc,169,180,62023,109566,62182,47384,47,63,PM_SOTO,SRV-NODE-6
ERP-07489,PROJ-8613,Arequipa,Project Mgmt,32,37,10720,22191,14399,7792,31,11,PM_RIVAS,SRV-NODE-2
ERP-07490,PROJ-3145,Tacna,Audiovisual,91,118,50141,83780,55852,27928,21,36,PM_MEZA,SRV-NODE-5
ERP-07491,PROJ-9939,Arequipa,Videoconference,180,232,55260,99389,70283,29106,38,66,PM_SOTO,SRV-NODE-7
ERP-07492,PROJ-8901,Cajamarca,Business Proc,137,141,45484,88387,54982,33405,24,40,PM_SOTO,SRV-NODE-1
ERP-07493,PROJ-8990,Trujillo,Videoconference,159,175,54855,117458,70574,46884,25,20,PM_VEGA,SRV-NODE-3
ERP-07494,PROJ-1178,Piura,Videoconference,40,48,13960,22540,16442,6098,44,7,PM_MEZA,SRV-NODE-6
ERP-07495,PROJ-2565,Iquitos,Business Proc,113,149,25199,49230,28358,20872,22,34,PM_VEGA,SRV-NODE-1
ERP-07496,PROJ-7661,Tacna,Videoconference,90,96,40320,73051,49138,23913,9,4,PM_RIVAS,SRV-NODE-5
ERP-07497,PROJ-2993,Lima,Business Proc,143,172,40469,88785,42579,46206,42,13,PM_MEZA,SRV-NODE-2
ERP-07498,PROJ-8114,Lima,Audiovisual,94,125,37130,69282,45836,23446,37,50,PM_MEZA,SRV-NODE-6
ERP-07499,PROJ-7172,Piura,Business Proc,143,173,63921,102406,68173,34233,25,14,PM_VEGA,SRV-NODE-9
ERP-07500,PROJ-4028,Tacna,Audiovisual,36,45,21096,37754,28229,9525,27,15,PM_MEZA,SRV-NODE-4
ERP-07501,PROJ-8328,Cajamarca,Audiovisual,121,139,69575,132631,76776,55855,9,2,PM_SOTO,SRV-NODE-3
ERP-07502,PROJ-9327,Trujillo,Audiovisual,85,95,27030,51426,31257,20169,9,4,PM_MEZA,SRV-NODE-7
ERP-07503,PROJ-5262,Cajamarca,Videoconference,175,217,99750,183172,116502,66670,31,46,PM_VEGA,SRV-NODE-4
ERP-07504,PROJ-1772,Trujillo,Videoconference,61,71,14091,25789,15323,10466,23,36,PM_VEGA,SRV-NODE-5
ERP-07505,PROJ-9511,Puno,Audiovisual,98,117,21168,40174,22015,18159,41,11,PM_PEREZ,SRV-NODE-8
ERP-07506,PROJ-3204,Puno,Business Proc,148,159,55500,120350,55651,64699,47,80,PM_SOTO,SRV-NODE-5
ERP-07507,PROJ-3040,Puno,Business Proc,29,33,8555,13749,10791,2958,41,57,PM_MEZA,SRV-NODE-6
ERP-07508,PROJ-6872,Iquitos,Project Mgmt,180,229,50040,108204,54467,53737,17,23,PM_SOTO,SRV-NODE-5
ERP-07509,PROJ-5393,Huancayo,Business Proc,121,143,53361,109452,71933,37519,36,45,PM_RIVAS,SRV-NODE-8
ERP-07510,PROJ-8355,Arequipa,Videoconference,148,189,77848,146336,104581,41755,9,5,PM_RIVAS,SRV-NODE-8
ERP-07511,PROJ-4027,Tacna,Business Proc,110,111,27610,57288,35012,22276,38,44,PM_SOTO,SRV-NODE-6
ERP-07512,PROJ-2632,Trujillo,Business Proc,99,117,24552,41635,33232,8403,30,33,PM_VEGA,SRV-NODE-2
ERP-07513,PROJ-6026,Iquitos,Business Proc,78,101,21762,36314,27964,8350,48,28,PM_MEZA,SRV-NODE-4
ERP-07514,PROJ-3825,Cajamarca,Business Proc,104,112,54704,106849,63617,43232,15,1,PM_MEZA,SRV-NODE-9
ERP-07515,PROJ-2190,Tacna,Business Proc,73,83,25112,49228,31678,17550,22,9,PM_VEGA,SRV-NODE-7
ERP-07516,PROJ-4860,Huancayo,Audiovisual,142,155,55806,115503,68809,46694,15,25,PM_MEZA,SRV-NODE-10
ERP-07517,PROJ-1053,Trujillo,Project Mgmt,137,158,39456,75948,52790,23158,5,7,PM_PEREZ,SRV-NODE-7
ERP-07518,PROJ-7351,Tacna,Project Mgmt,114,123,40356,70047,41355,28692,15,7,PM_MEZA,SRV-NODE-3
ERP-07519,PROJ-7774,Huancayo,Videoconference,47,50,24722,43298,30346,12952,44,63,PM_RIVAS,SRV-NODE-3
ERP-07520,PROJ-3499,Puno,Audiovisual,95,107,19000,40611,20224,20387,48,15,PM_RIVAS,SRV-NODE-10
ERP-07521,PROJ-7392,Cajamarca,Project Mgmt,92,106,48668,93576,48705,44871,35,57,PM_PEREZ,SRV-NODE-6
ERP-07522,PROJ-6955,Huancayo,Audiovisual,127,156,38100,61586,49957,11629,47,62,PM_RIVAS,SRV-NODE-3
ERP-07523,PROJ-2843,Huancayo,Business Proc,43,46,19909,42899,23042,19857,11,16,PM_SOTO,SRV-NODE-1
ERP-07524,PROJ-4622,Cusco,Videoconference,45,50,13455,25494,15420,10074,29,32,PM_MEZA,SRV-NODE-10
ERP-07525,PROJ-9221,Trujillo,Audiovisual,121,127,34001,59473,43808,15665,31,16,PM_PEREZ,SRV-NODE-7
ERP-07526,PROJ-2871,Puno,Audiovisual,70,78,21420,41736,28168,13568,35,3,PM_PEREZ,SRV-NODE-7
ERP-07527,PROJ-9857,Trujillo,Business Proc,69,79,18768,33566,21637,11929,43,70,PM_SOTO,SRV-NODE-10
ERP-07528,PROJ-5745,Puno,Videoconference,42,42,17640,34440,20354,14086,3,4,PM_MEZA,SRV-NODE-9
ERP-07529,PROJ-7272,Iquitos,Business Proc,117,133,25740,43390,29807,13583,19,7,PM_VEGA,SRV-NODE-5
ERP-07530,PROJ-6031,Cajamarca,Videoconference,82,88,44854,75499,55657,19842,18,21,PM_VEGA,SRV-NODE-9
ERP-07531,PROJ-8468,Trujillo,Project Mgmt,56,72,17080,35371,19605,15766,5,6,PM_VEGA,SRV-NODE-3
ERP-07532,PROJ-7894,Cajamarca,Audiovisual,176,234,84480,176932,117576,59356,38,38,PM_SOTO,SRV-NODE-1
ERP-07533,PROJ-5931,Cajamarca,Business Proc,170,216,87210,140189,92594,47595,36,53,PM_VEGA,SRV-NODE-9
ERP-07534,PROJ-3437,Arequipa,Audiovisual,39,41,16341,33285,16586,16699,21,22,PM_PEREZ,SRV-NODE-5
ERP-07535,PROJ-5631,Cusco,Business Proc,89,93,19758,39939,21023,18916,29,49,PM_SOTO,SRV-NODE-9
ERP-07536,PROJ-5305,Puno,Business Proc,73,86,37668,70219,38382,31837,38,11,PM_MEZA,SRV-NODE-5
ERP-07537,PROJ-2345,Tacna,Business Proc,90,102,24120,49854,31447,18407,30,25,PM_SOTO,SRV-NODE-5
ERP-07538,PROJ-2989,Trujillo,Audiovisual,166,180,67894,116445,89264,27181,43,55,PM_RIVAS,SRV-NODE-8
ERP-07539,PROJ-7075,Huancayo,Videoconference,82,83,37392,80903,40231,40672,20,25,PM_PEREZ,SRV-NODE-7
ERP-07540,PROJ-6555,Arequipa,Business Proc,162,215,78246,132576,103528,29048,36,54,PM_SOTO,SRV-NODE-4
ERP-07541,PROJ-7720,Huancayo,Videoconference,50,55,26300,48668,31119,17549,11,11,PM_SOTO,SRV-NODE-6
ERP-07542,PROJ-3193,Iquitos,Audiovisual,23,25,8050,16338,10703,5635,26,35,PM_SOTO,SRV-NODE-6
ERP-07543,PROJ-3140,Arequipa,Business Proc,39,52,14469,29815,18186,11629,33,34,PM_MEZA,SRV-NODE-2
ERP-07544,PROJ-7229,Arequipa,Project Mgmt,70,86,37310,67361,50697,16664,22,29,PM_PEREZ,SRV-NODE-1
ERP-07545,PROJ-2643,Piura,Videoconference,172,225,69660,129677,71769,57908,27,35,PM_MEZA,SRV-NODE-9
ERP-07546,PROJ-7273,Cajamarca,Business Proc,79,89,21962,45096,26655,18441,22,29,PM_SOTO,SRV-NODE-5
ERP-07547,PROJ-9403,Cajamarca,Videoconference,144,164,45792,85607,59027,26580,3,1,PM_SOTO,SRV-NODE-10
ERP-07548,PROJ-8373,Trujillo,Project Mgmt,112,127,50624,105512,62597,42915,41,25,PM_VEGA,SRV-NODE-10
ERP-07549,PROJ-4659,Cajamarca,Audiovisual,88,96,30800,55539,34356,21183,31,24,PM_MEZA,SRV-NODE-5
ERP-07550,PROJ-2071,Puno,Project Mgmt,97,111,20467,40256,28391,11865,10,16,PM_MEZA,SRV-NODE-8
ERP-07551,PROJ-8376,Lima,Videoconference,130,158,75790,131156,83319,47837,32,4,PM_MEZA,SRV-NODE-10
ERP-07552,PROJ-5420,Cajamarca,Business Proc,123,125,44772,84977,62551,22426,4,5,PM_PEREZ,SRV-NODE-1
ERP-07553,PROJ-6925,Lima,Business Proc,50,61,15350,30425,17262,13163,25,14,PM_SOTO,SRV-NODE-3
ERP-07554,PROJ-4789,Piura,Business Proc,48,62,23904,40578,24215,16363,26,13,PM_VEGA,SRV-NODE-2
ERP-07555,PROJ-2280,Cusco,Business Proc,147,164,76734,151231,87537,63694,45,76,PM_VEGA,SRV-NODE-1
ERP-07556,PROJ-1567,Lima,Videoconference,91,111,37674,67014,49883,17131,24,10,PM_RIVAS,SRV-NODE-10
ERP-07557,PROJ-2637,Piura,Business Proc,63,71,23247,39905,25261,14644,40,69,PM_VEGA,SRV-NODE-5
ERP-07558,PROJ-8063,Arequipa,Videoconference,66,79,20130,32278,22038,10240,5,0,PM_VEGA,SRV-NODE-10
ERP-07559,PROJ-6819,Piura,Business Proc,63,84,28161,53308,38628,14680,34,6,PM_MEZA,SRV-NODE-5
ERP-07560,PROJ-9540,Trujillo,Project Mgmt,170,171,78710,149118,80318,68800,35,46,PM_MEZA,SRV-NODE-5
ERP-07561,PROJ-9333,Iquitos,Business Proc,170,187,44710,97982,54464,43518,43,10,PM_SOTO,SRV-NODE-7
ERP-07562,PROJ-2764,Huancayo,Business Proc,175,201,89775,159771,91394,68377,21,16,PM_RIVAS,SRV-NODE-10
ERP-07563,PROJ-6333,Piura,Project Mgmt,45,48,11700,24736,14421,10315,25,8,PM_SOTO,SRV-NODE-4
ERP-07564,PROJ-7273,Trujillo,Videoconference,54,68,13122,27213,18165,9048,25,14,PM_SOTO,SRV-NODE-10
ERP-07565,PROJ-9169,Tacna,Project Mgmt,164,220,46576,90987,55137,35850,43,21,PM_PEREZ,SRV-NODE-3
ERP-07566,PROJ-3981,Cajamarca,Audiovisual,88,103,25872,55176,36136,19040,50,28,PM_MEZA,SRV-NODE-8
ERP-07567,PROJ-9911,Trujillo,Audiovisual,119,160,45339,81846,50887,30959,31,23,PM_PEREZ,SRV-NODE-5
ERP-07568,PROJ-8735,Cajamarca,Project Mgmt,146,197,29784,51350,36888,14462,36,46,PM_RIVAS,SRV-NODE-4
ERP-07569,PROJ-7174,Lima,Business Proc,135,135,77220,157989,104020,53969,20,8,PM_VEGA,SRV-NODE-9
ERP-07570,PROJ-9760,Huancayo,Business Proc,69,90,15318,31443,17037,14406,31,36,PM_VEGA,SRV-NODE-6
ERP-07571,PROJ-2302,Arequipa,Videoconference,118,122,66552,117304,89754,27550,8,8,PM_SOTO,SRV-NODE-5
ERP-07572,PROJ-2402,Arequipa,Business Proc,141,158,40608,71392,42329,29063,36,25,PM_PEREZ,SRV-NODE-2
ERP-07573,PROJ-9267,Cusco,Business Proc,86,115,47472,82498,62694,19804,25,30,PM_MEZA,SRV-NODE-2
ERP-07574,PROJ-4525,Lima,Audiovisual,177,180,56994,114950,58066,56884,44,24,PM_VEGA,SRV-NODE-10
ERP-07575,PROJ-9852,Huancayo,Project Mgmt,104,108,62088,103151,82337,20814,26,24,PM_SOTO,SRV-NODE-9
ERP-07576,PROJ-5012,Huancayo,Audiovisual,70,84,40110,71150,42717,28433,37,63,PM_RIVAS,SRV-NODE-8
ERP-07577,PROJ-6698,Piura,Business Proc,142,166,33228,57106,41027,16079,12,4,PM_MEZA,SRV-NODE-3
ERP-07578,PROJ-3735,Tacna,Videoconference,118,152,33158,62135,42777,19358,16,27,PM_SOTO,SRV-NODE-8
ERP-07579,PROJ-1299,Tacna,Videoconference,34,38,8568,14087,11763,2324,18,12,PM_VEGA,SRV-NODE-2
ERP-07580,PROJ-7075,Puno,Business Proc,137,170,39867,75110,50482,24628,15,10,PM_RIVAS,SRV-NODE-5
ERP-07581,PROJ-7964,Tacna,Audiovisual,87,87,42978,74285,56194,18091,25,39,PM_MEZA,SRV-NODE-8
ERP-07582,PROJ-6106,Tacna,Audiovisual,32,32,9088,15805,11349,4456,3,4,PM_SOTO,SRV-NODE-10
ERP-07583,PROJ-4338,Puno,Videoconference,123,126,69618,151008,96480,54528,15,13,PM_RIVAS,SRV-NODE-8
ERP-07584,PROJ-2963,Puno,Audiovisual,136,181,67048,133295,92354,40941,49,44,PM_SOTO,SRV-NODE-8
ERP-07585,PROJ-4193,Arequipa,Business Proc,133,164,38703,77940,52188,25752,31,8,PM_PEREZ,SRV-NODE-10
ERP-07586,PROJ-3968,Lima,Videoconference,56,68,22680,38802,29495,9307,4,1,PM_MEZA,SRV-NODE-3
ERP-07587,PROJ-7644,Cusco,Project Mgmt,75,98,26175,54252,34930,19322,50,43,PM_MEZA,SRV-NODE-2
ERP-07588,PROJ-6298,Piura,Audiovisual,41,44,9922,21301,13259,8042,44,51,PM_VEGA,SRV-NODE-6
ERP-07589,PROJ-4924,Tacna,Business Proc,136,169,64872,108015,79895,28120,14,22,PM_SOTO,SRV-NODE-8
ERP-07590,PROJ-6739,Puno,Business Proc,138,182,43194,86588,44231,42357,14,20,PM_RIVAS,SRV-NODE-8
ERP-07591,PROJ-4366,Tacna,Videoconference,176,178,68112,138084,77170,60914,8,6,PM_PEREZ,SRV-NODE-4
ERP-07592,PROJ-8727,Trujillo,Videoconference,22,27,8206,13961,10588,3373,40,45,PM_RIVAS,SRV-NODE-4
ERP-07593,PROJ-7612,Trujillo,Business Proc,114,128,23940,46628,27356,19272,13,21,PM_PEREZ,SRV-NODE-4
ERP-07594,PROJ-3147,Tacna,Business Proc,150,194,71700,137527,79664,57863,33,6,PM_VEGA,SRV-NODE-9
ERP-07595,PROJ-4332,Cajamarca,Videoconference,77,83,24101,39915,30425,9490,41,44,PM_MEZA,SRV-NODE-10
ERP-07596,PROJ-9118,Piura,Business Proc,137,174,66171,121971,88444,33527,49,11,PM_MEZA,SRV-NODE-10
ERP-07597,PROJ-2712,Iquitos,Business Proc,94,101,24534,43019,32891,10128,6,6,PM_PEREZ,SRV-NODE-8
ERP-07598,PROJ-4802,Piura,Audiovisual,180,189,93780,174409,113903,60506,50,38,PM_MEZA,SRV-NODE-7
ERP-07599,PROJ-6408,Cajamarca,Business Proc,81,98,27054,44544,36357,8187,44,77,PM_RIVAS,SRV-NODE-6
ERP-07600,PROJ-8794,Lima,Business Proc,179,201,97734,206531,130933,75598,28,32,PM_SOTO,SRV-NODE-10
ERP-07601,PROJ-2419,Cajamarca,Business Proc,55,72,16225,33001,17813,15188,34,60,PM_SOTO,SRV-NODE-9
ERP-07602,PROJ-5421,Cajamarca,Project Mgmt,102,102,21012,44754,28335,16419,24,30,PM_MEZA,SRV-NODE-10
ERP-07603,PROJ-2777,Cajamarca,Videoconference,32,38,7744,14635,9322,5313,20,6,PM_SOTO,SRV-NODE-2
ERP-07604,PROJ-1547,Piura,Audiovisual,163,180,69438,114169,79276,34893,46,26,PM_VEGA,SRV-NODE-6
ERP-07605,PROJ-4503,Tacna,Business Proc,179,233,95765,194011,114538,79473,42,7,PM_SOTO,SRV-NODE-5
ERP-07606,PROJ-8907,Cajamarca,Videoconference,31,40,13454,27128,17134,9994,49,50,PM_SOTO,SRV-NODE-8
ERP-07607,PROJ-6764,Tacna,Audiovisual,146,175,36646,68453,44551,23902,24,16,PM_RIVAS,SRV-NODE-3
ERP-07608,PROJ-8705,Puno,Audiovisual,127,166,39624,69653,40996,28657,20,27,PM_RIVAS,SRV-NODE-5
ERP-07609,PROJ-4109,Cajamarca,Audiovisual,37,44,19980,32024,24949,7075,11,2,PM_RIVAS,SRV-NODE-8
ERP-07610,PROJ-9008,Cusco,Project Mgmt,38,48,21470,37688,21640,16048,25,17,PM_SOTO,SRV-NODE-8
ERP-07611,PROJ-1060,Iquitos,Business Proc,122,146,64172,133712,69056,64656,33,44,PM_VEGA,SRV-NODE-9
ERP-07612,PROJ-7473,Lima,Project Mgmt,58,72,21692,41440,27397,14043,40,40,PM_MEZA,SRV-NODE-8
ERP-07613,PROJ-4878,Huancayo,Audiovisual,168,185,40320,78637,41441,37196,38,29,PM_MEZA,SRV-NODE-8
ERP-07614,PROJ-5308,Huancayo,Project Mgmt,102,111,42126,69629,56308,13321,32,52,PM_RIVAS,SRV-NODE-4
ERP-07615,PROJ-2765,Lima,Project Mgmt,176,189,51216,86194,71648,14546,40,5,PM_SOTO,SRV-NODE-9
ERP-07616,PROJ-4824,Cusco,Videoconference,104,136,58448,102608,75769,26839,12,20,PM_SOTO,SRV-NODE-1
ERP-07617,PROJ-2225,Iquitos,Audiovisual,165,190,48675,86894,57676,29218,35,11,PM_SOTO,SRV-NODE-6
ERP-07618,PROJ-8763,Puno,Audiovisual,44,48,26400,51600,33640,17960,23,26,PM_MEZA,SRV-NODE-6
ERP-07619,PROJ-8744,Lima,Audiovisual,158,165,49138,102701,67463,35238,32,44,PM_SOTO,SRV-NODE-5
ERP-07620,PROJ-8887,Tacna,Project Mgmt,159,177,69960,133458,75240,58218,7,4,PM_VEGA,SRV-NODE-7
ERP-07621,PROJ-1147,Arequipa,Videoconference,127,158,64389,120924,71803,49121,23,15,PM_RIVAS,SRV-NODE-3
ERP-07622,PROJ-9672,Trujillo,Videoconference,140,174,36960,70000,39911,30089,29,18,PM_MEZA,SRV-NODE-4
ERP-07623,PROJ-7947,Tacna,Videoconference,109,110,54827,109344,76300,33044,35,38,PM_RIVAS,SRV-NODE-1
ERP-07624,PROJ-9827,Arequipa,Business Proc,83,111,39425,63801,48629,15172,31,53,PM_MEZA,SRV-NODE-3
ERP-07625,PROJ-9188,Iquitos,Audiovisual,96,103,24480,44566,30196,14370,17,27,PM_VEGA,SRV-NODE-4
ERP-07626,PROJ-9786,Huancayo,Project Mgmt,112,138,56448,108936,63767,45169,33,32,PM_MEZA,SRV-NODE-5
ERP-07627,PROJ-1401,Puno,Audiovisual,179,216,80371,128814,88248,40566,35,50,PM_RIVAS,SRV-NODE-4
ERP-07628,PROJ-6412,Piura,Project Mgmt,95,123,48830,105884,49885,55999,43,6,PM_RIVAS,SRV-NODE-8
ERP-07629,PROJ-9414,Huancayo,Project Mgmt,126,167,54558,95544,70359,25185,36,7,PM_VEGA,SRV-NODE-6
ERP-07630,PROJ-9384,Trujillo,Videoconference,145,168,81345,132654,92030,40624,4,1,PM_SOTO,SRV-NODE-5
ERP-07631,PROJ-3004,Tacna,Videoconference,21,25,6447,11440,7448,3992,37,5,PM_SOTO,SRV-NODE-1
ERP-07632,PROJ-6124,Huancayo,Videoconference,111,136,34521,74323,36338,37985,10,8,PM_VEGA,SRV-NODE-10
ERP-07633,PROJ-8117,Trujillo,Audiovisual,48,51,19344,40009,24885,15124,10,9,PM_PEREZ,SRV-NODE-4
ERP-07634,PROJ-7310,Puno,Videoconference,142,152,73698,133344,96691,36653,6,4,PM_MEZA,SRV-NODE-10
ERP-07635,PROJ-9426,Iquitos,Business Proc,119,151,59619,114192,61203,52989,22,28,PM_SOTO,SRV-NODE-6
ERP-07636,PROJ-8509,Puno,Videoconference,109,125,56353,107080,73208,33872,41,69,PM_PEREZ,SRV-NODE-4
ERP-07637,PROJ-1250,Arequipa,Project Mgmt,161,171,39767,86863,55360,31503,8,0,PM_RIVAS,SRV-NODE-4
ERP-07638,PROJ-2455,Huancayo,Business Proc,84,108,28560,56450,37799,18651,46,28,PM_MEZA,SRV-NODE-4
ERP-07639,PROJ-4516,Cajamarca,Audiovisual,56,65,33488,66566,38156,28410,22,32,PM_SOTO,SRV-NODE-5
ERP-07640,PROJ-3853,Piura,Project Mgmt,105,105,56700,117648,69325,48323,19,3,PM_SOTO,SRV-NODE-9
ERP-07641,PROJ-2699,Puno,Business Proc,79,100,26386,45806,36654,9152,10,6,PM_SOTO,SRV-NODE-8
ERP-07642,PROJ-2876,Trujillo,Videoconference,68,76,40188,67998,40812,27186,11,6,PM_SOTO,SRV-NODE-1
ERP-07643,PROJ-3220,Cusco,Business Proc,23,23,13064,28658,13730,14928,39,40,PM_SOTO,SRV-NODE-8
ERP-07644,PROJ-9247,Piura,Audiovisual,26,26,14794,26382,19709,6673,6,8,PM_PEREZ,SRV-NODE-1
ERP-07645,PROJ-4031,Piura,Audiovisual,142,175,38198,62421,39129,23292,16,26,PM_SOTO,SRV-NODE-7
ERP-07646,PROJ-9413,Cajamarca,Audiovisual,97,120,24541,49830,27434,22396,48,77,PM_RIVAS,SRV-NODE-7
ERP-07647,PROJ-8789,Huancayo,Videoconference,170,216,69530,130989,87042,43947,5,8,PM_SOTO,SRV-NODE-1
ERP-07648,PROJ-5463,Lima,Videoconference,69,92,38571,72806,39939,32867,11,8,PM_SOTO,SRV-NODE-8
ERP-07649,PROJ-6190,Puno,Business Proc,64,72,19200,37458,24670,12788,35,57,PM_SOTO,SRV-NODE-5
ERP-07650,PROJ-3803,Puno,Business Proc,84,107,37968,64425,49262,15163,16,12,PM_SOTO,SRV-NODE-5
ERP-07651,PROJ-2930,Tacna,Videoconference,122,157,34526,71247,47818,23429,31,20,PM_MEZA,SRV-NODE-6
ERP-07652,PROJ-5178,Iquitos,Audiovisual,82,103,32144,68878,39452,29426,32,37,PM_RIVAS,SRV-NODE-5
ERP-07653,PROJ-1072,Cusco,Project Mgmt,138,143,48024,98118,59157,38961,35,53,PM_SOTO,SRV-NODE-2
ERP-07654,PROJ-5079,Piura,Audiovisual,96,98,35040,62580,37027,25553,18,23,PM_RIVAS,SRV-NODE-1
ERP-07655,PROJ-3496,Piura,Audiovisual,23,27,8671,17264,8937,8327,28,30,PM_SOTO,SRV-NODE-5
ERP-07656,PROJ-5300,Huancayo,Project Mgmt,99,109,52074,107541,53069,54472,4,1,PM_RIVAS,SRV-NODE-8
ERP-07657,PROJ-5362,Trujillo,Project Mgmt,58,65,17690,32813,22437,10376,20,2,PM_PEREZ,SRV-NODE-2
ERP-07658,PROJ-7668,Cusco,Project Mgmt,46,57,16238,35555,21845,13710,17,27,PM_RIVAS,SRV-NODE-9
ERP-07659,PROJ-9389,Arequipa,Videoconference,129,140,57792,117192,61890,55302,47,77,PM_SOTO,SRV-NODE-4
ERP-07660,PROJ-9725,Lima,Videoconference,108,142,23328,38679,32143,6536,17,7,PM_PEREZ,SRV-NODE-3
ERP-07661,PROJ-8073,Trujillo,Project Mgmt,177,212,73986,141842,102858,38984,46,21,PM_MEZA,SRV-NODE-6
ERP-07662,PROJ-3053,Lima,Business Proc,149,164,37995,66332,42734,23598,35,62,PM_RIVAS,SRV-NODE-1
ERP-07663,PROJ-8904,Lima,Business Proc,110,131,56430,118104,64889,53215,9,16,PM_PEREZ,SRV-NODE-8
ERP-07664,PROJ-9459,Cusco,Videoconference,58,73,20416,37552,26639,10913,22,21,PM_PEREZ,SRV-NODE-7
ERP-07665,PROJ-6125,Trujillo,Business Proc,41,53,23329,41051,31316,9735,28,7,PM_PEREZ,SRV-NODE-5
ERP-07666,PROJ-6627,Puno,Business Proc,28,35,16016,29342,17800,11542,31,39,PM_PEREZ,SRV-NODE-6
ERP-07667,PROJ-8516,Puno,Business Proc,56,70,31192,57052,38890,18162,20,32,PM_RIVAS,SRV-NODE-1
ERP-07668,PROJ-6656,Cajamarca,Audiovisual,80,106,25280,44511,25332,19179,46,11,PM_VEGA,SRV-NODE-2
ERP-07669,PROJ-3600,Arequipa,Project Mgmt,67,89,36046,73643,41384,32259,9,10,PM_PEREZ,SRV-NODE-2
ERP-07670,PROJ-8385,Lima,Audiovisual,114,119,26106,55958,34883,21075,38,22,PM_MEZA,SRV-NODE-5
ERP-07671,PROJ-1745,Piura,Videoconference,141,186,70500,121016,86672,34344,21,4,PM_RIVAS,SRV-NODE-2
ERP-07672,PROJ-6134,Iquitos,Audiovisual,22,24,12320,21012,16688,4324,6,10,PM_MEZA,SRV-NODE-9
ERP-07673,PROJ-6533,Cusco,Business Proc,104,112,59696,130767,76431,54336,15,1,PM_PEREZ,SRV-NODE-10
ERP-07674,PROJ-4706,Huancayo,Audiovisual,91,117,38220,73009,48994,24015,23,14,PM_PEREZ,SRV-NODE-10
ERP-07675,PROJ-4258,Cusco,Videoconference,63,80,35847,65189,38454,26735,4,0,PM_MEZA,SRV-NODE-7
ERP-07676,PROJ-3341,Lima,Audiovisual,162,212,64314,125438,81321,44117,50,33,PM_SOTO,SRV-NODE-9
ERP-07677,PROJ-9223,Trujillo,Business Proc,61,63,30134,48610,35128,13482,27,29,PM_MEZA,SRV-NODE-3
ERP-07678,PROJ-4925,Lima,Project Mgmt,22,28,10648,23002,12683,10319,15,2,PM_RIVAS,SRV-NODE-6
ERP-07679,PROJ-8234,Piura,Videoconference,75,98,38700,63886,48437,15449,9,9,PM_PEREZ,SRV-NODE-4
ERP-07680,PROJ-4183,Trujillo,Audiovisual,30,30,6750,12702,8225,4477,25,12,PM_SOTO,SRV-NODE-2
ERP-07681,PROJ-2620,Arequipa,Project Mgmt,153,176,38250,76758,40974,35784,13,5,PM_PEREZ,SRV-NODE-7
ERP-07682,PROJ-4411,Cusco,Project Mgmt,152,172,36632,61058,50984,10074,29,9,PM_VEGA,SRV-NODE-6
ERP-07683,PROJ-6472,Huancayo,Videoconference,172,181,40936,84578,47655,36923,41,37,PM_SOTO,SRV-NODE-7
ERP-07684,PROJ-9903,Tacna,Audiovisual,142,167,61912,125106,84017,41089,29,25,PM_SOTO,SRV-NODE-9
ERP-07685,PROJ-7342,Tacna,Videoconference,72,79,22824,40606,27088,13518,16,27,PM_RIVAS,SRV-NODE-4
ERP-07686,PROJ-2112,Arequipa,Project Mgmt,145,190,46255,80760,49904,30856,18,30,PM_PEREZ,SRV-NODE-6
ERP-07687,PROJ-3205,Lima,Project Mgmt,35,38,10080,18758,14047,4711,45,80,PM_MEZA,SRV-NODE-4
ERP-07688,PROJ-7666,Cusco,Business Proc,152,169,34656,71146,44334,26812,50,56,PM_RIVAS,SRV-NODE-2
ERP-07689,PROJ-4616,Iquitos,Project Mgmt,162,178,93798,186536,127445,59091,6,8,PM_MEZA,SRV-NODE-1
ERP-07690,PROJ-1636,Piura,Business Proc,129,136,46956,97930,61818,36112,44,36,PM_VEGA,SRV-NODE-7
ERP-07691,PROJ-7894,Iquitos,Business Proc,35,41,13825,27119,15375,11744,13,13,PM_MEZA,SRV-NODE-2
ERP-07692,PROJ-7291,Cusco,Business Proc,160,170,76320,165775,100980,64795,37,26,PM_VEGA,SRV-NODE-5
ERP-07693,PROJ-1598,Iquitos,Audiovisual,26,30,8190,13272,9811,3461,14,1,PM_MEZA,SRV-NODE-2
ERP-07694,PROJ-3321,Puno,Business Proc,166,193,86486,156497,117345,39152,8,6,PM_SOTO,SRV-NODE-7
ERP-07695,PROJ-5648,Puno,Audiovisual,171,191,45828,77415,48183,29232,36,10,PM_VEGA,SRV-NODE-4
ERP-07696,PROJ-4185,Huancayo,Videoconference,156,193,49764,80095,49937,30158,33,18,PM_RIVAS,SRV-NODE-9
ERP-07697,PROJ-6783,Tacna,Business Proc,107,125,52430,99725,56138,43587,45,66,PM_MEZA,SRV-NODE-3
ERP-07698,PROJ-3449,Puno,Business Proc,85,95,47430,93164,49136,44028,36,62,PM_RIVAS,SRV-NODE-3
ERP-07699,PROJ-8267,Cusco,Project Mgmt,169,172,48841,90475,54825,35650,3,3,PM_MEZA,SRV-NODE-6
ERP-07700,PROJ-8377,Puno,Videoconference,165,206,91575,150217,126469,23748,18,12,PM_PEREZ,SRV-NODE-9
ERP-07701,PROJ-2818,Huancayo,Videoconference,30,32,12510,22307,14599,7708,20,13,PM_RIVAS,SRV-NODE-8
ERP-07702,PROJ-5709,Arequipa,Project Mgmt,112,125,57120,104220,72987,31233,11,13,PM_VEGA,SRV-NODE-6
ERP-07703,PROJ-4679,Lima,Business Proc,38,45,20216,33029,24529,8500,41,70,PM_RIVAS,SRV-NODE-7
ERP-07704,PROJ-9585,Huancayo,Audiovisual,94,112,23406,45557,32636,12921,29,27,PM_PEREZ,SRV-NODE-6
ERP-07705,PROJ-4306,Tacna,Project Mgmt,151,163,73235,124488,96027,28461,44,58,PM_MEZA,SRV-NODE-4
ERP-07706,PROJ-7195,Lima,Project Mgmt,139,182,67554,140708,80910,59798,27,39,PM_MEZA,SRV-NODE-7
ERP-07707,PROJ-2028,Puno,Videoconference,27,29,11205,22440,15342,7098,42,18,PM_MEZA,SRV-NODE-10
ERP-07708,PROJ-9644,Piura,Videoconference,24,28,13392,24857,15221,9636,21,29,PM_VEGA,SRV-NODE-8
ERP-07709,PROJ-9952,Cusco,Business Proc,139,148,73114,150784,102069,48715,25,20,PM_RIVAS,SRV-NODE-6
ERP-07710,PROJ-4355,Tacna,Project Mgmt,131,171,31309,66965,38451,28514,15,10,PM_MEZA,SRV-NODE-9
ERP-07711,PROJ-3772,Huancayo,Business Proc,68,82,14688,25220,18923,6297,26,18,PM_PEREZ,SRV-NODE-9
ERP-07712,PROJ-7575,Trujillo,Audiovisual,133,149,29127,56707,39793,16914,4,4,PM_RIVAS,SRV-NODE-7
ERP-07713,PROJ-9000,Puno,Project Mgmt,126,133,58464,121270,67644,53626,31,47,PM_SOTO,SRV-NODE-4
ERP-07714,PROJ-6280,Puno,Project Mgmt,62,69,30070,52116,34227,17889,19,14,PM_RIVAS,SRV-NODE-2
ERP-07715,PROJ-3608,Iquitos,Audiovisual,167,179,70641,122311,82187,40124,33,30,PM_MEZA,SRV-NODE-3
ERP-07716,PROJ-7233,Piura,Project Mgmt,131,131,55675,96137,69807,26330,23,30,PM_MEZA,SRV-NODE-3
ERP-07717,PROJ-5383,Iquitos,Business Proc,26,33,12454,20638,13797,6841,36,22,PM_RIVAS,SRV-NODE-5
ERP-07718,PROJ-1234,Trujillo,Audiovisual,161,165,63756,122982,71065,51917,35,54,PM_SOTO,SRV-NODE-1
ERP-07719,PROJ-4128,Tacna,Videoconference,165,172,63030,101462,69887,31575,50,77,PM_VEGA,SRV-NODE-4
ERP-07720,PROJ-3913,Trujillo,Audiovisual,130,164,46150,78279,46911,31368,43,7,PM_MEZA,SRV-NODE-7
ERP-07721,PROJ-1147,Puno,Business Proc,29,29,14210,23724,18069,5655,40,46,PM_SOTO,SRV-NODE-2
ERP-07722,PROJ-6738,Arequipa,Videoconference,121,129,38357,74563,49139,25424,21,14,PM_PEREZ,SRV-NODE-3
ERP-07723,PROJ-9221,Tacna,Audiovisual,167,211,66633,121797,74759,47038,34,56,PM_MEZA,SRV-NODE-7
ERP-07724,PROJ-4431,Cajamarca,Business Proc,176,217,83424,159976,114836,45140,36,17,PM_MEZA,SRV-NODE-8
ERP-07725,PROJ-1025,Piura,Audiovisual,69,80,15318,29639,20739,8900,36,17,PM_RIVAS,SRV-NODE-1
ERP-07726,PROJ-4896,Tacna,Audiovisual,180,187,56700,92070,61349,30721,11,5,PM_RIVAS,SRV-NODE-4
ERP-07727,PROJ-2279,Lima,Videoconference,38,49,20634,33062,27345,5717,22,23,PM_SOTO,SRV-NODE-9
ERP-07728,PROJ-8850,Tacna,Videoconference,151,152,78218,138513,96340,42173,41,59,PM_MEZA,SRV-NODE-4
ERP-07729,PROJ-1741,Arequipa,Project Mgmt,97,121,43262,90120,50464,39656,14,14,PM_PEREZ,SRV-NODE-8
ERP-07730,PROJ-7236,Lima,Videoconference,93,121,53475,108502,57698,50804,39,7,PM_VEGA,SRV-NODE-1
ERP-07731,PROJ-3282,Cajamarca,Audiovisual,33,36,7920,16717,9227,7490,7,11,PM_RIVAS,SRV-NODE-4
ERP-07732,PROJ-8296,Trujillo,Business Proc,135,152,61695,135632,64285,71347,13,11,PM_RIVAS,SRV-NODE-5
ERP-07733,PROJ-1855,Arequipa,Business Proc,71,79,30317,58518,32443,26075,33,38,PM_SOTO,SRV-NODE-4
ERP-07734,PROJ-7789,Arequipa,Videoconference,143,172,61490,102454,82517,19937,5,6,PM_RIVAS,SRV-NODE-3
ERP-07735,PROJ-6396,Trujillo,Project Mgmt,97,120,40352,65888,47164,18724,42,21,PM_VEGA,SRV-NODE-10
ERP-07736,PROJ-1157,Arequipa,Business Proc,62,82,14508,24038,17694,6344,42,66,PM_SOTO,SRV-NODE-4
ERP-07737,PROJ-2734,Cajamarca,Audiovisual,31,31,7068,11980,8047,3933,42,6,PM_PEREZ,SRV-NODE-4
ERP-07738,PROJ-2033,Cajamarca,Project Mgmt,88,106,29392,62639,31302,31337,12,8,PM_RIVAS,SRV-NODE-10
ERP-07739,PROJ-5140,Lima,Audiovisual,66,82,27984,54287,35664,18623,46,57,PM_PEREZ,SRV-NODE-4
ERP-07740,PROJ-3001,Tacna,Videoconference,45,45,17730,37827,19293,18534,21,10,PM_VEGA,SRV-NODE-2
ERP-07741,PROJ-4659,Puno,Business Proc,108,120,60480,123091,62193,60898,49,75,PM_SOTO,SRV-NODE-2
ERP-07742,PROJ-8795,Puno,Business Proc,69,71,31809,62541,38528,24013,38,45,PM_VEGA,SRV-NODE-2
ERP-07743,PROJ-9048,Huancayo,Videoconference,160,184,78400,171866,99480,72386,27,9,PM_RIVAS,SRV-NODE-5
ERP-07744,PROJ-6909,Puno,Videoconference,85,98,25925,49285,28121,21164,6,5,PM_RIVAS,SRV-NODE-5
ERP-07745,PROJ-9090,Trujillo,Videoconference,52,69,16536,27500,21357,6143,12,9,PM_PEREZ,SRV-NODE-8
ERP-07746,PROJ-1192,Iquitos,Videoconference,95,118,19285,40205,24616,15589,8,5,PM_RIVAS,SRV-NODE-1
ERP-07747,PROJ-7962,Cajamarca,Videoconference,115,132,61870,117529,79534,37995,15,5,PM_MEZA,SRV-NODE-6
ERP-07748,PROJ-5309,Iquitos,Audiovisual,52,59,25116,51082,29341,21741,49,60,PM_SOTO,SRV-NODE-3
ERP-07749,PROJ-6561,Huancayo,Business Proc,47,60,13301,28015,16318,11697,14,4,PM_SOTO,SRV-NODE-9
ERP-07750,PROJ-9346,Cajamarca,Business Proc,141,157,81639,169762,108736,61026,38,59,PM_VEGA,SRV-NODE-4
ERP-07751,PROJ-5216,Cusco,Project Mgmt,87,88,39933,81489,52349,29140,13,16,PM_PEREZ,SRV-NODE-7
ERP-07752,PROJ-7180,Cajamarca,Audiovisual,167,186,45925,74543,47651,26892,8,13,PM_PEREZ,SRV-NODE-2
ERP-07753,PROJ-4960,Trujillo,Business Proc,63,71,16065,32721,22344,10377,36,64,PM_VEGA,SRV-NODE-9
ERP-07754,PROJ-6353,Huancayo,Audiovisual,85,113,38250,77852,46132,31720,15,13,PM_RIVAS,SRV-NODE-2
ERP-07755,PROJ-8877,Tacna,Business Proc,166,214,54448,109772,69035,40737,23,2,PM_SOTO,SRV-NODE-3
ERP-07756,PROJ-1124,Tacna,Business Proc,83,101,20169,43368,23642,19726,32,30,PM_VEGA,SRV-NODE-1
ERP-07757,PROJ-5834,Huancayo,Project Mgmt,107,124,47615,76627,62427,14200,28,26,PM_MEZA,SRV-NODE-9
ERP-07758,PROJ-6185,Arequipa,Videoconference,30,31,13380,26999,14982,12017,22,29,PM_SOTO,SRV-NODE-3
ERP-07759,PROJ-2936,Arequipa,Business Proc,59,61,26432,56201,33540,22661,12,1,PM_PEREZ,SRV-NODE-10
ERP-07760,PROJ-2059,Tacna,Audiovisual,29,29,7685,13425,10194,3231,38,63,PM_SOTO,SRV-NODE-4
ERP-07761,PROJ-5014,Puno,Audiovisual,62,76,30938,59573,38191,21382,41,56,PM_VEGA,SRV-NODE-5
ERP-07762,PROJ-1088,Huancayo,Videoconference,63,81,19089,40405,26164,14241,13,21,PM_RIVAS,SRV-NODE-9
ERP-07763,PROJ-5676,Cajamarca,Audiovisual,160,208,46240,92422,62647,29775,40,32,PM_PEREZ,SRV-NODE-5
ERP-07764,PROJ-6216,Puno,Business Proc,73,85,26061,53499,29961,23538,46,20,PM_PEREZ,SRV-NODE-3
ERP-07765,PROJ-4638,Puno,Project Mgmt,156,208,90792,146070,110394,35676,20,8,PM_SOTO,SRV-NODE-6
ERP-07766,PROJ-7045,Trujillo,Videoconference,173,201,48613,105718,60107,45611,5,8,PM_VEGA,SRV-NODE-9
ERP-07767,PROJ-9866,Puno,Project Mgmt,93,115,47616,85679,59186,26493,22,6,PM_SOTO,SRV-NODE-6
ERP-07768,PROJ-8222,Lima,Audiovisual,113,132,51415,86961,70492,16469,19,32,PM_RIVAS,SRV-NODE-10
ERP-07769,PROJ-2260,Puno,Videoconference,124,129,42036,74624,55932,18692,28,13,PM_PEREZ,SRV-NODE-6
ERP-07770,PROJ-4106,Piura,Audiovisual,73,86,37522,81425,51911,29514,29,50,PM_RIVAS,SRV-NODE-7
ERP-07771,PROJ-3040,Iquitos,Audiovisual,129,148,45795,88576,58354,30222,38,49,PM_PEREZ,SRV-NODE-3
ERP-07772,PROJ-9508,Trujillo,Videoconference,172,188,68284,144686,75131,69555,50,57,PM_VEGA,SRV-NODE-10
ERP-07773,PROJ-6575,Trujillo,Project Mgmt,118,141,28320,49425,28949,20476,29,17,PM_SOTO,SRV-NODE-3
ERP-07774,PROJ-6335,Arequipa,Project Mgmt,20,24,6680,12299,6827,5472,22,30,PM_MEZA,SRV-NODE-4
ERP-07775,PROJ-5281,Lima,Videoconference,155,170,91915,162494,127694,34800,19,18,PM_SOTO,SRV-NODE-10
ERP-07776,PROJ-7959,Cusco,Business Proc,99,99,39699,68076,49972,18104,50,79,PM_SOTO,SRV-NODE-7
ERP-07777,PROJ-9635,Piura,Audiovisual,47,58,12643,25610,13659,11951,17,19,PM_PEREZ,SRV-NODE-9
ERP-07778,PROJ-2237,Trujillo,Project Mgmt,50,55,10900,18836,13794,5042,22,30,PM_PEREZ,SRV-NODE-7
ERP-07779,PROJ-1757,Cajamarca,Videoconference,169,182,61854,130210,76498,53712,47,38,PM_SOTO,SRV-NODE-2
ERP-07780,PROJ-5400,Cusco,Audiovisual,78,98,36504,65466,39161,26305,26,39,PM_PEREZ,SRV-NODE-6
ERP-07781,PROJ-5279,Tacna,Audiovisual,76,87,21964,41342,27258,14084,11,5,PM_MEZA,SRV-NODE-9
ERP-07782,PROJ-4164,Cajamarca,Project Mgmt,151,181,54813,101805,61966,39839,3,2,PM_VEGA,SRV-NODE-7
ERP-07783,PROJ-5141,Trujillo,Audiovisual,143,183,39325,82764,53278,29486,15,6,PM_VEGA,SRV-NODE-1
ERP-07784,PROJ-3549,Huancayo,Project Mgmt,22,24,4686,7854,5496,2358,17,18,PM_MEZA,SRV-NODE-5
ERP-07785,PROJ-9553,Huancayo,Business Proc,131,150,65631,136414,68736,67678,44,57,PM_RIVAS,SRV-NODE-8
ERP-07786,PROJ-4788,Puno,Project Mgmt,170,174,92480,192262,121636,70626,26,13,PM_RIVAS,SRV-NODE-7
ERP-07787,PROJ-3842,Huancayo,Project Mgmt,39,46,15600,29296,16760,12536,24,24,PM_SOTO,SRV-NODE-7
ERP-07788,PROJ-9440,Huancayo,Audiovisual,167,194,78323,128697,90345,38352,37,62,PM_SOTO,SRV-NODE-8
ERP-07789,PROJ-4945,Arequipa,Videoconference,54,70,14688,31388,18843,12545,15,3,PM_SOTO,SRV-NODE-5
ERP-07790,PROJ-4364,Arequipa,Project Mgmt,99,113,41184,70078,52343,17735,40,15,PM_RIVAS,SRV-NODE-2
ERP-07791,PROJ-4315,Piura,Project Mgmt,172,195,94772,197995,95343,102652,40,23,PM_SOTO,SRV-NODE-3
ERP-07792,PROJ-4425,Cusco,Business Proc,31,40,8835,16358,8840,7518,39,5,PM_PEREZ,SRV-NODE-5
ERP-07793,PROJ-5181,Cusco,Audiovisual,55,65,33000,57954,37252,20702,39,41,PM_SOTO,SRV-NODE-3
ERP-07794,PROJ-7335,Huancayo,Videoconference,43,52,25628,48563,35279,13284,19,24,PM_MEZA,SRV-NODE-4
ERP-07795,PROJ-6822,Iquitos,Project Mgmt,113,131,38872,70502,39557,30945,4,5,PM_SOTO,SRV-NODE-8
ERP-07796,PROJ-4846,Cajamarca,Audiovisual,63,70,34839,59851,38919,20932,49,28,PM_PEREZ,SRV-NODE-9
ERP-07797,PROJ-1850,Cajamarca,Videoconference,150,188,34650,60305,45044,15261,42,67,PM_VEGA,SRV-NODE-1
ERP-07798,PROJ-2517,Tacna,Videoconference,165,215,89595,149208,111168,38040,43,37,PM_RIVAS,SRV-NODE-10
ERP-07799,PROJ-8685,Huancayo,Project Mgmt,133,134,43225,81791,51044,30747,39,41,PM_MEZA,SRV-NODE-1
ERP-07800,PROJ-3626,Trujillo,Project Mgmt,174,184,58986,101199,73496,27703,20,29,PM_PEREZ,SRV-NODE-8
ERP-07801,PROJ-7686,Piura,Audiovisual,72,72,29880,50095,33878,16217,6,3,PM_MEZA,SRV-NODE-3
ERP-07802,PROJ-1490,Lima,Videoconference,40,51,19480,42351,24288,18063,35,39,PM_MEZA,SRV-NODE-9
ERP-07803,PROJ-3690,Arequipa,Audiovisual,127,146,67310,123622,68541,55081,50,24,PM_MEZA,SRV-NODE-4
ERP-07804,PROJ-7036,Trujillo,Audiovisual,48,49,22464,37062,30088,6974,41,21,PM_MEZA,SRV-NODE-10
ERP-07805,PROJ-1556,Tacna,Videoconference,89,98,35511,71575,46204,25371,5,8,PM_VEGA,SRV-NODE-2
ERP-07806,PROJ-6292,Cusco,Project Mgmt,33,34,14586,29147,20146,9001,23,22,PM_VEGA,SRV-NODE-8
ERP-07807,PROJ-4913,Iquitos,Project Mgmt,143,155,53625,105413,69104,36309,30,52,PM_MEZA,SRV-NODE-9
ERP-07808,PROJ-6394,Iquitos,Project Mgmt,112,146,56112,90957,78548,12409,44,61,PM_MEZA,SRV-NODE-7
ERP-07809,PROJ-8765,Tacna,Project Mgmt,176,224,42240,90464,44136,46328,50,78,PM_RIVAS,SRV-NODE-9
ERP-07810,PROJ-4134,Huancayo,Videoconference,115,147,58765,111892,75279,36613,13,17,PM_VEGA,SRV-NODE-4
ERP-07811,PROJ-7625,Trujillo,Project Mgmt,159,201,54060,108443,58744,49699,17,26,PM_RIVAS,SRV-NODE-5
ERP-07812,PROJ-8192,Arequipa,Audiovisual,93,109,28737,46728,37212,9516,38,31,PM_SOTO,SRV-NODE-6
ERP-07813,PROJ-3805,Piura,Project Mgmt,172,192,87892,176872,109746,67126,17,25,PM_VEGA,SRV-NODE-7
ERP-07814,PROJ-8754,Trujillo,Business Proc,131,161,58033,117538,68885,48653,5,0,PM_SOTO,SRV-NODE-3
ERP-07815,PROJ-5459,Tacna,Project Mgmt,68,71,24208,41324,29597,11727,39,65,PM_SOTO,SRV-NODE-3
ERP-07816,PROJ-2012,Piura,Audiovisual,102,120,21012,36614,29047,7567,3,2,PM_SOTO,SRV-NODE-2
ERP-07817,PROJ-6934,Huancayo,Audiovisual,80,99,28720,55656,39226,16430,29,24,PM_RIVAS,SRV-NODE-10
ERP-07818,PROJ-9327,Lima,Videoconference,128,149,47872,91703,60656,31047,39,66,PM_MEZA,SRV-NODE-1
ERP-07819,PROJ-7651,Iquitos,Business Proc,158,168,46136,98142,51720,46422,41,50,PM_MEZA,SRV-NODE-7
ERP-07820,PROJ-9646,Cajamarca,Videoconference,49,59,28567,47189,38919,8270,8,6,PM_SOTO,SRV-NODE-1
ERP-07821,PROJ-1859,Cusco,Project Mgmt,163,211,37816,72322,45411,26911,3,0,PM_MEZA,SRV-NODE-2
ERP-07822,PROJ-3183,Piura,Audiovisual,81,91,22437,37814,27294,10520,35,32,PM_RIVAS,SRV-NODE-7
ERP-07823,PROJ-1465,Huancayo,Audiovisual,131,149,54758,102614,73120,29494,20,16,PM_MEZA,SRV-NODE-3
ERP-07824,PROJ-6230,Cusco,Business Proc,117,127,63648,115481,87917,27564,32,29,PM_VEGA,SRV-NODE-4
ERP-07825,PROJ-7784,Huancayo,Videoconference,115,131,41975,72707,46384,26323,49,47,PM_VEGA,SRV-NODE-6
ERP-07826,PROJ-2522,Cajamarca,Project Mgmt,46,48,27554,46777,33886,12891,22,10,PM_PEREZ,SRV-NODE-1
ERP-07827,PROJ-4948,Lima,Project Mgmt,117,124,43056,90593,60021,30572,17,8,PM_MEZA,SRV-NODE-3
ERP-07828,PROJ-2126,Iquitos,Videoconference,142,161,46150,101120,61085,40035,9,14,PM_MEZA,SRV-NODE-4
ERP-07829,PROJ-9195,Tacna,Audiovisual,125,161,51125,103726,66633,37093,45,45,PM_MEZA,SRV-NODE-3
ERP-07830,PROJ-2310,Huancayo,Videoconference,93,111,53103,96264,67216,29048,10,7,PM_PEREZ,SRV-NODE-5
ERP-07831,PROJ-6353,Cusco,Audiovisual,113,119,48364,101360,64953,36407,50,62,PM_MEZA,SRV-NODE-5
ERP-07832,PROJ-1310,Piura,Project Mgmt,80,84,16880,29370,21486,7884,47,51,PM_MEZA,SRV-NODE-7
ERP-07833,PROJ-4986,Huancayo,Business Proc,106,113,27984,58420,37344,21076,14,18,PM_MEZA,SRV-NODE-6
ERP-07834,PROJ-4537,Huancayo,Audiovisual,85,112,26265,56646,34947,21699,19,2,PM_VEGA,SRV-NODE-10
ERP-07835,PROJ-3353,Trujillo,Audiovisual,180,229,70560,140082,96471,43611,26,44,PM_VEGA,SRV-NODE-9
ERP-07836,PROJ-8882,Cajamarca,Audiovisual,22,29,8998,16614,11560,5054,11,19,PM_MEZA,SRV-NODE-4
ERP-07837,PROJ-2809,Puno,Project Mgmt,107,114,24824,47856,27492,20364,49,38,PM_PEREZ,SRV-NODE-8
ERP-07838,PROJ-2056,Puno,Videoconference,111,120,61272,110591,74502,36089,9,15,PM_MEZA,SRV-NODE-8
ERP-07839,PROJ-8562,Trujillo,Project Mgmt,65,74,37115,64902,41381,23521,35,23,PM_RIVAS,SRV-NODE-5
ERP-07840,PROJ-6050,Tacna,Project Mgmt,131,163,74277,146233,96543,49690,21,8,PM_VEGA,SRV-NODE-5
ERP-07841,PROJ-7505,Cajamarca,Project Mgmt,146,159,34748,61240,47511,13729,6,5,PM_SOTO,SRV-NODE-4
ERP-07842,PROJ-4844,Arequipa,Audiovisual,169,219,79092,146593,87142,59451,37,47,PM_VEGA,SRV-NODE-2
ERP-07843,PROJ-4512,Puno,Business Proc,97,111,35696,72921,39241,33680,50,81,PM_RIVAS,SRV-NODE-8
ERP-07844,PROJ-4418,Puno,Project Mgmt,173,186,48613,100927,52245,48682,50,68,PM_PEREZ,SRV-NODE-9
ERP-07845,PROJ-1713,Iquitos,Audiovisual,90,112,33120,55328,44651,10677,40,32,PM_SOTO,SRV-NODE-2
ERP-07846,PROJ-3308,Cusco,Videoconference,163,176,86064,169724,116336,53388,21,27,PM_MEZA,SRV-NODE-7
ERP-07847,PROJ-7492,Lima,Audiovisual,165,192,40755,82828,55049,27779,49,61,PM_SOTO,SRV-NODE-10
ERP-07848,PROJ-8418,Puno,Project Mgmt,160,207,77280,157308,107214,50094,34,54,PM_VEGA,SRV-NODE-4
ERP-07849,PROJ-9824,Cusco,Videoconference,108,140,24408,52054,26089,25965,7,1,PM_SOTO,SRV-NODE-5
ERP-07850,PROJ-6673,Arequipa,Videoconference,53,53,23055,40503,31075,9428,25,11,PM_MEZA,SRV-NODE-4
ERP-07851,PROJ-4205,Huancayo,Project Mgmt,165,184,93225,202770,103543,99227,47,57,PM_VEGA,SRV-NODE-6
ERP-07852,PROJ-4835,Piura,Audiovisual,110,142,36190,59788,48320,11468,24,27,PM_RIVAS,SRV-NODE-7
ERP-07853,PROJ-5129,Huancayo,Audiovisual,75,98,24000,45444,25337,20107,12,21,PM_SOTO,SRV-NODE-10
ERP-07854,PROJ-5788,Piura,Audiovisual,54,68,27702,53318,37457,15861,11,11,PM_VEGA,SRV-NODE-5
ERP-07855,PROJ-9148,Puno,Project Mgmt,151,164,87580,149793,105125,44668,15,26,PM_PEREZ,SRV-NODE-3
ERP-07856,PROJ-5610,Cajamarca,Audiovisual,37,43,18130,33899,22828,11071,6,7,PM_RIVAS,SRV-NODE-6
ERP-07857,PROJ-5593,Huancayo,Audiovisual,96,107,34368,65292,46299,18993,41,6,PM_SOTO,SRV-NODE-5
ERP-07858,PROJ-4393,Iquitos,Videoconference,89,93,41919,80546,48243,32303,15,10,PM_SOTO,SRV-NODE-7
ERP-07859,PROJ-2268,Lima,Business Proc,33,42,16071,32424,19246,13178,18,4,PM_PEREZ,SRV-NODE-8
ERP-07860,PROJ-6586,Arequipa,Business Proc,91,105,45136,87530,47367,40163,13,4,PM_SOTO,SRV-NODE-9
ERP-07861,PROJ-2385,Lima,Business Proc,58,76,33582,65947,41890,24057,10,13,PM_MEZA,SRV-NODE-8
ERP-07862,PROJ-5089,Lima,Audiovisual,104,124,34840,74911,44080,30831,34,38,PM_SOTO,SRV-NODE-10
ERP-07863,PROJ-2108,Arequipa,Videoconference,125,128,68250,138194,80490,57704,22,16,PM_SOTO,SRV-NODE-10
ERP-07864,PROJ-9594,Cusco,Business Proc,164,166,45100,90727,46063,44664,44,33,PM_VEGA,SRV-NODE-4
ERP-07865,PROJ-3529,Huancayo,Videoconference,147,160,51303,91540,53880,37660,21,14,PM_RIVAS,SRV-NODE-9
ERP-07866,PROJ-4693,Puno,Project Mgmt,147,184,62034,105053,81486,23567,6,2,PM_PEREZ,SRV-NODE-2
ERP-07867,PROJ-1303,Huancayo,Audiovisual,97,114,57618,111278,77493,33785,24,24,PM_VEGA,SRV-NODE-3
ERP-07868,PROJ-6319,Trujillo,Videoconference,145,190,29290,56982,38668,18314,37,25,PM_MEZA,SRV-NODE-7
ERP-07869,PROJ-9102,Arequipa,Audiovisual,154,171,83314,173460,109039,64421,11,7,PM_SOTO,SRV-NODE-5
ERP-07870,PROJ-9092,Lima,Project Mgmt,157,172,66097,124511,80259,44252,43,10,PM_MEZA,SRV-NODE-10
ERP-07871,PROJ-4346,Huancayo,Project Mgmt,49,52,19551,36212,23109,13103,42,75,PM_SOTO,SRV-NODE-9
ERP-07872,PROJ-4844,Tacna,Project Mgmt,118,145,48380,98104,57854,40250,12,11,PM_VEGA,SRV-NODE-4
ERP-07873,PROJ-9995,Arequipa,Business Proc,57,62,32319,61120,44316,16804,45,31,PM_VEGA,SRV-NODE-9
ERP-07874,PROJ-8171,Lima,Business Proc,179,212,103283,215212,140816,74396,46,40,PM_SOTO,SRV-NODE-2
ERP-07875,PROJ-2746,Lima,Videoconference,49,60,17542,37607,17557,20050,44,42,PM_VEGA,SRV-NODE-4
ERP-07876,PROJ-3572,Lima,Business Proc,88,106,45584,96709,46568,50141,6,2,PM_RIVAS,SRV-NODE-10
ERP-07877,PROJ-9018,Iquitos,Audiovisual,113,141,47234,91039,49242,41797,36,9,PM_PEREZ,SRV-NODE-2
ERP-07878,PROJ-5554,Arequipa,Videoconference,37,37,13690,27934,16638,11296,46,18,PM_RIVAS,SRV-NODE-6
ERP-07879,PROJ-9391,Lima,Videoconference,110,138,57200,117286,63842,53444,50,44,PM_RIVAS,SRV-NODE-1
ERP-07880,PROJ-9075,Trujillo,Business Proc,148,152,39072,79474,53637,25837,7,2,PM_SOTO,SRV-NODE-2
ERP-07881,PROJ-3529,Cusco,Project Mgmt,94,103,41924,69081,44105,24976,37,28,PM_SOTO,SRV-NODE-7
ERP-07882,PROJ-5926,Tacna,Videoconference,23,28,6992,14807,7295,7512,28,38,PM_VEGA,SRV-NODE-4
ERP-07883,PROJ-6009,Tacna,Audiovisual,143,168,63921,118704,81642,37062,41,17,PM_MEZA,SRV-NODE-3
ERP-07884,PROJ-3322,Piura,Videoconference,70,78,15400,29280,17089,12191,40,50,PM_VEGA,SRV-NODE-5
ERP-07885,PROJ-6167,Trujillo,Business Proc,168,176,64848,107807,87409,20398,28,42,PM_PEREZ,SRV-NODE-10
ERP-07886,PROJ-8647,Huancayo,Project Mgmt,114,140,23712,41296,30110,11186,15,12,PM_PEREZ,SRV-NODE-4
ERP-07887,PROJ-4023,Arequipa,Business Proc,68,73,13668,24434,15113,9321,32,40,PM_MEZA,SRV-NODE-7
ERP-07888,PROJ-4269,Tacna,Project Mgmt,36,44,11016,19165,14292,4873,48,19,PM_PEREZ,SRV-NODE-4
ERP-07889,PROJ-9959,Puno,Project Mgmt,170,194,78370,142400,89749,52651,48,51,PM_RIVAS,SRV-NODE-8
ERP-07890,PROJ-8851,Tacna,Audiovisual,20,22,9260,16066,11943,4123,8,11,PM_PEREZ,SRV-NODE-1
ERP-07891,PROJ-2739,Cusco,Videoconference,99,110,41778,86176,44215,41961,21,9,PM_PEREZ,SRV-NODE-3
ERP-07892,PROJ-7317,Cusco,Business Proc,168,193,69216,140410,81403,59007,22,9,PM_VEGA,SRV-NODE-9
ERP-07893,PROJ-6839,Lima,Audiovisual,111,111,50838,102847,57383,45464,43,74,PM_VEGA,SRV-NODE-3
ERP-07894,PROJ-9559,Iquitos,Business Proc,141,187,41736,72783,53842,18941,4,2,PM_RIVAS,SRV-NODE-9
ERP-07895,PROJ-8650,Tacna,Videoconference,59,64,18585,40094,23564,16530,38,43,PM_RIVAS,SRV-NODE-4
ERP-07896,PROJ-4614,Iquitos,Project Mgmt,33,39,8646,15718,10693,5025,31,16,PM_PEREZ,SRV-NODE-1
ERP-07897,PROJ-3649,Piura,Business Proc,52,61,17004,28370,22785,5585,44,16,PM_SOTO,SRV-NODE-7
ERP-07898,PROJ-2585,Huancayo,Business Proc,86,91,49106,87066,58207,28859,37,56,PM_MEZA,SRV-NODE-8
ERP-07899,PROJ-3464,Huancayo,Business Proc,140,150,82600,164977,89152,75825,32,45,PM_MEZA,SRV-NODE-8
ERP-07900,PROJ-8368,Puno,Videoconference,66,83,25344,50678,35250,15428,33,22,PM_PEREZ,SRV-NODE-4
ERP-07901,PROJ-1436,Iquitos,Audiovisual,76,100,18620,35309,20568,14741,27,6,PM_SOTO,SRV-NODE-10
ERP-07902,PROJ-9958,Cusco,Audiovisual,70,76,41370,76877,46990,29887,12,17,PM_VEGA,SRV-NODE-8
ERP-07903,PROJ-2840,Trujillo,Audiovisual,128,142,28032,48388,35430,12958,14,19,PM_MEZA,SRV-NODE-4
ERP-07904,PROJ-8349,Arequipa,Project Mgmt,66,77,39270,66085,45932,20153,14,3,PM_RIVAS,SRV-NODE-4
ERP-07905,PROJ-6476,Huancayo,Videoconference,109,109,55808,112488,72405,40083,9,9,PM_MEZA,SRV-NODE-3
ERP-07906,PROJ-1926,Piura,Audiovisual,73,91,25696,41255,32427,8828,27,40,PM_MEZA,SRV-NODE-2
ERP-07907,PROJ-5845,Lima,Business Proc,135,153,48195,77301,62810,14491,3,2,PM_MEZA,SRV-NODE-4
ERP-07908,PROJ-4128,Piura,Business Proc,101,116,33835,61768,34237,27531,35,49,PM_PEREZ,SRV-NODE-10
ERP-07909,PROJ-7000,Arequipa,Audiovisual,148,151,31080,64498,42737,21761,36,7,PM_SOTO,SRV-NODE-3
ERP-07910,PROJ-9635,Cajamarca,Audiovisual,105,118,35805,70532,41343,29189,9,12,PM_RIVAS,SRV-NODE-9
ERP-07911,PROJ-7447,Puno,Project Mgmt,116,136,66816,109994,73069,36925,48,80,PM_MEZA,SRV-NODE-7
ERP-07912,PROJ-3247,Trujillo,Business Proc,118,150,59708,101557,79033,22524,47,7,PM_VEGA,SRV-NODE-1
ERP-07913,PROJ-2518,Cusco,Videoconference,149,179,56024,121368,70296,51072,14,15,PM_SOTO,SRV-NODE-9
ERP-07914,PROJ-7319,Cusco,Videoconference,111,111,35853,65091,39434,25657,50,78,PM_SOTO,SRV-NODE-3
ERP-07915,PROJ-2185,Puno,Business Proc,20,26,7480,14837,9203,5634,8,10,PM_MEZA,SRV-NODE-7
ERP-07916,PROJ-5894,Arequipa,Videoconference,167,194,55110,91451,65225,26226,40,63,PM_PEREZ,SRV-NODE-7
ERP-07917,PROJ-8419,Puno,Business Proc,64,72,30080,54077,37140,16937,26,21,PM_SOTO,SRV-NODE-8
ERP-07918,PROJ-4305,Trujillo,Project Mgmt,142,188,62054,128526,81052,47474,47,16,PM_VEGA,SRV-NODE-7
ERP-07919,PROJ-2447,Cusco,Audiovisual,102,120,34578,74055,36152,37903,17,23,PM_VEGA,SRV-NODE-3
ERP-07920,PROJ-1270,Lima,Audiovisual,166,208,58100,117341,73779,43562,3,2,PM_PEREZ,SRV-NODE-1
ERP-07921,PROJ-2702,Huancayo,Project Mgmt,22,25,11858,19701,14647,5054,16,21,PM_PEREZ,SRV-NODE-8
ERP-07922,PROJ-7985,Puno,Audiovisual,177,188,100536,209555,105324,104231,29,6,PM_SOTO,SRV-NODE-4
ERP-07923,PROJ-1634,Tacna,Audiovisual,154,191,61446,114481,61548,52933,5,3,PM_PEREZ,SRV-NODE-5
ERP-07924,PROJ-4780,Trujillo,Business Proc,110,112,39380,78907,50787,28120,21,26,PM_MEZA,SRV-NODE-9
ERP-07925,PROJ-8347,Iquitos,Business Proc,67,81,20703,39005,21659,17346,33,46,PM_PEREZ,SRV-NODE-6
ERP-07926,PROJ-8367,Tacna,Videoconference,32,37,13312,29040,13957,15083,23,4,PM_VEGA,SRV-NODE-10
ERP-07927,PROJ-7836,Huancayo,Audiovisual,112,147,50064,103697,60281,43416,32,52,PM_VEGA,SRV-NODE-4
ERP-07928,PROJ-6850,Iquitos,Videoconference,26,26,11466,24242,14981,9261,20,19,PM_SOTO,SRV-NODE-10
ERP-07929,PROJ-1368,Tacna,Videoconference,167,170,83667,161722,90964,70758,39,7,PM_VEGA,SRV-NODE-3
ERP-07930,PROJ-4755,Lima,Videoconference,172,194,84108,167686,105146,62540,40,18,PM_VEGA,SRV-NODE-1
ERP-07931,PROJ-7956,Tacna,Business Proc,61,80,33489,65131,45822,19309,9,10,PM_RIVAS,SRV-NODE-1
ERP-07932,PROJ-8134,Piura,Business Proc,115,131,29210,62978,37574,25404,35,10,PM_SOTO,SRV-NODE-10
ERP-07933,PROJ-2887,Piura,Audiovisual,177,229,90624,171639,101285,70354,17,16,PM_RIVAS,SRV-NODE-7
ERP-07934,PROJ-2120,Iquitos,Videoconference,152,182,33136,67821,39093,28728,17,26,PM_VEGA,SRV-NODE-4
ERP-07935,PROJ-8774,Tacna,Business Proc,125,126,59875,115417,68536,46881,26,21,PM_RIVAS,SRV-NODE-3
ERP-07936,PROJ-4496,Puno,Business Proc,160,171,38400,80886,47355,33531,27,24,PM_SOTO,SRV-NODE-7
ERP-07937,PROJ-9849,Piura,Project Mgmt,39,46,16107,29006,21139,7867,5,5,PM_RIVAS,SRV-NODE-1
ERP-07938,PROJ-9525,Trujillo,Videoconference,49,57,19845,37378,27631,9747,21,3,PM_SOTO,SRV-NODE-9
ERP-07939,PROJ-3171,Puno,Project Mgmt,37,49,21534,42699,23426,19273,46,12,PM_MEZA,SRV-NODE-7
ERP-07940,PROJ-5232,Cusco,Audiovisual,104,122,44512,74974,61026,13948,36,20,PM_RIVAS,SRV-NODE-10
ERP-07941,PROJ-4915,Trujillo,Videoconference,99,111,20394,32778,27379,5399,27,5,PM_MEZA,SRV-NODE-6
ERP-07942,PROJ-4547,Tacna,Videoconference,70,85,37240,73788,42969,30819,19,20,PM_RIVAS,SRV-NODE-7
ERP-07943,PROJ-1547,Piura,Business Proc,146,183,60006,127014,78018,48996,12,11,PM_SOTO,SRV-NODE-3
ERP-07944,PROJ-6733,Trujillo,Videoconference,85,107,32470,59484,37523,21961,37,58,PM_PEREZ,SRV-NODE-10
ERP-07945,PROJ-9279,Arequipa,Videoconference,122,135,28548,51940,33322,18618,9,3,PM_MEZA,SRV-NODE-7
ERP-07946,PROJ-1712,Cusco,Videoconference,92,100,42596,91709,53227,38482,18,31,PM_MEZA,SRV-NODE-5
ERP-07947,PROJ-3413,Huancayo,Videoconference,173,228,39271,81405,52757,28648,16,11,PM_SOTO,SRV-NODE-6
ERP-07948,PROJ-9518,Lima,Audiovisual,154,176,91938,155693,121689,34004,46,71,PM_PEREZ,SRV-NODE-8
ERP-07949,PROJ-3062,Arequipa,Audiovisual,58,70,27956,57546,36037,21509,40,22,PM_VEGA,SRV-NODE-6
ERP-07950,PROJ-9327,Trujillo,Audiovisual,86,86,18060,33608,21948,11660,12,18,PM_SOTO,SRV-NODE-6
ERP-07951,PROJ-4908,Huancayo,Business Proc,79,85,29072,51584,36145,15439,9,10,PM_SOTO,SRV-NODE-2
ERP-07952,PROJ-4833,Trujillo,Audiovisual,64,64,27328,55195,36171,19024,4,1,PM_RIVAS,SRV-NODE-8
ERP-07953,PROJ-9977,Puno,Project Mgmt,29,30,5945,11033,7656,3377,35,34,PM_RIVAS,SRV-NODE-7
ERP-07954,PROJ-1572,Piura,Project Mgmt,146,169,75920,135158,102168,32990,36,41,PM_PEREZ,SRV-NODE-3
ERP-07955,PROJ-7016,Lima,Audiovisual,21,24,8862,17210,8943,8267,48,51,PM_RIVAS,SRV-NODE-2
ERP-07956,PROJ-2421,Piura,Videoconference,92,105,37812,63309,51135,12174,44,17,PM_SOTO,SRV-NODE-6
ERP-07957,PROJ-1768,Huancayo,Videoconference,88,111,19976,38154,22669,15485,44,23,PM_VEGA,SRV-NODE-4
ERP-07958,PROJ-8170,Cusco,Business Proc,25,30,10925,24002,11269,12733,23,23,PM_PEREZ,SRV-NODE-4
ERP-07959,PROJ-7398,Cusco,Project Mgmt,77,99,28028,57765,38621,19144,17,15,PM_MEZA,SRV-NODE-4
ERP-07960,PROJ-1493,Lima,Business Proc,61,79,27694,59568,29772,29796,34,26,PM_SOTO,SRV-NODE-6
ERP-07961,PROJ-5734,Lima,Videoconference,135,180,57645,94851,70935,23916,50,86,PM_SOTO,SRV-NODE-4
ERP-07962,PROJ-2487,Arequipa,Videoconference,125,137,42500,83988,43684,40304,50,22,PM_SOTO,SRV-NODE-2
ERP-07963,PROJ-9672,Arequipa,Audiovisual,137,145,56992,102677,79143,23534,5,4,PM_VEGA,SRV-NODE-8
ERP-07964,PROJ-7102,Huancayo,Project Mgmt,176,178,60720,100606,76129,24477,21,4,PM_MEZA,SRV-NODE-3
ERP-07965,PROJ-8868,Cajamarca,Audiovisual,135,140,61155,104391,78591,25800,15,14,PM_MEZA,SRV-NODE-4
ERP-07966,PROJ-2114,Puno,Project Mgmt,163,188,71231,132899,80162,52737,4,4,PM_RIVAS,SRV-NODE-10
ERP-07967,PROJ-4220,Arequipa,Audiovisual,164,185,41328,89054,45384,43670,38,62,PM_MEZA,SRV-NODE-9
ERP-07968,PROJ-7978,Cusco,Project Mgmt,160,171,66080,136151,71344,64807,15,8,PM_VEGA,SRV-NODE-9
ERP-07969,PROJ-5791,Tacna,Project Mgmt,91,113,39221,63490,45660,17830,7,9,PM_PEREZ,SRV-NODE-9
ERP-07970,PROJ-1542,Lima,Videoconference,147,195,63651,109006,73918,35088,7,9,PM_SOTO,SRV-NODE-9
ERP-07971,PROJ-6288,Arequipa,Business Proc,78,103,33306,61131,35534,25597,4,5,PM_SOTO,SRV-NODE-2
ERP-07972,PROJ-9302,Cajamarca,Project Mgmt,102,131,33660,70873,41540,29333,14,8,PM_MEZA,SRV-NODE-3
ERP-07973,PROJ-3833,Piura,Videoconference,71,91,20945,44410,25856,18554,25,8,PM_VEGA,SRV-NODE-9
ERP-07974,PROJ-5986,Lima,Business Proc,94,118,25474,43131,31468,11663,42,71,PM_VEGA,SRV-NODE-7
ERP-07975,PROJ-3187,Tacna,Project Mgmt,70,77,36540,75879,45254,30625,34,14,PM_MEZA,SRV-NODE-2
ERP-07976,PROJ-7125,Iquitos,Videoconference,149,192,87463,163179,97581,65598,47,59,PM_MEZA,SRV-NODE-5
ERP-07977,PROJ-3304,Tacna,Audiovisual,66,74,23826,48716,26937,21779,32,14,PM_SOTO,SRV-NODE-1
ERP-07978,PROJ-1256,Puno,Videoconference,69,79,32361,71175,44201,26974,7,10,PM_VEGA,SRV-NODE-8
ERP-07979,PROJ-6240,Tacna,Business Proc,71,78,34009,63595,44394,19201,46,9,PM_SOTO,SRV-NODE-10
ERP-07980,PROJ-2015,Piura,Business Proc,154,198,35112,59893,38579,21314,7,11,PM_RIVAS,SRV-NODE-4
ERP-07981,PROJ-2942,Cusco,Audiovisual,162,204,59616,119151,62143,57008,25,36,PM_MEZA,SRV-NODE-3
ERP-07982,PROJ-9069,Piura,Business Proc,147,157,32193,63167,33379,29788,14,16,PM_VEGA,SRV-NODE-10
ERP-07983,PROJ-9594,Iquitos,Project Mgmt,99,131,42966,87892,48559,39333,35,19,PM_RIVAS,SRV-NODE-9
ERP-07984,PROJ-3012,Trujillo,Business Proc,40,47,18360,30825,19491,11334,26,21,PM_SOTO,SRV-NODE-1
ERP-07985,PROJ-8536,Huancayo,Business Proc,95,123,54910,116105,64106,51999,29,26,PM_PEREZ,SRV-NODE-8
ERP-07986,PROJ-7129,Puno,Videoconference,115,152,54165,91806,73351,18455,24,17,PM_SOTO,SRV-NODE-9
ERP-07987,PROJ-8446,Iquitos,Business Proc,171,215,47025,80330,60366,19964,32,44,PM_VEGA,SRV-NODE-9
ERP-07988,PROJ-7865,Cusco,Business Proc,88,101,27808,55644,30305,25339,10,16,PM_VEGA,SRV-NODE-6
ERP-07989,PROJ-4889,Trujillo,Project Mgmt,26,28,5200,9378,5990,3388,14,21,PM_RIVAS,SRV-NODE-6
ERP-07990,PROJ-3807,Cusco,Project Mgmt,121,121,43923,79605,54500,25105,19,4,PM_RIVAS,SRV-NODE-5
ERP-07991,PROJ-8261,Puno,Business Proc,178,193,103418,225611,114283,111328,44,25,PM_PEREZ,SRV-NODE-9
ERP-07992,PROJ-8372,Piura,Videoconference,166,219,72542,133304,99078,34226,40,43,PM_RIVAS,SRV-NODE-1
ERP-07993,PROJ-4703,Arequipa,Videoconference,131,149,47291,77670,60397,17273,26,15,PM_MEZA,SRV-NODE-2
ERP-07994,PROJ-6529,Trujillo,Project Mgmt,163,205,75958,141785,100369,41416,11,13,PM_PEREZ,SRV-NODE-1
ERP-07995,PROJ-3104,Lima,Project Mgmt,44,44,11924,22071,14073,7998,34,14,PM_RIVAS,SRV-NODE-2
ERP-07996,PROJ-4978,Lima,Project Mgmt,53,54,31535,63346,39893,23453,32,55,PM_SOTO,SRV-NODE-7
ERP-07997,PROJ-4212,Cusco,Business Proc,180,199,74880,132364,94087,38277,17,18,PM_PEREZ,SRV-NODE-6
ERP-07998,PROJ-8090,Iquitos,Business Proc,93,102,46965,78376,59999,18377,32,30,PM_PEREZ,SRV-NODE-9
ERP-07999,PROJ-1627,Huancayo,Business Proc,67,78,26130,55085,31148,23937,16,12,PM_RIVAS,SRV-NODE-1
ERP-08000,PROJ-4726,Piura,Audiovisual,125,154,64250,105013,79717,25296,3,2,PM_PEREZ,SRV-NODE-5
ERP-08001,PROJ-5547,Tacna,Business Proc,101,111,20604,34228,23624,10604,13,20,PM_RIVAS,SRV-NODE-8
ERP-08002,PROJ-4640,Lima,Videoconference,162,174,93312,180767,127391,53376,11,18,PM_RIVAS,SRV-NODE-3
ERP-08003,PROJ-6877,Iquitos,Project Mgmt,82,101,42886,79309,58731,20578,32,20,PM_RIVAS,SRV-NODE-2
ERP-08004,PROJ-6542,Arequipa,Business Proc,145,186,47995,78972,64888,14084,8,5,PM_PEREZ,SRV-NODE-8
ERP-08005,PROJ-3858,Iquitos,Business Proc,165,219,83490,149738,110514,39224,42,74,PM_SOTO,SRV-NODE-10
ERP-08006,PROJ-2313,Cusco,Business Proc,163,201,41891,85705,56454,29251,12,16,PM_SOTO,SRV-NODE-9
ERP-08007,PROJ-2897,Lima,Videoconference,115,117,42550,90279,47284,42995,46,65,PM_VEGA,SRV-NODE-10
ERP-08008,PROJ-1892,Puno,Project Mgmt,70,91,35000,62324,47972,14352,38,28,PM_SOTO,SRV-NODE-5
ERP-08009,PROJ-6855,Trujillo,Videoconference,74,87,17982,35257,24846,10411,22,20,PM_PEREZ,SRV-NODE-2
ERP-08010,PROJ-9981,Arequipa,Business Proc,176,189,83952,150666,108590,42076,19,2,PM_RIVAS,SRV-NODE-2
ERP-08011,PROJ-8440,Trujillo,Audiovisual,24,28,6000,10829,8289,2540,45,76,PM_VEGA,SRV-NODE-2
ERP-08012,PROJ-6811,Cusco,Audiovisual,164,176,88560,157942,106500,51442,4,3,PM_MEZA,SRV-NODE-4
ERP-08013,PROJ-8163,Puno,Videoconference,105,131,50925,89135,66765,22370,39,32,PM_PEREZ,SRV-NODE-2
ERP-08014,PROJ-8283,Arequipa,Business Proc,57,70,15105,27019,17543,9476,31,52,PM_MEZA,SRV-NODE-5
ERP-08015,PROJ-4711,Iquitos,Videoconference,61,73,25681,48673,32476,16197,28,43,PM_VEGA,SRV-NODE-2
ERP-08016,PROJ-5668,Piura,Business Proc,54,70,28404,49710,32947,16763,15,24,PM_SOTO,SRV-NODE-6
ERP-08017,PROJ-7090,Puno,Audiovisual,29,31,10527,19430,13407,6023,24,22,PM_RIVAS,SRV-NODE-8
ERP-08018,PROJ-7275,Arequipa,Project Mgmt,139,155,60465,131666,71604,60062,4,1,PM_PEREZ,SRV-NODE-2
ERP-08019,PROJ-7570,Cusco,Business Proc,164,184,62812,116399,79332,37067,14,18,PM_RIVAS,SRV-NODE-7
ERP-08020,PROJ-5583,Arequipa,Project Mgmt,104,125,29224,53764,35890,17874,48,73,PM_PEREZ,SRV-NODE-9
ERP-08021,PROJ-6242,Cusco,Videoconference,87,89,43500,95307,51897,43410,13,2,PM_PEREZ,SRV-NODE-3
ERP-08022,PROJ-7722,Arequipa,Business Proc,62,75,30008,60317,33537,26780,36,40,PM_RIVAS,SRV-NODE-7
ERP-08023,PROJ-6180,Tacna,Audiovisual,23,28,5520,10178,6155,4023,41,12,PM_PEREZ,SRV-NODE-4
ERP-08024,PROJ-6413,Cajamarca,Videoconference,28,29,9212,15418,9742,5676,16,3,PM_PEREZ,SRV-NODE-8
ERP-08025,PROJ-3668,Puno,Videoconference,31,38,10943,22504,14184,8320,47,36,PM_SOTO,SRV-NODE-6
ERP-08026,PROJ-3174,Tacna,Project Mgmt,91,97,25389,47254,28203,19051,12,12,PM_MEZA,SRV-NODE-3
ERP-08027,PROJ-5216,Puno,Audiovisual,117,151,68796,150548,86460,64088,41,31,PM_VEGA,SRV-NODE-8
ERP-08028,PROJ-2633,Arequipa,Project Mgmt,146,181,38982,82449,53955,28494,39,52,PM_SOTO,SRV-NODE-3
ERP-08029,PROJ-6673,Iquitos,Videoconference,41,47,16933,35358,22129,13229,48,7,PM_SOTO,SRV-NODE-6
ERP-08030,PROJ-4663,Trujillo,Business Proc,43,43,25370,43058,35057,8001,42,60,PM_VEGA,SRV-NODE-2
ERP-08031,PROJ-1856,Cusco,Videoconference,130,142,48880,103956,65994,37962,9,13,PM_RIVAS,SRV-NODE-9
ERP-08032,PROJ-3827,Cusco,Business Proc,98,115,50764,88493,56943,31550,34,47,PM_MEZA,SRV-NODE-6
ERP-08033,PROJ-8771,Trujillo,Project Mgmt,96,106,48192,97838,56910,40928,20,2,PM_RIVAS,SRV-NODE-10
ERP-08034,PROJ-5652,Puno,Audiovisual,43,46,24467,50375,30806,19569,39,10,PM_PEREZ,SRV-NODE-10
ERP-08035,PROJ-8746,Lima,Audiovisual,152,178,35720,64871,37979,26892,19,31,PM_MEZA,SRV-NODE-9
ERP-08036,PROJ-5313,Arequipa,Videoconference,32,33,11136,22069,15060,7009,21,8,PM_VEGA,SRV-NODE-3
ERP-08037,PROJ-5391,Piura,Business Proc,172,174,89612,160955,92276,68679,16,25,PM_RIVAS,SRV-NODE-7
ERP-08038,PROJ-2166,Puno,Audiovisual,169,176,92612,173939,105757,68182,48,44,PM_VEGA,SRV-NODE-8
ERP-08039,PROJ-9321,Lima,Project Mgmt,167,170,84168,175822,107530,68292,16,25,PM_PEREZ,SRV-NODE-4
ERP-08040,PROJ-6173,Lima,Videoconference,68,80,36992,63691,43691,20000,36,51,PM_MEZA,SRV-NODE-2
ERP-08041,PROJ-5230,Iquitos,Audiovisual,26,26,7306,16056,9691,6365,15,16,PM_PEREZ,SRV-NODE-3
ERP-08042,PROJ-8225,Huancayo,Project Mgmt,35,43,15785,25496,20490,5006,18,7,PM_PEREZ,SRV-NODE-5
ERP-08043,PROJ-9142,Lima,Audiovisual,119,139,61047,112485,83923,28562,50,8,PM_VEGA,SRV-NODE-4
ERP-08044,PROJ-8659,Tacna,Business Proc,30,30,10410,17156,12392,4764,47,9,PM_PEREZ,SRV-NODE-8
ERP-08045,PROJ-1617,Cusco,Project Mgmt,143,164,85085,173231,97805,75426,38,34,PM_RIVAS,SRV-NODE-5
ERP-08046,PROJ-6951,Trujillo,Business Proc,116,137,24012,46193,29850,16343,50,44,PM_PEREZ,SRV-NODE-1
ERP-08047,PROJ-8184,Piura,Audiovisual,139,141,57963,93248,73902,19346,18,19,PM_RIVAS,SRV-NODE-4
ERP-08048,PROJ-6475,Tacna,Audiovisual,60,63,23700,44776,25482,19294,6,3,PM_MEZA,SRV-NODE-4
ERP-08049,PROJ-3175,Piura,Videoconference,69,90,39468,76400,46847,29553,3,4,PM_SOTO,SRV-NODE-6
ERP-08050,PROJ-3546,Piura,Business Proc,90,99,25290,51690,34731,16959,43,43,PM_RIVAS,SRV-NODE-7
ERP-08051,PROJ-2180,Puno,Project Mgmt,119,146,41055,79720,55114,24606,35,12,PM_MEZA,SRV-NODE-4
ERP-08052,PROJ-9096,Iquitos,Audiovisual,104,120,54912,108177,72659,35518,9,2,PM_SOTO,SRV-NODE-8
ERP-08053,PROJ-6928,Cusco,Videoconference,51,55,10812,22612,12240,10372,46,65,PM_PEREZ,SRV-NODE-8
ERP-08054,PROJ-3945,Arequipa,Business Proc,85,113,18615,40644,24207,16437,40,32,PM_VEGA,SRV-NODE-1
ERP-08055,PROJ-5971,Piura,Business Proc,149,152,31439,68499,42439,26060,37,52,PM_SOTO,SRV-NODE-9
ERP-08056,PROJ-3329,Piura,Videoconference,146,184,32120,68942,32757,36185,17,30,PM_SOTO,SRV-NODE-3
ERP-08057,PROJ-3704,Cusco,Videoconference,83,89,43741,91314,49260,42054,18,17,PM_SOTO,SRV-NODE-9
ERP-08058,PROJ-1745,Piura,Videoconference,142,159,40612,70266,53205,17061,26,40,PM_MEZA,SRV-NODE-2
ERP-08059,PROJ-3938,Puno,Videoconference,165,190,80190,133425,111515,21910,44,59,PM_RIVAS,SRV-NODE-7
ERP-08060,PROJ-2971,Trujillo,Project Mgmt,31,41,11966,21387,13327,8060,33,33,PM_SOTO,SRV-NODE-7
ERP-08061,PROJ-7107,Lima,Videoconference,130,170,30290,50365,38509,11856,32,9,PM_SOTO,SRV-NODE-1
ERP-08062,PROJ-7362,Iquitos,Project Mgmt,77,79,34111,67173,42741,24432,18,3,PM_PEREZ,SRV-NODE-5
ERP-08063,PROJ-3299,Lima,Videoconference,29,32,6670,13892,7246,6646,31,39,PM_VEGA,SRV-NODE-4
ERP-08064,PROJ-1250,Piura,Audiovisual,62,66,19034,39174,19135,20039,9,3,PM_RIVAS,SRV-NODE-1
ERP-08065,PROJ-6387,Tacna,Audiovisual,62,79,35836,61052,40993,20059,30,15,PM_VEGA,SRV-NODE-1
ERP-08066,PROJ-5117,Arequipa,Project Mgmt,72,95,22752,43931,23783,20148,22,34,PM_VEGA,SRV-NODE-10
ERP-08067,PROJ-9131,Huancayo,Project Mgmt,103,123,32960,61759,42588,19171,25,3,PM_SOTO,SRV-NODE-4
ERP-08068,PROJ-4398,Piura,Business Proc,47,61,13207,26048,15792,10256,45,60,PM_RIVAS,SRV-NODE-8
ERP-08069,PROJ-2355,Cusco,Videoconference,77,78,28028,50663,38316,12347,37,9,PM_PEREZ,SRV-NODE-2
ERP-08070,PROJ-9263,Lima,Project Mgmt,23,30,5198,10640,6556,4084,28,14,PM_RIVAS,SRV-NODE-5
ERP-08071,PROJ-8018,Iquitos,Audiovisual,35,47,17465,36978,20755,16223,30,32,PM_PEREZ,SRV-NODE-5
ERP-08072,PROJ-3694,Lima,Audiovisual,70,75,14840,27233,18103,9130,24,29,PM_MEZA,SRV-NODE-2
ERP-08073,PROJ-4290,Huancayo,Videoconference,146,167,62926,113201,82993,30208,7,3,PM_VEGA,SRV-NODE-6
ERP-08074,PROJ-3914,Piura,Business Proc,84,85,32592,58615,32980,25635,26,41,PM_RIVAS,SRV-NODE-3
ERP-08075,PROJ-6287,Trujillo,Project Mgmt,45,47,9405,19508,9432,10076,16,8,PM_PEREZ,SRV-NODE-9
ERP-08076,PROJ-3031,Lima,Project Mgmt,114,140,61218,110524,66870,43654,17,4,PM_PEREZ,SRV-NODE-7
ERP-08077,PROJ-5225,Iquitos,Audiovisual,51,66,30396,55279,33003,22276,30,36,PM_SOTO,SRV-NODE-2
ERP-08078,PROJ-3203,Cusco,Business Proc,124,165,32860,60186,33094,27092,40,50,PM_PEREZ,SRV-NODE-1
ERP-08079,PROJ-6632,Huancayo,Audiovisual,78,82,21684,36982,23950,13032,21,19,PM_MEZA,SRV-NODE-9
ERP-08080,PROJ-7467,Lima,Audiovisual,103,132,39449,67852,47295,20557,29,7,PM_RIVAS,SRV-NODE-7
ERP-08081,PROJ-3678,Cusco,Project Mgmt,62,78,29388,59869,35942,23927,20,29,PM_RIVAS,SRV-NODE-2
ERP-08082,PROJ-1309,Arequipa,Audiovisual,125,157,65875,117918,65956,51962,26,16,PM_VEGA,SRV-NODE-5
ERP-08083,PROJ-6622,Arequipa,Business Proc,84,94,37044,65519,37709,27810,38,27,PM_RIVAS,SRV-NODE-4
ERP-08084,PROJ-8522,Arequipa,Business Proc,38,47,12730,22295,13770,8525,29,4,PM_MEZA,SRV-NODE-8
ERP-08085,PROJ-1423,Arequipa,Videoconference,39,40,14820,31624,20518,11106,17,18,PM_VEGA,SRV-NODE-10
ERP-08086,PROJ-2372,Tacna,Audiovisual,166,173,43326,71384,57226,14158,9,5,PM_VEGA,SRV-NODE-3
ERP-08087,PROJ-9004,Puno,Business Proc,175,227,98350,190849,99298,91551,11,18,PM_SOTO,SRV-NODE-8
ERP-08088,PROJ-5971,Cajamarca,Project Mgmt,102,122,30804,62234,39370,22864,40,51,PM_SOTO,SRV-NODE-5
ERP-08089,PROJ-6653,Iquitos,Videoconference,90,103,26730,47048,33345,13703,8,12,PM_MEZA,SRV-NODE-1
ERP-08090,PROJ-2499,Arequipa,Videoconference,81,96,44469,94183,50512,43671,25,34,PM_RIVAS,SRV-NODE-7
ERP-08091,PROJ-4441,Piura,Project Mgmt,108,122,55728,92055,59359,32696,8,10,PM_VEGA,SRV-NODE-8
ERP-08092,PROJ-6989,Lima,Project Mgmt,63,78,34146,59661,44943,14718,9,8,PM_RIVAS,SRV-NODE-4
ERP-08093,PROJ-5349,Puno,Audiovisual,114,152,57684,124683,59511,65172,45,27,PM_VEGA,SRV-NODE-10
ERP-08094,PROJ-5937,Cusco,Videoconference,78,82,17394,28542,22894,5648,26,5,PM_PEREZ,SRV-NODE-10
ERP-08095,PROJ-4623,Huancayo,Videoconference,104,126,52728,97477,60244,37233,8,1,PM_SOTO,SRV-NODE-9
ERP-08096,PROJ-5023,Iquitos,Project Mgmt,136,180,39440,69005,42709,26296,15,9,PM_SOTO,SRV-NODE-1
ERP-08097,PROJ-8375,Tacna,Project Mgmt,129,157,71079,128415,76110,52305,31,14,PM_VEGA,SRV-NODE-6
ERP-08098,PROJ-6964,Puno,Business Proc,111,137,32190,66205,38887,27318,5,6,PM_PEREZ,SRV-NODE-9
ERP-08099,PROJ-2468,Piura,Videoconference,125,153,60000,106937,65786,41151,11,7,PM_SOTO,SRV-NODE-8
ERP-08100,PROJ-1434,Trujillo,Videoconference,31,33,13702,25355,17808,7547,27,33,PM_PEREZ,SRV-NODE-4
ERP-08101,PROJ-6482,Tacna,Business Proc,69,80,15663,32613,17088,15525,14,1,PM_SOTO,SRV-NODE-8
ERP-08102,PROJ-1875,Tacna,Audiovisual,42,50,15750,25472,19399,6073,24,9,PM_PEREZ,SRV-NODE-8
ERP-08103,PROJ-3840,Trujillo,Videoconference,131,153,45326,86098,52672,33426,36,20,PM_PEREZ,SRV-NODE-8
ERP-08104,PROJ-9727,Trujillo,Project Mgmt,166,179,98770,182682,128824,53858,38,51,PM_RIVAS,SRV-NODE-2
ERP-08105,PROJ-9556,Huancayo,Project Mgmt,74,96,37370,74086,43594,30492,27,46,PM_RIVAS,SRV-NODE-6
ERP-08106,PROJ-7539,Huancayo,Audiovisual,135,175,46575,91258,56684,34574,49,71,PM_SOTO,SRV-NODE-10
ERP-08107,PROJ-9857,Iquitos,Audiovisual,102,107,31110,63751,38308,25443,46,69,PM_VEGA,SRV-NODE-10
ERP-08108,PROJ-1007,Cajamarca,Project Mgmt,113,144,52997,96228,61781,34447,44,21,PM_RIVAS,SRV-NODE-10
ERP-08109,PROJ-8506,Arequipa,Business Proc,117,154,41886,77503,56107,21396,42,64,PM_MEZA,SRV-NODE-2
ERP-08110,PROJ-4034,Trujillo,Project Mgmt,42,46,11256,21116,11943,9173,38,42,PM_PEREZ,SRV-NODE-4
ERP-08111,PROJ-7632,Huancayo,Videoconference,168,187,44688,79729,54088,25641,25,8,PM_MEZA,SRV-NODE-5
ERP-08112,PROJ-2695,Iquitos,Business Proc,44,46,16852,31048,23449,7599,29,34,PM_VEGA,SRV-NODE-1
ERP-08113,PROJ-7191,Puno,Videoconference,122,145,28060,47690,28274,19416,14,13,PM_SOTO,SRV-NODE-4
ERP-08114,PROJ-7706,Tacna,Business Proc,83,103,46480,81834,60655,21179,6,9,PM_MEZA,SRV-NODE-8
ERP-08115,PROJ-2959,Lima,Videoconference,124,134,47740,97015,48169,48846,8,10,PM_RIVAS,SRV-NODE-9
ERP-08116,PROJ-2002,Trujillo,Project Mgmt,95,112,20045,39971,21516,18455,3,2,PM_VEGA,SRV-NODE-6
ERP-08117,PROJ-9012,Lima,Videoconference,98,126,51842,102521,68839,33682,44,48,PM_MEZA,SRV-NODE-8
ERP-08118,PROJ-1532,Puno,Videoconference,85,110,30430,53816,30465,23351,39,38,PM_RIVAS,SRV-NODE-5
ERP-08119,PROJ-8565,Arequipa,Audiovisual,41,52,18655,31703,23787,7916,34,47,PM_SOTO,SRV-NODE-9
ERP-08120,PROJ-6692,Cusco,Business Proc,25,30,12425,25509,16509,9000,40,37,PM_VEGA,SRV-NODE-9
ERP-08121,PROJ-9179,Huancayo,Videoconference,77,77,34265,59859,43292,16567,5,1,PM_MEZA,SRV-NODE-9
ERP-08122,PROJ-8826,Cusco,Business Proc,73,79,32485,69900,39704,30196,45,34,PM_VEGA,SRV-NODE-8
ERP-08123,PROJ-9254,Lima,Business Proc,163,200,91932,147201,125569,21632,45,72,PM_SOTO,SRV-NODE-10
ERP-08124,PROJ-9464,Cajamarca,Videoconference,121,133,37510,74200,48127,26073,46,29,PM_SOTO,SRV-NODE-1
ERP-08125,PROJ-8094,Lima,Project Mgmt,64,72,23616,47997,23848,24149,34,39,PM_SOTO,SRV-NODE-5
ERP-08126,PROJ-8860,Cusco,Videoconference,114,141,26106,43032,34611,8421,39,18,PM_PEREZ,SRV-NODE-8
ERP-08127,PROJ-3760,Cajamarca,Videoconference,118,153,40946,80949,53006,27943,39,45,PM_PEREZ,SRV-NODE-10
ERP-08128,PROJ-8058,Cajamarca,Business Proc,148,192,36408,71908,49127,22781,6,9,PM_RIVAS,SRV-NODE-6
ERP-08129,PROJ-4366,Arequipa,Project Mgmt,113,137,36838,60309,37601,22708,13,19,PM_VEGA,SRV-NODE-4
ERP-08130,PROJ-9957,Piura,Project Mgmt,126,163,30240,49396,31808,17588,47,50,PM_PEREZ,SRV-NODE-9
ERP-08131,PROJ-2756,Lima,Videoconference,162,202,67230,135139,92634,42505,36,62,PM_RIVAS,SRV-NODE-1
ERP-08132,PROJ-3670,Iquitos,Project Mgmt,158,180,32074,53807,39009,14798,41,60,PM_VEGA,SRV-NODE-4
ERP-08133,PROJ-7225,Cusco,Project Mgmt,148,193,33892,64825,46806,18019,9,5,PM_SOTO,SRV-NODE-1
ERP-08134,PROJ-1244,Lima,Audiovisual,51,64,12138,19487,14087,5400,28,34,PM_VEGA,SRV-NODE-1
ERP-08135,PROJ-5091,Lima,Audiovisual,77,100,41195,84303,55517,28786,9,14,PM_SOTO,SRV-NODE-10
ERP-08136,PROJ-2072,Tacna,Videoconference,74,80,19314,32930,23919,9011,17,26,PM_PEREZ,SRV-NODE-5
ERP-08137,PROJ-2341,Cusco,Videoconference,82,94,31324,68335,42610,25725,18,20,PM_MEZA,SRV-NODE-10
ERP-08138,PROJ-4551,Tacna,Business Proc,82,91,39688,79362,51735,27627,15,7,PM_RIVAS,SRV-NODE-6
ERP-08139,PROJ-9783,Huancayo,Audiovisual,144,174,83520,149360,97302,52058,22,35,PM_RIVAS,SRV-NODE-1
ERP-08140,PROJ-4044,Piura,Audiovisual,60,78,22080,39596,28225,11371,17,21,PM_RIVAS,SRV-NODE-4
ERP-08141,PROJ-5702,Cusco,Audiovisual,117,118,70200,114606,98036,16570,8,10,PM_RIVAS,SRV-NODE-4
ERP-08142,PROJ-7898,Puno,Business Proc,22,25,11044,23263,13627,9636,29,33,PM_RIVAS,SRV-NODE-1
ERP-08143,PROJ-4050,Puno,Project Mgmt,163,168,78892,158259,91650,66609,39,13,PM_MEZA,SRV-NODE-6
ERP-08144,PROJ-7949,Tacna,Business Proc,39,41,11505,21826,11657,10169,3,3,PM_PEREZ,SRV-NODE-9
ERP-08145,PROJ-4544,Cajamarca,Videoconference,103,107,40067,79029,52036,26993,4,7,PM_MEZA,SRV-NODE-8
ERP-08146,PROJ-6575,Huancayo,Audiovisual,25,25,13550,26691,15988,10703,35,46,PM_PEREZ,SRV-NODE-10
ERP-08147,PROJ-6222,Cusco,Project Mgmt,166,223,75364,151967,83787,68180,43,13,PM_PEREZ,SRV-NODE-1
ERP-08148,PROJ-6281,Arequipa,Business Proc,131,135,60915,131229,65412,65817,38,12,PM_PEREZ,SRV-NODE-8
ERP-08149,PROJ-7704,Huancayo,Videoconference,43,44,23650,48291,28751,19540,26,37,PM_RIVAS,SRV-NODE-8
ERP-08150,PROJ-5265,Arequipa,Project Mgmt,109,134,60604,108417,84474,23943,17,24,PM_MEZA,SRV-NODE-4
ERP-08151,PROJ-6447,Cajamarca,Project Mgmt,65,70,34385,74376,44769,29607,22,35,PM_MEZA,SRV-NODE-7
ERP-08152,PROJ-9301,Puno,Videoconference,98,101,55272,97872,76268,21604,5,7,PM_MEZA,SRV-NODE-10
ERP-08153,PROJ-7715,Arequipa,Business Proc,151,163,84862,147735,99876,47859,43,16,PM_SOTO,SRV-NODE-6
ERP-08154,PROJ-9712,Cajamarca,Videoconference,95,97,30305,66323,32219,34104,21,32,PM_PEREZ,SRV-NODE-8
ERP-08155,PROJ-5447,Cusco,Project Mgmt,180,235,87480,167449,112352,55097,21,15,PM_SOTO,SRV-NODE-9
ERP-08156,PROJ-7962,Iquitos,Project Mgmt,121,150,54692,119116,69587,49529,16,26,PM_SOTO,SRV-NODE-4
ERP-08157,PROJ-5327,Puno,Business Proc,165,220,76725,143151,87457,55694,49,62,PM_MEZA,SRV-NODE-3
ERP-08158,PROJ-8753,Arequipa,Project Mgmt,113,117,47121,90215,61302,28913,5,2,PM_MEZA,SRV-NODE-8
ERP-08159,PROJ-9896,Tacna,Project Mgmt,85,106,35700,71940,40501,31439,44,40,PM_SOTO,SRV-NODE-7
ERP-08160,PROJ-9795,Huancayo,Business Proc,49,64,14308,25065,15259,9806,49,58,PM_MEZA,SRV-NODE-10
ERP-08161,PROJ-6605,Lima,Videoconference,139,181,81593,168259,87396,80863,22,30,PM_RIVAS,SRV-NODE-3
ERP-08162,PROJ-8330,Huancayo,Project Mgmt,139,154,29468,54026,31391,22635,25,23,PM_RIVAS,SRV-NODE-2
ERP-08163,PROJ-4116,Iquitos,Business Proc,84,103,44856,96074,61278,34796,35,26,PM_SOTO,SRV-NODE-3
ERP-08164,PROJ-7440,Lima,Business Proc,130,169,34840,64225,35263,28962,43,25,PM_MEZA,SRV-NODE-8
ERP-08165,PROJ-2347,Puno,Audiovisual,133,138,71687,137013,94524,42489,44,46,PM_SOTO,SRV-NODE-1
ERP-08166,PROJ-1378,Piura,Videoconference,89,89,19313,35155,21864,13291,24,33,PM_RIVAS,SRV-NODE-5
ERP-08167,PROJ-4331,Tacna,Audiovisual,174,185,36714,73992,43707,30285,31,55,PM_PEREZ,SRV-NODE-10
ERP-08168,PROJ-7488,Arequipa,Audiovisual,95,119,41420,70612,45836,24776,47,70,PM_SOTO,SRV-NODE-6
ERP-08169,PROJ-5590,Piura,Business Proc,104,104,25168,42222,33244,8978,24,3,PM_SOTO,SRV-NODE-10
ERP-08170,PROJ-6111,Huancayo,Videoconference,102,131,30906,50715,37491,13224,43,70,PM_SOTO,SRV-NODE-1
ERP-08171,PROJ-9856,Lima,Business Proc,180,215,90180,153671,95292,58379,40,60,PM_MEZA,SRV-NODE-7
ERP-08172,PROJ-3855,Puno,Audiovisual,105,119,55335,110453,69961,40492,46,63,PM_VEGA,SRV-NODE-4
ERP-08173,PROJ-3251,Cusco,Project Mgmt,110,120,48180,100155,56676,43479,7,8,PM_VEGA,SRV-NODE-8
ERP-08174,PROJ-7834,Puno,Audiovisual,98,103,19796,40606,26762,13844,38,40,PM_VEGA,SRV-NODE-2
ERP-08175,PROJ-9503,Huancayo,Business Proc,167,206,95524,183526,98284,85242,23,29,PM_PEREZ,SRV-NODE-6
ERP-08176,PROJ-5963,Iquitos,Project Mgmt,37,49,8917,17715,9950,7765,3,2,PM_PEREZ,SRV-NODE-1
ERP-08177,PROJ-3048,Iquitos,Business Proc,45,52,14220,25126,19808,5318,25,12,PM_SOTO,SRV-NODE-7
ERP-08178,PROJ-7046,Huancayo,Business Proc,136,138,72080,135229,95465,39764,3,5,PM_VEGA,SRV-NODE-5
ERP-08179,PROJ-3272,Piura,Project Mgmt,36,38,10872,21382,13538,7844,23,28,PM_VEGA,SRV-NODE-3
ERP-08180,PROJ-4592,Lima,Audiovisual,112,141,28224,49065,33384,15681,24,23,PM_RIVAS,SRV-NODE-9
ERP-08181,PROJ-4571,Huancayo,Project Mgmt,131,172,60260,114580,65149,49431,27,21,PM_PEREZ,SRV-NODE-4
ERP-08182,PROJ-1104,Cajamarca,Project Mgmt,83,100,25979,50060,35775,14285,50,49,PM_SOTO,SRV-NODE-1
ERP-08183,PROJ-8074,Piura,Videoconference,159,191,73299,149475,88329,61146,20,25,PM_PEREZ,SRV-NODE-1
ERP-08184,PROJ-8221,Lima,Audiovisual,100,122,40700,82082,56038,26044,29,27,PM_MEZA,SRV-NODE-1
ERP-08185,PROJ-2293,Puno,Project Mgmt,109,126,46543,77011,46845,30166,10,17,PM_RIVAS,SRV-NODE-3
ERP-08186,PROJ-6411,Iquitos,Videoconference,113,131,53223,93252,56298,36954,27,36,PM_VEGA,SRV-NODE-6
ERP-08187,PROJ-4689,Arequipa,Audiovisual,23,26,13432,27498,18124,9374,5,6,PM_VEGA,SRV-NODE-1
ERP-08188,PROJ-3475,Cusco,Videoconference,125,167,42000,87661,56767,30894,29,39,PM_VEGA,SRV-NODE-3
ERP-08189,PROJ-4553,Lima,Videoconference,101,133,37572,61440,44371,17069,8,6,PM_MEZA,SRV-NODE-4
ERP-08190,PROJ-5717,Arequipa,Videoconference,158,200,72680,138421,78444,59977,40,47,PM_MEZA,SRV-NODE-5
ERP-08191,PROJ-3393,Arequipa,Audiovisual,53,68,18338,29958,25511,4447,44,61,PM_RIVAS,SRV-NODE-3
ERP-08192,PROJ-3522,Lima,Videoconference,108,134,23436,49845,28918,20927,34,49,PM_VEGA,SRV-NODE-5
ERP-08193,PROJ-2051,Cajamarca,Audiovisual,102,125,56916,114149,75371,38778,20,8,PM_MEZA,SRV-NODE-1
ERP-08194,PROJ-4221,Puno,Videoconference,180,242,102600,211590,137374,74216,46,30,PM_RIVAS,SRV-NODE-7
ERP-08195,PROJ-4685,Iquitos,Audiovisual,103,115,48719,83309,53164,30145,45,44,PM_MEZA,SRV-NODE-6
ERP-08196,PROJ-2746,Tacna,Videoconference,23,31,10327,18283,12529,5754,42,31,PM_RIVAS,SRV-NODE-3
ERP-08197,PROJ-7367,Huancayo,Business Proc,34,34,10064,22104,11572,10532,18,5,PM_RIVAS,SRV-NODE-7
ERP-08198,PROJ-6637,Huancayo,Videoconference,82,85,48626,99300,49893,49407,21,10,PM_MEZA,SRV-NODE-10
ERP-08199,PROJ-6566,Piura,Project Mgmt,131,145,30785,64823,36670,28153,19,20,PM_RIVAS,SRV-NODE-10
ERP-08200,PROJ-2179,Piura,Videoconference,152,176,79192,156581,86389,70192,44,59,PM_VEGA,SRV-NODE-9
ERP-08201,PROJ-7720,Cajamarca,Videoconference,89,101,36223,65922,37051,28871,11,10,PM_VEGA,SRV-NODE-9
ERP-08202,PROJ-7385,Tacna,Videoconference,109,109,38913,67091,44454,22637,19,31,PM_MEZA,SRV-NODE-7
ERP-08203,PROJ-6919,Cusco,Videoconference,143,182,28743,54568,35671,18897,44,55,PM_SOTO,SRV-NODE-1
ERP-08204,PROJ-2818,Tacna,Business Proc,38,43,12996,22463,13095,9368,32,3,PM_MEZA,SRV-NODE-5
ERP-08205,PROJ-6488,Tacna,Audiovisual,22,25,8294,15944,9050,6894,13,20,PM_MEZA,SRV-NODE-10
ERP-08206,PROJ-1615,Puno,Videoconference,177,177,104961,189708,108941,80767,5,7,PM_PEREZ,SRV-NODE-2
ERP-08207,PROJ-1394,Trujillo,Videoconference,88,113,28864,51644,30842,20802,39,42,PM_SOTO,SRV-NODE-6
ERP-08208,PROJ-4166,Cusco,Audiovisual,46,52,21850,39196,25552,13644,13,4,PM_RIVAS,SRV-NODE-1
ERP-08209,PROJ-1293,Iquitos,Videoconference,161,164,61502,116107,79090,37017,15,10,PM_PEREZ,SRV-NODE-8
ERP-08210,PROJ-5461,Puno,Videoconference,98,104,33712,73052,44912,28140,23,6,PM_VEGA,SRV-NODE-3
ERP-08211,PROJ-3436,Lima,Business Proc,92,116,36156,76614,49624,26990,33,39,PM_SOTO,SRV-NODE-2
ERP-08212,PROJ-6361,Huancayo,Business Proc,74,90,35076,57858,37666,20192,11,16,PM_PEREZ,SRV-NODE-4
ERP-08213,PROJ-4429,Puno,Videoconference,102,109,38658,63297,42254,21043,22,11,PM_VEGA,SRV-NODE-3
ERP-08214,PROJ-1876,Cusco,Project Mgmt,141,167,43992,96384,45240,51144,34,11,PM_VEGA,SRV-NODE-7
ERP-08215,PROJ-6596,Puno,Audiovisual,157,187,39721,66314,43208,23106,28,37,PM_RIVAS,SRV-NODE-5
ERP-08216,PROJ-9803,Cajamarca,Business Proc,23,29,7383,15786,9985,5801,32,28,PM_RIVAS,SRV-NODE-6
ERP-08217,PROJ-4917,Cusco,Videoconference,69,83,27738,57591,33788,23803,29,6,PM_MEZA,SRV-NODE-6
ERP-08218,PROJ-8595,Tacna,Audiovisual,27,27,9018,19732,12514,7218,7,1,PM_RIVAS,SRV-NODE-4
ERP-08219,PROJ-6225,Puno,Videoconference,81,94,31185,61231,40965,20266,45,75,PM_PEREZ,SRV-NODE-3
ERP-08220,PROJ-2763,Iquitos,Project Mgmt,55,71,11385,20943,13925,7018,29,30,PM_MEZA,SRV-NODE-6
ERP-08221,PROJ-5024,Trujillo,Business Proc,165,173,85305,162298,105191,57107,44,27,PM_VEGA,SRV-NODE-9
ERP-08222,PROJ-1124,Puno,Project Mgmt,22,24,4972,9239,6696,2543,13,11,PM_RIVAS,SRV-NODE-9
ERP-08223,PROJ-5666,Puno,Project Mgmt,58,72,18560,36542,25050,11492,7,8,PM_PEREZ,SRV-NODE-10
ERP-08224,PROJ-1177,Huancayo,Project Mgmt,49,61,18228,37528,19837,17691,25,40,PM_PEREZ,SRV-NODE-5
ERP-08225,PROJ-5864,Arequipa,Audiovisual,99,111,53460,108524,58626,49898,41,4,PM_SOTO,SRV-NODE-2
ERP-08226,PROJ-9416,Cajamarca,Project Mgmt,73,87,16644,29101,17230,11871,43,33,PM_PEREZ,SRV-NODE-9
ERP-08227,PROJ-5921,Tacna,Business Proc,159,188,38001,65946,47141,18805,43,71,PM_RIVAS,SRV-NODE-9
ERP-08228,PROJ-8966,Lima,Business Proc,23,23,7475,13646,8857,4789,17,7,PM_SOTO,SRV-NODE-10
ERP-08229,PROJ-9543,Huancayo,Videoconference,180,205,68400,129107,80223,48884,41,53,PM_RIVAS,SRV-NODE-1
ERP-08230,PROJ-9772,Trujillo,Business Proc,173,179,49305,86476,63835,22641,38,38,PM_PEREZ,SRV-NODE-3
ERP-08231,PROJ-7822,Cajamarca,Audiovisual,38,45,22800,40482,23910,16572,17,8,PM_SOTO,SRV-NODE-6
ERP-08232,PROJ-8158,Arequipa,Audiovisual,133,159,59052,96650,71325,25325,33,37,PM_VEGA,SRV-NODE-10
ERP-08233,PROJ-3187,Iquitos,Audiovisual,75,93,35775,68768,36486,32282,41,5,PM_RIVAS,SRV-NODE-4
ERP-08234,PROJ-1940,Piura,Audiovisual,147,191,58359,109080,62475,46605,17,24,PM_SOTO,SRV-NODE-8
ERP-08235,PROJ-6144,Lima,Videoconference,21,21,7896,16999,9239,7760,21,8,PM_RIVAS,SRV-NODE-2
ERP-08236,PROJ-9843,Cusco,Business Proc,148,173,31524,62918,40126,22792,24,7,PM_VEGA,SRV-NODE-10
ERP-08237,PROJ-9653,Cajamarca,Videoconference,171,216,67545,124648,86303,38345,47,5,PM_VEGA,SRV-NODE-7
ERP-08238,PROJ-3688,Piura,Videoconference,57,61,20178,35967,28110,7857,38,7,PM_SOTO,SRV-NODE-8
ERP-08239,PROJ-6034,Cusco,Audiovisual,98,127,27146,48048,37800,10248,28,28,PM_VEGA,SRV-NODE-10
ERP-08240,PROJ-7011,Cajamarca,Project Mgmt,38,49,14402,31139,16161,14978,39,9,PM_VEGA,SRV-NODE-4
ERP-08241,PROJ-1513,Puno,Videoconference,111,123,63936,127330,86156,41174,18,7,PM_SOTO,SRV-NODE-10
ERP-08242,PROJ-9325,Iquitos,Project Mgmt,77,91,34650,65418,38245,27173,35,20,PM_PEREZ,SRV-NODE-9
ERP-08243,PROJ-2181,Iquitos,Videoconference,147,183,31311,61139,43657,17482,31,14,PM_VEGA,SRV-NODE-1
ERP-08244,PROJ-3096,Tacna,Business Proc,146,188,76796,164752,100790,63962,36,60,PM_PEREZ,SRV-NODE-6
ERP-08245,PROJ-1064,Arequipa,Audiovisual,24,30,5568,9290,7551,1739,32,54,PM_VEGA,SRV-NODE-2
ERP-08246,PROJ-1709,Trujillo,Audiovisual,158,203,37130,66120,45256,20864,34,6,PM_PEREZ,SRV-NODE-5
ERP-08247,PROJ-9611,Arequipa,Audiovisual,69,78,38778,70507,44058,26449,31,55,PM_RIVAS,SRV-NODE-5
ERP-08248,PROJ-1474,Iquitos,Project Mgmt,137,142,66582,139943,73004,66939,26,43,PM_RIVAS,SRV-NODE-2
ERP-08249,PROJ-7303,Tacna,Project Mgmt,96,120,31104,60903,39125,21778,28,25,PM_PEREZ,SRV-NODE-3
ERP-08250,PROJ-6981,Piura,Business Proc,133,161,53200,87346,64198,23148,12,21,PM_PEREZ,SRV-NODE-9
ERP-08251,PROJ-8406,Cusco,Videoconference,135,136,29565,63816,36292,27524,5,4,PM_VEGA,SRV-NODE-7
ERP-08252,PROJ-5361,Puno,Business Proc,94,98,52828,98709,69238,29471,12,8,PM_PEREZ,SRV-NODE-5
ERP-08253,PROJ-8114,Lima,Audiovisual,24,25,9120,15878,9458,6420,48,68,PM_MEZA,SRV-NODE-4
ERP-08254,PROJ-3812,Puno,Audiovisual,129,152,37668,62192,40007,22185,49,9,PM_PEREZ,SRV-NODE-10
ERP-08255,PROJ-9250,Piura,Project Mgmt,162,200,49410,89493,57534,31959,28,32,PM_PEREZ,SRV-NODE-2
ERP-08256,PROJ-9892,Puno,Videoconference,177,188,36816,65947,38864,27083,45,64,PM_RIVAS,SRV-NODE-9
ERP-08257,PROJ-1478,Cajamarca,Business Proc,24,28,11472,23005,12605,10400,34,26,PM_RIVAS,SRV-NODE-4
ERP-08258,PROJ-5698,Arequipa,Project Mgmt,35,42,7980,13418,9141,4277,40,14,PM_PEREZ,SRV-NODE-2
ERP-08259,PROJ-9784,Trujillo,Videoconference,169,169,62699,133272,81678,51594,38,39,PM_RIVAS,SRV-NODE-2
ERP-08260,PROJ-3200,Piura,Project Mgmt,63,82,17136,31005,20439,10566,39,50,PM_SOTO,SRV-NODE-7
ERP-08261,PROJ-9586,Arequipa,Project Mgmt,130,149,54470,88317,67810,20507,6,6,PM_PEREZ,SRV-NODE-6
ERP-08262,PROJ-8525,Puno,Project Mgmt,45,52,22320,41840,24181,17659,37,43,PM_SOTO,SRV-NODE-9
ERP-08263,PROJ-1392,Piura,Audiovisual,98,119,27146,48940,33750,15190,32,8,PM_PEREZ,SRV-NODE-5
ERP-08264,PROJ-2918,Iquitos,Videoconference,81,103,18954,30411,26303,4108,13,4,PM_RIVAS,SRV-NODE-5
ERP-08265,PROJ-8222,Cusco,Project Mgmt,39,48,8424,18151,11695,6456,31,33,PM_MEZA,SRV-NODE-2
ERP-08266,PROJ-6056,Trujillo,Audiovisual,49,60,14994,31361,20755,10606,43,37,PM_PEREZ,SRV-NODE-6
ERP-08267,PROJ-7800,Arequipa,Audiovisual,138,148,60030,101716,82055,19661,3,3,PM_VEGA,SRV-NODE-8
ERP-08268,PROJ-6596,Lima,Audiovisual,47,50,14570,28034,15553,12481,8,14,PM_VEGA,SRV-NODE-2
ERP-08269,PROJ-4560,Lima,Audiovisual,175,228,93275,198609,102058,96551,49,60,PM_PEREZ,SRV-NODE-7
ERP-08270,PROJ-7141,Arequipa,Project Mgmt,57,58,28158,49982,39123,10859,37,19,PM_PEREZ,SRV-NODE-3
ERP-08271,PROJ-3175,Iquitos,Business Proc,85,85,33150,60496,38356,22140,29,49,PM_VEGA,SRV-NODE-8
ERP-08272,PROJ-4316,Iquitos,Project Mgmt,107,139,51788,106484,70978,35506,26,7,PM_RIVAS,SRV-NODE-7
ERP-08273,PROJ-1734,Piura,Project Mgmt,122,160,51728,110760,58528,52232,8,6,PM_SOTO,SRV-NODE-5
ERP-08274,PROJ-4171,Iquitos,Project Mgmt,179,210,92722,157866,93805,64061,15,8,PM_MEZA,SRV-NODE-9
ERP-08275,PROJ-2139,Cusco,Project Mgmt,83,89,23904,39605,24663,14942,33,39,PM_VEGA,SRV-NODE-3
ERP-08276,PROJ-3408,Cajamarca,Videoconference,97,130,43941,72385,48679,23706,37,20,PM_MEZA,SRV-NODE-10
ERP-08277,PROJ-9408,Cajamarca,Videoconference,150,161,82500,148102,104685,43417,22,39,PM_SOTO,SRV-NODE-10
ERP-08278,PROJ-3481,Trujillo,Business Proc,75,85,26625,56373,36548,19825,17,4,PM_SOTO,SRV-NODE-2
ERP-08279,PROJ-4067,Puno,Business Proc,40,49,20440,33223,28229,4994,46,69,PM_RIVAS,SRV-NODE-10
ERP-08280,PROJ-7966,Iquitos,Audiovisual,120,122,40440,65457,55510,9947,3,4,PM_VEGA,SRV-NODE-8
ERP-08281,PROJ-2354,Huancayo,Business Proc,32,41,15680,29254,17317,11937,12,4,PM_PEREZ,SRV-NODE-8
ERP-08282,PROJ-5390,Cajamarca,Business Proc,72,94,24912,40237,24978,15259,32,14,PM_PEREZ,SRV-NODE-1
ERP-08283,PROJ-6146,Tacna,Videoconference,150,176,56100,103177,60521,42656,43,14,PM_PEREZ,SRV-NODE-9
ERP-08284,PROJ-6643,Puno,Audiovisual,56,65,18984,41385,19338,22047,36,14,PM_RIVAS,SRV-NODE-6
ERP-08285,PROJ-6539,Trujillo,Business Proc,150,187,49050,96850,61484,35366,30,28,PM_RIVAS,SRV-NODE-2
ERP-08286,PROJ-3786,Tacna,Project Mgmt,102,104,48552,93972,62581,31391,10,12,PM_SOTO,SRV-NODE-3
ERP-08287,PROJ-9639,Arequipa,Business Proc,59,59,33099,69826,36134,33692,10,16,PM_PEREZ,SRV-NODE-1
ERP-08288,PROJ-5333,Piura,Videoconference,180,187,39600,71320,42533,28787,41,38,PM_MEZA,SRV-NODE-8
ERP-08289,PROJ-2452,Cajamarca,Videoconference,151,190,77010,127798,91843,35955,27,17,PM_RIVAS,SRV-NODE-4
ERP-08290,PROJ-8571,Trujillo,Project Mgmt,165,219,96195,189451,126631,62820,33,43,PM_MEZA,SRV-NODE-8
ERP-08291,PROJ-5581,Cusco,Business Proc,154,167,81312,145949,97996,47953,44,25,PM_PEREZ,SRV-NODE-2
ERP-08292,PROJ-9709,Arequipa,Project Mgmt,104,135,61048,107548,73083,34465,39,68,PM_VEGA,SRV-NODE-2
ERP-08293,PROJ-6147,Trujillo,Audiovisual,24,29,5184,9503,5980,3523,39,48,PM_VEGA,SRV-NODE-5
ERP-08294,PROJ-5558,Puno,Videoconference,20,24,6940,14565,7616,6949,27,14,PM_VEGA,SRV-NODE-1
ERP-08295,PROJ-6773,Trujillo,Audiovisual,178,192,85262,183053,87003,96050,50,35,PM_RIVAS,SRV-NODE-4
ERP-08296,PROJ-2893,Lima,Audiovisual,73,77,31098,53758,41351,12407,46,37,PM_RIVAS,SRV-NODE-4
ERP-08297,PROJ-9419,Puno,Business Proc,64,72,23296,44803,25830,18973,30,22,PM_RIVAS,SRV-NODE-4
ERP-08298,PROJ-1957,Lima,Project Mgmt,59,73,15104,30805,21128,9677,12,1,PM_PEREZ,SRV-NODE-10
ERP-08299,PROJ-9607,Trujillo,Audiovisual,161,211,33327,72691,44791,27900,21,15,PM_MEZA,SRV-NODE-2
ERP-08300,PROJ-4722,Lima,Business Proc,112,134,36064,63076,40603,22473,26,13,PM_RIVAS,SRV-NODE-2
ERP-08301,PROJ-9013,Tacna,Business Proc,162,207,93312,199752,103272,96480,19,13,PM_SOTO,SRV-NODE-6
ERP-08302,PROJ-8116,Huancayo,Project Mgmt,177,178,100713,175409,127031,48378,47,81,PM_VEGA,SRV-NODE-2
ERP-08303,PROJ-7600,Arequipa,Audiovisual,177,178,73455,117991,94873,23118,23,22,PM_PEREZ,SRV-NODE-5
ERP-08304,PROJ-5352,Tacna,Audiovisual,130,143,72670,141955,81650,60305,42,45,PM_MEZA,SRV-NODE-3
ERP-08305,PROJ-8431,Arequipa,Project Mgmt,174,175,77430,162493,94832,67661,40,70,PM_VEGA,SRV-NODE-4
ERP-08306,PROJ-2678,Cajamarca,Videoconference,70,76,40180,78216,43313,34903,7,1,PM_VEGA,SRV-NODE-2
ERP-08307,PROJ-3744,Cusco,Business Proc,100,125,36700,78208,39134,39074,43,30,PM_VEGA,SRV-NODE-3
ERP-08308,PROJ-3944,Puno,Business Proc,43,47,22532,48142,23689,24453,20,34,PM_PEREZ,SRV-NODE-7
ERP-08309,PROJ-9580,Tacna,Audiovisual,111,134,52725,101091,68019,33072,31,7,PM_PEREZ,SRV-NODE-8
ERP-08310,PROJ-5452,Cusco,Audiovisual,146,175,53290,95882,71271,24611,19,27,PM_SOTO,SRV-NODE-10
ERP-08311,PROJ-6962,Lima,Videoconference,118,124,43660,73533,52280,21253,18,14,PM_VEGA,SRV-NODE-7
ERP-08312,PROJ-7415,Huancayo,Videoconference,90,103,51300,100747,53094,47653,49,21,PM_RIVAS,SRV-NODE-7
ERP-08313,PROJ-4317,Trujillo,Videoconference,118,121,25252,41965,28401,13564,17,8,PM_VEGA,SRV-NODE-10
ERP-08314,PROJ-1690,Iquitos,Project Mgmt,34,39,11628,24364,11842,12522,5,3,PM_SOTO,SRV-NODE-8
ERP-08315,PROJ-9539,Arequipa,Project Mgmt,80,85,34000,62899,38542,24357,23,32,PM_VEGA,SRV-NODE-10
ERP-08316,PROJ-6376,Tacna,Project Mgmt,74,87,22052,47622,27152,20470,36,61,PM_SOTO,SRV-NODE-3
ERP-08317,PROJ-8025,Piura,Audiovisual,88,98,34056,67037,36120,30917,35,35,PM_MEZA,SRV-NODE-6
ERP-08318,PROJ-6524,Cusco,Videoconference,114,115,60420,121534,80051,41483,35,44,PM_VEGA,SRV-NODE-7
ERP-08319,PROJ-9395,Lima,Audiovisual,80,89,17760,28676,24694,3982,19,30,PM_RIVAS,SRV-NODE-7
ERP-08320,PROJ-8863,Iquitos,Business Proc,103,124,31621,52052,33805,18247,23,15,PM_VEGA,SRV-NODE-5
ERP-08321,PROJ-2178,Trujillo,Business Proc,80,106,22240,36307,23150,13157,19,18,PM_SOTO,SRV-NODE-6
ERP-08322,PROJ-2204,Iquitos,Project Mgmt,144,179,46512,85937,60905,25032,32,13,PM_PEREZ,SRV-NODE-6
ERP-08323,PROJ-6730,Huancayo,Audiovisual,76,101,41724,70062,48567,21495,32,49,PM_VEGA,SRV-NODE-2
ERP-08324,PROJ-3241,Cajamarca,Videoconference,32,41,15008,30720,20699,10021,34,30,PM_PEREZ,SRV-NODE-9
ERP-08325,PROJ-1484,Cajamarca,Business Proc,42,52,11760,21440,16102,5338,18,25,PM_MEZA,SRV-NODE-1
ERP-08326,PROJ-7860,Cusco,Videoconference,142,151,58646,103440,62268,41172,36,41,PM_PEREZ,SRV-NODE-9
ERP-08327,PROJ-4873,Iquitos,Project Mgmt,180,221,52020,97056,70148,26908,10,15,PM_RIVAS,SRV-NODE-2
ERP-08328,PROJ-5130,Cusco,Business Proc,52,57,21632,43508,22577,20931,37,60,PM_PEREZ,SRV-NODE-7
ERP-08329,PROJ-8050,Puno,Videoconference,101,127,28886,49685,34058,15627,38,5,PM_PEREZ,SRV-NODE-8
ERP-08330,PROJ-3555,Cajamarca,Business Proc,38,40,18164,38022,25184,12838,21,15,PM_MEZA,SRV-NODE-4
ERP-08331,PROJ-4387,Trujillo,Videoconference,128,172,75520,159948,100473,59475,42,47,PM_MEZA,SRV-NODE-6
ERP-08332,PROJ-4093,Piura,Business Proc,124,156,59768,115287,63202,52085,39,69,PM_VEGA,SRV-NODE-4
ERP-08333,PROJ-6422,Arequipa,Audiovisual,87,100,38193,80338,47058,33280,26,30,PM_VEGA,SRV-NODE-7
ERP-08334,PROJ-3596,Iquitos,Project Mgmt,71,86,32944,53447,41898,11549,8,5,PM_MEZA,SRV-NODE-10
ERP-08335,PROJ-3575,Piura,Audiovisual,38,38,12350,20177,12933,7244,19,10,PM_VEGA,SRV-NODE-1
ERP-08336,PROJ-1217,Cusco,Audiovisual,111,114,61050,131286,72696,58590,20,18,PM_VEGA,SRV-NODE-8
ERP-08337,PROJ-1564,Trujillo,Project Mgmt,41,55,16933,32995,17330,15665,49,22,PM_SOTO,SRV-NODE-4
ERP-08338,PROJ-5540,Cajamarca,Business Proc,59,59,34928,76331,48709,27622,3,1,PM_SOTO,SRV-NODE-6
ERP-08339,PROJ-5364,Iquitos,Audiovisual,21,24,8505,16352,10583,5769,19,8,PM_PEREZ,SRV-NODE-1
ERP-08340,PROJ-2665,Lima,Videoconference,99,121,49500,95647,54955,40692,22,37,PM_MEZA,SRV-NODE-8
ERP-08341,PROJ-5371,Tacna,Videoconference,91,113,34671,69950,42546,27404,33,15,PM_PEREZ,SRV-NODE-8
ERP-08342,PROJ-5375,Lima,Audiovisual,115,121,26450,51240,35493,15747,32,29,PM_RIVAS,SRV-NODE-2
ERP-08343,PROJ-6769,Puno,Videoconference,93,108,52824,110386,56126,54260,31,39,PM_SOTO,SRV-NODE-2
ERP-08344,PROJ-8453,Lima,Videoconference,163,170,62266,106492,85548,20944,34,31,PM_RIVAS,SRV-NODE-3
ERP-08345,PROJ-2917,Iquitos,Audiovisual,102,128,42636,87287,59208,28079,41,23,PM_PEREZ,SRV-NODE-9
ERP-08346,PROJ-3100,Piura,Project Mgmt,149,155,79715,141366,83988,57378,23,18,PM_SOTO,SRV-NODE-1
ERP-08347,PROJ-2195,Lima,Business Proc,54,62,29700,49658,38029,11629,18,18,PM_PEREZ,SRV-NODE-9
ERP-08348,PROJ-4763,Cajamarca,Business Proc,115,125,59340,104515,79157,25358,28,17,PM_MEZA,SRV-NODE-8
ERP-08349,PROJ-6815,Tacna,Videoconference,34,35,18496,34005,25204,8801,23,24,PM_PEREZ,SRV-NODE-3
ERP-08350,PROJ-6526,Trujillo,Project Mgmt,139,176,41422,69196,48251,20945,6,1,PM_RIVAS,SRV-NODE-9
ERP-08351,PROJ-1585,Tacna,Videoconference,93,125,19809,36841,21101,15740,24,15,PM_SOTO,SRV-NODE-7
ERP-08352,PROJ-8012,Tacna,Videoconference,163,196,46455,87476,48323,39153,27,34,PM_SOTO,SRV-NODE-8
ERP-08353,PROJ-2566,Piura,Videoconference,155,198,90830,173011,91536,81475,36,30,PM_SOTO,SRV-NODE-8
ERP-08354,PROJ-4588,Lima,Videoconference,109,140,56135,114527,70569,43958,5,8,PM_VEGA,SRV-NODE-3
ERP-08355,PROJ-8565,Cajamarca,Project Mgmt,27,29,14553,30699,17013,13686,13,14,PM_VEGA,SRV-NODE-5
ERP-08356,PROJ-3811,Huancayo,Business Proc,156,179,56628,99270,62693,36577,26,45,PM_PEREZ,SRV-NODE-4
ERP-08357,PROJ-1164,Trujillo,Videoconference,114,118,33288,63138,38711,24427,31,47,PM_RIVAS,SRV-NODE-6
ERP-08358,PROJ-7109,Puno,Audiovisual,179,234,95944,207224,127751,79473,46,77,PM_SOTO,SRV-NODE-3
ERP-08359,PROJ-6056,Piura,Business Proc,51,56,20808,45518,28695,16823,37,25,PM_VEGA,SRV-NODE-3
ERP-08360,PROJ-2441,Iquitos,Audiovisual,77,88,29568,58578,32487,26091,27,43,PM_VEGA,SRV-NODE-8
ERP-08361,PROJ-7324,Piura,Audiovisual,61,74,20862,41905,27379,14526,44,44,PM_RIVAS,SRV-NODE-10
ERP-08362,PROJ-4343,Tacna,Project Mgmt,170,228,92820,177524,100574,76950,45,6,PM_MEZA,SRV-NODE-4
ERP-08363,PROJ-6282,Puno,Business Proc,162,205,51678,95260,58219,37041,35,8,PM_VEGA,SRV-NODE-10
ERP-08364,PROJ-3426,Lima,Business Proc,40,49,9960,21349,12542,8807,34,51,PM_PEREZ,SRV-NODE-9
ERP-08365,PROJ-1663,Tacna,Audiovisual,84,112,27636,47953,32745,15208,29,50,PM_SOTO,SRV-NODE-4
ERP-08366,PROJ-4978,Puno,Business Proc,66,81,29964,62829,35818,27011,41,18,PM_SOTO,SRV-NODE-4
ERP-08367,PROJ-3581,Cajamarca,Videoconference,92,103,20516,39794,24886,14908,13,19,PM_PEREZ,SRV-NODE-6
ERP-08368,PROJ-5908,Lima,Business Proc,165,194,48510,106306,62268,44038,46,65,PM_SOTO,SRV-NODE-1
ERP-08369,PROJ-5440,Tacna,Audiovisual,127,146,55880,112035,63891,48144,15,18,PM_RIVAS,SRV-NODE-1
ERP-08370,PROJ-4605,Arequipa,Audiovisual,166,209,88146,179417,101336,78081,7,11,PM_SOTO,SRV-NODE-10
ERP-08371,PROJ-2642,Iquitos,Videoconference,138,164,45816,82479,56147,26332,20,11,PM_RIVAS,SRV-NODE-5
ERP-08372,PROJ-1057,Trujillo,Audiovisual,93,119,42129,72683,55426,17257,26,36,PM_PEREZ,SRV-NODE-5
ERP-08373,PROJ-5146,Lima,Audiovisual,29,36,15196,26148,15722,10426,7,3,PM_MEZA,SRV-NODE-9
ERP-08374,PROJ-5957,Cusco,Project Mgmt,103,104,34814,62366,39884,22482,45,7,PM_PEREZ,SRV-NODE-3
ERP-08375,PROJ-8523,Huancayo,Project Mgmt,86,88,42398,92216,47859,44357,33,18,PM_RIVAS,SRV-NODE-8
ERP-08376,PROJ-5720,Huancayo,Project Mgmt,92,115,48668,82803,58300,24503,32,50,PM_VEGA,SRV-NODE-10
ERP-08377,PROJ-1205,Arequipa,Project Mgmt,68,80,38148,61995,39361,22634,40,5,PM_RIVAS,SRV-NODE-8
ERP-08378,PROJ-2552,Piura,Audiovisual,23,24,5428,9362,7417,1945,27,36,PM_VEGA,SRV-NODE-8
ERP-08379,PROJ-8425,Huancayo,Audiovisual,152,183,64752,130480,71573,58907,28,3,PM_RIVAS,SRV-NODE-9
ERP-08380,PROJ-9653,Trujillo,Audiovisual,77,77,34573,55469,41044,14425,42,12,PM_VEGA,SRV-NODE-2
ERP-08381,PROJ-3374,Huancayo,Videoconference,89,89,47437,82826,54480,28346,41,59,PM_PEREZ,SRV-NODE-9
ERP-08382,PROJ-3752,Lima,Business Proc,40,44,13920,27507,19327,8180,9,7,PM_RIVAS,SRV-NODE-1
ERP-08383,PROJ-5818,Cusco,Project Mgmt,71,73,25418,48477,27392,21085,32,47,PM_MEZA,SRV-NODE-1
ERP-08384,PROJ-3921,Lima,Audiovisual,171,209,45486,73096,61402,11694,16,7,PM_PEREZ,SRV-NODE-5
ERP-08385,PROJ-9289,Arequipa,Project Mgmt,178,232,86330,150659,105595,45064,28,41,PM_PEREZ,SRV-NODE-9
ERP-08386,PROJ-1316,Lima,Project Mgmt,160,208,39200,77184,44421,32763,9,1,PM_MEZA,SRV-NODE-8
ERP-08387,PROJ-8717,Arequipa,Project Mgmt,27,30,8370,17018,9702,7316,28,31,PM_SOTO,SRV-NODE-3
ERP-08388,PROJ-1738,Cusco,Audiovisual,79,105,37288,81600,46134,35466,41,24,PM_MEZA,SRV-NODE-2
ERP-08389,PROJ-8653,Iquitos,Videoconference,80,98,23920,49729,28496,21233,41,8,PM_VEGA,SRV-NODE-9
ERP-08390,PROJ-8905,Huancayo,Audiovisual,73,97,21243,36854,22669,14185,26,12,PM_RIVAS,SRV-NODE-10
ERP-08391,PROJ-1022,Iquitos,Videoconference,150,160,41850,69674,47087,22587,49,43,PM_PEREZ,SRV-NODE-2
ERP-08392,PROJ-7131,Huancayo,Business Proc,176,220,66880,126375,89295,37080,4,0,PM_VEGA,SRV-NODE-7
ERP-08393,PROJ-9491,Puno,Audiovisual,121,143,53119,102386,60423,41963,30,6,PM_RIVAS,SRV-NODE-3
ERP-08394,PROJ-1485,Trujillo,Audiovisual,80,107,33280,65514,33639,31875,14,3,PM_MEZA,SRV-NODE-5
ERP-08395,PROJ-9416,Piura,Audiovisual,122,123,34038,71951,43454,28497,19,20,PM_SOTO,SRV-NODE-2
ERP-08396,PROJ-1276,Lima,Audiovisual,70,93,41930,84587,51337,33250,21,35,PM_SOTO,SRV-NODE-8
ERP-08397,PROJ-7370,Lima,Business Proc,174,223,81432,136812,83208,53604,7,10,PM_VEGA,SRV-NODE-7
ERP-08398,PROJ-5950,Tacna,Business Proc,61,65,29097,53821,31254,22567,41,30,PM_MEZA,SRV-NODE-5
ERP-08399,PROJ-4060,Cajamarca,Business Proc,151,181,45904,78679,57225,21454,29,47,PM_MEZA,SRV-NODE-6
ERP-08400,PROJ-8566,Lima,Project Mgmt,40,50,10280,16455,12619,3836,49,79,PM_PEREZ,SRV-NODE-6
ERP-08401,PROJ-3381,Huancayo,Project Mgmt,97,99,58006,103569,72691,30878,15,10,PM_MEZA,SRV-NODE-2
ERP-08402,PROJ-8706,Cajamarca,Business Proc,157,191,94043,176792,123102,53690,47,82,PM_SOTO,SRV-NODE-5
ERP-08403,PROJ-1318,Cajamarca,Project Mgmt,167,172,59786,123818,61583,62235,19,32,PM_VEGA,SRV-NODE-5
ERP-08404,PROJ-8553,Puno,Audiovisual,141,145,70923,152366,93717,58649,42,32,PM_VEGA,SRV-NODE-1
ERP-08405,PROJ-6123,Trujillo,Project Mgmt,133,156,70756,131370,81649,49721,39,28,PM_MEZA,SRV-NODE-4
ERP-08406,PROJ-3272,Piura,Videoconference,92,119,51612,101262,62791,38471,26,9,PM_SOTO,SRV-NODE-6
ERP-08407,PROJ-5818,Arequipa,Audiovisual,76,101,36404,61816,47261,14555,10,10,PM_MEZA,SRV-NODE-10
ERP-08408,PROJ-9644,Cusco,Audiovisual,89,97,27590,54718,37524,17194,7,3,PM_MEZA,SRV-NODE-1
ERP-08409,PROJ-9224,Lima,Project Mgmt,175,196,97475,210192,135983,74209,48,79,PM_PEREZ,SRV-NODE-9
ERP-08410,PROJ-9727,Lima,Project Mgmt,117,135,35919,58087,42912,15175,31,53,PM_MEZA,SRV-NODE-7
ERP-08411,PROJ-7992,Lima,Videoconference,78,100,20436,39907,21110,18797,24,19,PM_SOTO,SRV-NODE-1
ERP-08412,PROJ-4493,Piura,Business Proc,80,84,44400,85159,47145,38014,19,32,PM_MEZA,SRV-NODE-8
ERP-08413,PROJ-4305,Iquitos,Project Mgmt,146,178,85994,175496,86955,88541,38,23,PM_SOTO,SRV-NODE-4
ERP-08414,PROJ-3740,Arequipa,Project Mgmt,67,68,33232,55450,37341,18109,47,44,PM_RIVAS,SRV-NODE-10
ERP-08415,PROJ-6191,Lima,Videoconference,106,116,60632,130286,65335,64951,14,12,PM_VEGA,SRV-NODE-6
ERP-08416,PROJ-5720,Huancayo,Project Mgmt,78,91,45084,80231,62430,17801,50,14,PM_SOTO,SRV-NODE-10
ERP-08417,PROJ-8726,Tacna,Audiovisual,81,88,45684,83206,52282,30924,29,41,PM_SOTO,SRV-NODE-6
ERP-08418,PROJ-5160,Arequipa,Audiovisual,104,114,53872,109535,61637,47898,15,21,PM_MEZA,SRV-NODE-1
ERP-08419,PROJ-7631,Tacna,Audiovisual,131,138,43492,86876,51510,35366,25,20,PM_VEGA,SRV-NODE-5
ERP-08420,PROJ-3005,Cusco,Business Proc,166,198,77522,142356,107067,35289,17,9,PM_MEZA,SRV-NODE-4
ERP-08421,PROJ-7601,Lima,Videoconference,151,172,63269,120136,78787,41349,26,35,PM_SOTO,SRV-NODE-9
ERP-08422,PROJ-5823,Puno,Project Mgmt,84,113,46704,78622,57273,21349,32,31,PM_MEZA,SRV-NODE-7
ERP-08423,PROJ-4378,Arequipa,Audiovisual,95,109,21660,42741,26035,16706,50,79,PM_MEZA,SRV-NODE-2
ERP-08424,PROJ-6174,Iquitos,Project Mgmt,155,159,89745,157365,93266,64099,28,28,PM_PEREZ,SRV-NODE-2
ERP-08425,PROJ-3873,Cusco,Videoconference,145,151,37265,71432,49774,21658,49,73,PM_PEREZ,SRV-NODE-2
ERP-08426,PROJ-1415,Arequipa,Business Proc,175,206,70175,149226,85486,63740,3,3,PM_PEREZ,SRV-NODE-5
ERP-08427,PROJ-1541,Puno,Audiovisual,86,95,19608,40397,19709,20688,3,2,PM_VEGA,SRV-NODE-7
ERP-08428,PROJ-4713,Arequipa,Audiovisual,173,186,102243,168071,107393,60678,8,10,PM_MEZA,SRV-NODE-5
ERP-08429,PROJ-3897,Trujillo,Business Proc,68,72,27336,55097,35442,19655,20,14,PM_MEZA,SRV-NODE-7
ERP-08430,PROJ-7022,Tacna,Project Mgmt,137,169,50416,104390,51883,52507,40,30,PM_RIVAS,SRV-NODE-6
ERP-08431,PROJ-8689,Arequipa,Videoconference,76,88,16188,28122,19710,8412,41,33,PM_VEGA,SRV-NODE-5
ERP-08432,PROJ-4614,Iquitos,Audiovisual,90,101,33840,58993,45630,13363,30,21,PM_SOTO,SRV-NODE-10
ERP-08433,PROJ-7991,Lima,Project Mgmt,96,128,36096,61528,49237,12291,42,39,PM_PEREZ,SRV-NODE-2
ERP-08434,PROJ-7332,Huancayo,Audiovisual,100,120,30800,51388,38645,12743,34,56,PM_SOTO,SRV-NODE-1
ERP-08435,PROJ-8189,Huancayo,Audiovisual,133,150,30191,53213,32358,20855,46,49,PM_SOTO,SRV-NODE-10
ERP-08436,PROJ-8916,Puno,Videoconference,48,59,18480,39039,24119,14920,37,54,PM_VEGA,SRV-NODE-10
ERP-08437,PROJ-3210,Puno,Videoconference,133,172,76076,137051,91041,46010,20,9,PM_MEZA,SRV-NODE-5
ERP-08438,PROJ-4334,Trujillo,Business Proc,35,40,7595,16283,10628,5655,23,4,PM_PEREZ,SRV-NODE-5
ERP-08439,PROJ-3049,Cusco,Audiovisual,174,201,89958,146430,102867,43563,26,22,PM_RIVAS,SRV-NODE-5
ERP-08440,PROJ-2788,Cusco,Project Mgmt,66,85,17358,32418,20167,12251,12,7,PM_MEZA,SRV-NODE-2
ERP-08441,PROJ-3466,Iquitos,Videoconference,147,152,37632,80981,45675,35306,5,4,PM_SOTO,SRV-NODE-9
ERP-08442,PROJ-7885,Arequipa,Videoconference,142,183,77958,134609,83152,51457,23,37,PM_PEREZ,SRV-NODE-5
ERP-08443,PROJ-1907,Trujillo,Audiovisual,89,106,51798,87890,68424,19466,13,6,PM_MEZA,SRV-NODE-8
ERP-08444,PROJ-6962,Huancayo,Audiovisual,50,67,14000,28973,19438,9535,24,34,PM_MEZA,SRV-NODE-7
ERP-08445,PROJ-7213,Huancayo,Project Mgmt,63,82,36729,77896,39737,38159,39,44,PM_PEREZ,SRV-NODE-1
ERP-08446,PROJ-7746,Tacna,Business Proc,121,148,72600,155668,98874,56794,24,36,PM_VEGA,SRV-NODE-9
ERP-08447,PROJ-2980,Huancayo,Videoconference,172,221,54524,92866,65409,27457,34,15,PM_VEGA,SRV-NODE-7
ERP-08448,PROJ-3503,Cajamarca,Project Mgmt,87,108,27144,46474,36879,9595,17,19,PM_VEGA,SRV-NODE-8
ERP-08449,PROJ-1143,Lima,Videoconference,161,182,49266,88774,51772,37002,4,1,PM_VEGA,SRV-NODE-2
ERP-08450,PROJ-9283,Trujillo,Project Mgmt,57,72,17214,33762,20112,13650,50,83,PM_PEREZ,SRV-NODE-7
ERP-08451,PROJ-7323,Iquitos,Project Mgmt,137,177,48224,83513,65741,17772,20,30,PM_PEREZ,SRV-NODE-8
ERP-08452,PROJ-2425,Cajamarca,Videoconference,133,173,54929,92416,55645,36771,27,25,PM_PEREZ,SRV-NODE-4
ERP-08453,PROJ-2167,Huancayo,Audiovisual,135,168,43470,74824,50692,24132,14,2,PM_VEGA,SRV-NODE-1
ERP-08454,PROJ-2344,Piura,Videoconference,61,67,18666,33625,19172,14453,30,4,PM_RIVAS,SRV-NODE-10
ERP-08455,PROJ-6162,Cusco,Videoconference,75,83,22575,37203,30439,6764,38,25,PM_PEREZ,SRV-NODE-4
ERP-08456,PROJ-3088,Arequipa,Business Proc,78,102,46410,95694,62750,32944,11,6,PM_RIVAS,SRV-NODE-7
ERP-08457,PROJ-2211,Tacna,Audiovisual,140,165,28980,50748,32577,18171,13,19,PM_RIVAS,SRV-NODE-5
ERP-08458,PROJ-2630,Trujillo,Business Proc,131,152,63666,108058,70214,37844,29,31,PM_RIVAS,SRV-NODE-5
ERP-08459,PROJ-5516,Piura,Business Proc,167,202,75150,122227,87567,34660,15,4,PM_MEZA,SRV-NODE-3
ERP-08460,PROJ-3162,Lima,Audiovisual,34,37,9180,17241,9762,7479,48,65,PM_RIVAS,SRV-NODE-9
ERP-08461,PROJ-5787,Trujillo,Project Mgmt,128,153,42880,84425,49065,35360,46,4,PM_PEREZ,SRV-NODE-6
ERP-08462,PROJ-1711,Tacna,Audiovisual,153,186,61353,123469,84450,39019,45,78,PM_VEGA,SRV-NODE-3
ERP-08463,PROJ-2434,Huancayo,Project Mgmt,26,34,11856,22812,12542,10270,10,8,PM_VEGA,SRV-NODE-5
ERP-08464,PROJ-8995,Puno,Audiovisual,100,132,30700,56110,33942,22168,43,24,PM_VEGA,SRV-NODE-9
ERP-08465,PROJ-8904,Tacna,Videoconference,67,72,37654,62686,45499,17187,45,22,PM_RIVAS,SRV-NODE-9
ERP-08466,PROJ-3648,Trujillo,Audiovisual,122,146,53558,97125,55333,41792,48,50,PM_SOTO,SRV-NODE-5
ERP-08467,PROJ-8623,Piura,Business Proc,79,87,43371,71513,59396,12117,43,23,PM_SOTO,SRV-NODE-1
ERP-08468,PROJ-3021,Iquitos,Videoconference,129,173,31863,60533,36421,24112,38,5,PM_MEZA,SRV-NODE-9
ERP-08469,PROJ-9649,Cajamarca,Videoconference,99,104,29997,62959,35813,27146,17,8,PM_PEREZ,SRV-NODE-4
ERP-08470,PROJ-9608,Huancayo,Videoconference,165,203,77715,154890,85982,68908,44,14,PM_SOTO,SRV-NODE-3
ERP-08471,PROJ-1867,Iquitos,Videoconference,155,185,84785,184836,85023,99813,20,9,PM_VEGA,SRV-NODE-7
ERP-08472,PROJ-1560,Cusco,Audiovisual,120,153,53760,90704,65405,25299,6,3,PM_SOTO,SRV-NODE-10
ERP-08473,PROJ-4104,Trujillo,Project Mgmt,82,89,23780,39103,28924,10179,30,13,PM_VEGA,SRV-NODE-3
ERP-08474,PROJ-6332,Cusco,Audiovisual,59,71,23954,44473,25081,19392,36,59,PM_VEGA,SRV-NODE-8
ERP-08475,PROJ-5807,Arequipa,Business Proc,75,98,29325,47200,30041,17159,42,62,PM_VEGA,SRV-NODE-10
ERP-08476,PROJ-7370,Tacna,Audiovisual,136,149,47464,103309,65253,38056,19,21,PM_PEREZ,SRV-NODE-6
ERP-08477,PROJ-7629,Tacna,Audiovisual,150,192,54000,98062,65391,32671,16,26,PM_SOTO,SRV-NODE-10
ERP-08478,PROJ-2436,Tacna,Business Proc,66,86,17424,35427,20042,15385,28,7,PM_MEZA,SRV-NODE-7
ERP-08479,PROJ-8158,Huancayo,Project Mgmt,111,118,25863,44620,27740,16880,40,20,PM_VEGA,SRV-NODE-10
ERP-08480,PROJ-8749,Piura,Videoconference,71,84,22081,46176,30075,16101,29,3,PM_MEZA,SRV-NODE-7
ERP-08481,PROJ-7242,Cusco,Audiovisual,30,35,14220,27392,16795,10597,25,14,PM_RIVAS,SRV-NODE-6
ERP-08482,PROJ-1261,Lima,Videoconference,136,162,78880,165183,105551,59632,25,42,PM_RIVAS,SRV-NODE-10
ERP-08483,PROJ-7143,Tacna,Audiovisual,162,209,41472,69987,55453,14534,38,42,PM_SOTO,SRV-NODE-7
ERP-08484,PROJ-9061,Huancayo,Audiovisual,163,179,46781,101416,60881,40535,3,4,PM_PEREZ,SRV-NODE-2
ERP-08485,PROJ-4789,Cusco,Business Proc,168,207,99624,199082,122282,76800,31,13,PM_PEREZ,SRV-NODE-8
ERP-08486,PROJ-4194,Huancayo,Project Mgmt,86,89,39044,79723,51802,27921,42,74,PM_MEZA,SRV-NODE-10
ERP-08487,PROJ-7677,Puno,Audiovisual,147,197,77616,125432,95786,29646,16,17,PM_PEREZ,SRV-NODE-9
ERP-08488,PROJ-1811,Huancayo,Business Proc,87,103,21402,45083,28781,16302,45,52,PM_SOTO,SRV-NODE-7
ERP-08489,PROJ-3537,Iquitos,Project Mgmt,57,63,28386,47126,30607,16519,37,45,PM_MEZA,SRV-NODE-9
ERP-08490,PROJ-9103,Cusco,Audiovisual,111,112,53835,95730,56331,39399,47,63,PM_VEGA,SRV-NODE-7
ERP-08491,PROJ-1774,Trujillo,Project Mgmt,99,116,52767,87486,59993,27493,48,53,PM_SOTO,SRV-NODE-9
ERP-08492,PROJ-7302,Arequipa,Project Mgmt,89,109,33909,69919,37675,32244,18,17,PM_MEZA,SRV-NODE-2
ERP-08493,PROJ-2877,Cusco,Videoconference,168,178,82320,170168,99618,70550,31,49,PM_SOTO,SRV-NODE-6
ERP-08494,PROJ-2079,Cajamarca,Project Mgmt,90,121,46890,80048,56834,23214,33,9,PM_PEREZ,SRV-NODE-2
ERP-08495,PROJ-6316,Trujillo,Audiovisual,140,183,73360,144790,99820,44970,25,7,PM_PEREZ,SRV-NODE-3
ERP-08496,PROJ-2900,Cusco,Project Mgmt,79,89,34523,59787,35958,23829,11,15,PM_VEGA,SRV-NODE-4
ERP-08497,PROJ-8433,Trujillo,Business Proc,92,102,31740,62102,37427,24675,24,36,PM_VEGA,SRV-NODE-2
ERP-08498,PROJ-4499,Puno,Project Mgmt,26,26,6396,13925,7559,6366,37,12,PM_VEGA,SRV-NODE-7
ERP-08499,PROJ-9630,Trujillo,Project Mgmt,89,117,51620,90980,58239,32741,38,61,PM_SOTO,SRV-NODE-2
ERP-08500,PROJ-1901,Iquitos,Audiovisual,161,187,34132,71883,36819,35064,32,6,PM_MEZA,SRV-NODE-1
ERP-08501,PROJ-1189,Lima,Business Proc,125,126,32500,61968,45262,16706,22,10,PM_SOTO,SRV-NODE-6
ERP-08502,PROJ-1878,Lima,Videoconference,156,191,55536,121272,77545,43727,33,34,PM_VEGA,SRV-NODE-10
ERP-08503,PROJ-6741,Trujillo,Business Proc,97,125,26190,43984,32098,11886,16,15,PM_MEZA,SRV-NODE-8
ERP-08504,PROJ-4467,Iquitos,Audiovisual,55,59,28985,53676,37120,16556,17,2,PM_VEGA,SRV-NODE-4
ERP-08505,PROJ-5339,Iquitos,Business Proc,76,88,27360,47017,31632,15385,25,14,PM_SOTO,SRV-NODE-10
ERP-08506,PROJ-6746,Tacna,Business Proc,125,133,70500,123900,79212,44688,9,11,PM_SOTO,SRV-NODE-1
ERP-08507,PROJ-8799,Piura,Project Mgmt,101,133,33734,60236,37020,23216,26,43,PM_PEREZ,SRV-NODE-7
ERP-08508,PROJ-6725,Tacna,Project Mgmt,111,140,62937,117204,87989,29215,16,17,PM_PEREZ,SRV-NODE-3
ERP-08509,PROJ-3444,Arequipa,Videoconference,122,136,46848,97432,57805,39627,6,6,PM_SOTO,SRV-NODE-3
ERP-08510,PROJ-6211,Trujillo,Business Proc,98,114,42042,89437,48342,41095,45,33,PM_VEGA,SRV-NODE-8
ERP-08511,PROJ-9196,Arequipa,Business Proc,112,138,33152,57495,46143,11352,47,25,PM_SOTO,SRV-NODE-6
ERP-08512,PROJ-7846,Piura,Business Proc,99,128,44451,76104,47691,28413,41,11,PM_VEGA,SRV-NODE-3
ERP-08513,PROJ-3274,Lima,Project Mgmt,75,91,44925,76440,50470,25970,7,1,PM_VEGA,SRV-NODE-8
ERP-08514,PROJ-3110,Trujillo,Videoconference,120,149,53760,97180,53831,43349,48,55,PM_VEGA,SRV-NODE-2
ERP-08515,PROJ-7470,Arequipa,Videoconference,20,20,6960,11423,9262,2161,7,9,PM_RIVAS,SRV-NODE-2
ERP-08516,PROJ-9825,Piura,Audiovisual,147,187,73059,122980,78571,44409,5,8,PM_SOTO,SRV-NODE-3
ERP-08517,PROJ-3407,Puno,Audiovisual,149,180,84036,159153,93899,65254,45,56,PM_SOTO,SRV-NODE-6
ERP-08518,PROJ-4310,Arequipa,Videoconference,21,22,4578,9713,5409,4304,23,32,PM_VEGA,SRV-NODE-9
ERP-08519,PROJ-8512,Iquitos,Audiovisual,31,35,12307,21824,16935,4889,35,45,PM_RIVAS,SRV-NODE-9
ERP-08520,PROJ-1119,Cusco,Videoconference,93,119,54219,102958,55502,47456,50,69,PM_PEREZ,SRV-NODE-1
ERP-08521,PROJ-5105,Puno,Audiovisual,144,156,85536,162839,96297,66542,4,7,PM_PEREZ,SRV-NODE-9
ERP-08522,PROJ-6357,Trujillo,Videoconference,94,122,25098,51225,26341,24884,39,54,PM_PEREZ,SRV-NODE-9
ERP-08523,PROJ-6943,Huancayo,Audiovisual,119,160,37485,75679,48846,26833,43,13,PM_PEREZ,SRV-NODE-5
ERP-08524,PROJ-5004,Cusco,Audiovisual,46,59,19412,35714,22631,13083,12,20,PM_MEZA,SRV-NODE-2
ERP-08525,PROJ-1510,Puno,Videoconference,51,60,12393,21399,14452,6947,24,4,PM_MEZA,SRV-NODE-3
ERP-08526,PROJ-6185,Tacna,Project Mgmt,102,137,28560,54124,29879,24245,41,42,PM_PEREZ,SRV-NODE-10
ERP-08527,PROJ-8183,Iquitos,Videoconference,28,34,6636,12332,8415,3917,10,16,PM_MEZA,SRV-NODE-4
ERP-08528,PROJ-5348,Cajamarca,Audiovisual,30,30,15660,31709,20423,11286,24,32,PM_SOTO,SRV-NODE-2
ERP-08529,PROJ-9900,Trujillo,Project Mgmt,148,161,77256,159184,96301,62883,10,10,PM_SOTO,SRV-NODE-2
ERP-08530,PROJ-7434,Tacna,Business Proc,85,114,26945,50535,32951,17584,25,35,PM_VEGA,SRV-NODE-3
ERP-08531,PROJ-3303,Tacna,Audiovisual,81,92,18063,36800,24291,12509,22,29,PM_PEREZ,SRV-NODE-7
ERP-08532,PROJ-5611,Puno,Business Proc,180,237,64440,103518,75988,27530,23,15,PM_VEGA,SRV-NODE-5
ERP-08533,PROJ-6916,Lima,Project Mgmt,28,30,7476,13295,9982,3313,22,28,PM_PEREZ,SRV-NODE-2
ERP-08534,PROJ-4772,Iquitos,Videoconference,164,187,93644,192046,122401,69645,8,3,PM_PEREZ,SRV-NODE-4
ERP-08535,PROJ-6167,Piura,Audiovisual,171,217,60534,105725,71672,34053,12,19,PM_MEZA,SRV-NODE-7
ERP-08536,PROJ-1729,Tacna,Videoconference,154,167,67606,143874,73209,70665,30,48,PM_VEGA,SRV-NODE-7
ERP-08537,PROJ-2759,Cusco,Audiovisual,172,229,63984,120549,85482,35067,47,8,PM_MEZA,SRV-NODE-9
ERP-08538,PROJ-3796,Cusco,Project Mgmt,109,125,62566,125024,85750,39274,38,68,PM_VEGA,SRV-NODE-4
ERP-08539,PROJ-7021,Puno,Audiovisual,156,176,66144,117815,92318,25497,20,7,PM_RIVAS,SRV-NODE-2
ERP-08540,PROJ-8665,Iquitos,Videoconference,157,165,35953,64773,45732,19041,6,8,PM_MEZA,SRV-NODE-2
ERP-08541,PROJ-4622,Cusco,Business Proc,44,55,26224,46404,29674,16730,41,14,PM_SOTO,SRV-NODE-3
ERP-08542,PROJ-7250,Piura,Project Mgmt,140,149,82040,173440,113122,60318,18,27,PM_PEREZ,SRV-NODE-7
ERP-08543,PROJ-1691,Cajamarca,Audiovisual,43,46,16340,26719,20725,5994,48,20,PM_SOTO,SRV-NODE-8
ERP-08544,PROJ-4681,Tacna,Videoconference,143,161,73931,138334,91946,46388,31,32,PM_MEZA,SRV-NODE-4
ERP-08545,PROJ-3436,Lima,Business Proc,80,100,42960,80147,58658,21489,23,28,PM_PEREZ,SRV-NODE-5
ERP-08546,PROJ-5067,Arequipa,Business Proc,91,118,48867,107399,64855,42544,26,10,PM_SOTO,SRV-NODE-10
ERP-08547,PROJ-8420,Trujillo,Business Proc,21,23,12537,20248,17333,2915,5,4,PM_SOTO,SRV-NODE-5
ERP-08548,PROJ-3635,Piura,Audiovisual,74,85,15170,30626,20963,9663,28,6,PM_MEZA,SRV-NODE-5
ERP-08549,PROJ-5697,Lima,Videoconference,25,26,12150,19584,13656,5928,35,42,PM_PEREZ,SRV-NODE-2
ERP-08550,PROJ-5766,Puno,Audiovisual,138,147,47058,102564,53304,49260,6,9,PM_PEREZ,SRV-NODE-1
ERP-08551,PROJ-2247,Puno,Project Mgmt,40,51,18640,29999,26036,3963,28,14,PM_MEZA,SRV-NODE-8
ERP-08552,PROJ-9313,Lima,Project Mgmt,121,127,70180,145748,92173,53575,5,4,PM_RIVAS,SRV-NODE-10
ERP-08553,PROJ-7108,Huancayo,Business Proc,70,93,29470,57121,40973,16148,46,33,PM_VEGA,SRV-NODE-9
ERP-08554,PROJ-4469,Lima,Business Proc,129,143,55470,107606,58181,49425,43,8,PM_SOTO,SRV-NODE-9
ERP-08555,PROJ-8383,Puno,Videoconference,28,35,15764,32110,18989,13121,39,36,PM_SOTO,SRV-NODE-4
ERP-08556,PROJ-5039,Puno,Videoconference,166,207,64408,118760,83992,34768,24,27,PM_MEZA,SRV-NODE-10
ERP-08557,PROJ-6372,Tacna,Videoconference,124,128,29636,61675,37157,24518,28,32,PM_PEREZ,SRV-NODE-3
ERP-08558,PROJ-4082,Lima,Videoconference,155,202,79360,155957,109744,46213,21,34,PM_SOTO,SRV-NODE-9
ERP-08559,PROJ-3331,Lima,Business Proc,93,97,19065,38601,20466,18135,4,2,PM_PEREZ,SRV-NODE-4
ERP-08560,PROJ-6968,Arequipa,Audiovisual,45,53,10350,17699,10451,7248,33,4,PM_RIVAS,SRV-NODE-9
ERP-08561,PROJ-7903,Iquitos,Business Proc,153,199,70992,129043,77712,51331,25,21,PM_MEZA,SRV-NODE-5
ERP-08562,PROJ-8717,Cajamarca,Audiovisual,29,36,12064,24961,12566,12395,19,10,PM_MEZA,SRV-NODE-4
ERP-08563,PROJ-1207,Cusco,Project Mgmt,171,192,53694,92785,63076,29709,22,11,PM_PEREZ,SRV-NODE-10
ERP-08564,PROJ-9721,Arequipa,Project Mgmt,76,94,34580,61101,47892,13209,48,19,PM_SOTO,SRV-NODE-2
ERP-08565,PROJ-7101,Puno,Videoconference,160,163,61760,105084,85392,19692,13,14,PM_RIVAS,SRV-NODE-6
ERP-08566,PROJ-5692,Piura,Videoconference,53,61,23002,42147,25420,16727,8,8,PM_RIVAS,SRV-NODE-9
ERP-08567,PROJ-5576,Cajamarca,Audiovisual,98,130,52136,100661,61802,38859,40,45,PM_SOTO,SRV-NODE-3
ERP-08568,PROJ-6152,Puno,Audiovisual,166,206,79846,165625,93722,71903,7,11,PM_SOTO,SRV-NODE-6
ERP-08569,PROJ-9175,Huancayo,Business Proc,126,132,43344,88992,47918,41074,18,12,PM_VEGA,SRV-NODE-6
ERP-08570,PROJ-3837,Piura,Business Proc,30,33,8250,18099,9760,8339,50,29,PM_VEGA,SRV-NODE-4
ERP-08571,PROJ-3833,Cajamarca,Business Proc,157,201,48199,95091,65971,29120,16,26,PM_RIVAS,SRV-NODE-7
ERP-08572,PROJ-4000,Arequipa,Videoconference,149,168,37399,69441,45345,24096,36,41,PM_MEZA,SRV-NODE-7
ERP-08573,PROJ-1937,Iquitos,Audiovisual,125,166,62125,120826,86835,33991,20,6,PM_PEREZ,SRV-NODE-4
ERP-08574,PROJ-6938,Tacna,Project Mgmt,146,168,36062,66171,37990,28181,34,38,PM_RIVAS,SRV-NODE-10
ERP-08575,PROJ-9189,Huancayo,Project Mgmt,81,89,30537,63136,37154,25982,39,42,PM_VEGA,SRV-NODE-10
ERP-08576,PROJ-9537,Huancayo,Project Mgmt,89,105,48238,84767,66240,18527,47,42,PM_VEGA,SRV-NODE-2
ERP-08577,PROJ-1192,Iquitos,Business Proc,41,48,20008,34110,27289,6821,21,24,PM_RIVAS,SRV-NODE-5
ERP-08578,PROJ-7893,Cajamarca,Business Proc,32,33,7872,14426,8584,5842,22,33,PM_VEGA,SRV-NODE-3
ERP-08579,PROJ-1443,Piura,Audiovisual,52,58,15288,26062,20434,5628,26,7,PM_MEZA,SRV-NODE-3
ERP-08580,PROJ-1965,Lima,Project Mgmt,27,28,7344,12255,8400,3855,8,2,PM_RIVAS,SRV-NODE-3
ERP-08581,PROJ-8661,Huancayo,Project Mgmt,173,222,76639,165007,84875,80132,37,35,PM_SOTO,SRV-NODE-8
ERP-08582,PROJ-2307,Cajamarca,Project Mgmt,78,103,18174,30632,22483,8149,43,41,PM_PEREZ,SRV-NODE-6
ERP-08583,PROJ-4237,Puno,Business Proc,97,102,51604,84462,54221,30241,9,11,PM_RIVAS,SRV-NODE-5
ERP-08584,PROJ-2186,Trujillo,Videoconference,61,65,20496,44949,25814,19135,45,76,PM_MEZA,SRV-NODE-2
ERP-08585,PROJ-9624,Piura,Videoconference,26,33,11570,21002,13930,7072,5,7,PM_SOTO,SRV-NODE-5
ERP-08586,PROJ-7191,Lima,Audiovisual,164,219,90692,147495,115394,32101,22,18,PM_MEZA,SRV-NODE-7
ERP-08587,PROJ-5377,Piura,Audiovisual,169,177,47996,82429,59405,23024,3,5,PM_PEREZ,SRV-NODE-1
ERP-08588,PROJ-3169,Tacna,Business Proc,174,223,50112,103132,66896,36236,41,47,PM_PEREZ,SRV-NODE-9
ERP-08589,PROJ-6734,Huancayo,Videoconference,106,132,41128,89068,41202,47866,36,14,PM_RIVAS,SRV-NODE-3
ERP-08590,PROJ-1523,Iquitos,Project Mgmt,140,143,29820,56263,39826,16437,9,1,PM_RIVAS,SRV-NODE-8
ERP-08591,PROJ-8648,Cajamarca,Audiovisual,141,141,63309,128284,66052,62232,43,6,PM_RIVAS,SRV-NODE-9
ERP-08592,PROJ-5236,Iquitos,Project Mgmt,74,89,30340,65640,37522,28118,24,23,PM_RIVAS,SRV-NODE-2
ERP-08593,PROJ-1566,Piura,Business Proc,128,172,59776,113472,72399,41073,33,41,PM_PEREZ,SRV-NODE-4
ERP-08594,PROJ-4187,Cajamarca,Business Proc,32,37,8064,17139,8482,8657,19,29,PM_VEGA,SRV-NODE-10
ERP-08595,PROJ-4470,Huancayo,Videoconference,103,137,50882,89372,67367,22005,20,20,PM_VEGA,SRV-NODE-9
ERP-08596,PROJ-4518,Huancayo,Videoconference,52,64,19292,35612,22458,13154,37,12,PM_SOTO,SRV-NODE-8
ERP-08597,PROJ-7567,Lima,Project Mgmt,121,151,53603,100316,72763,27553,9,3,PM_PEREZ,SRV-NODE-6
ERP-08598,PROJ-7767,Arequipa,Videoconference,115,129,52785,87517,70018,17499,29,36,PM_RIVAS,SRV-NODE-5
ERP-08599,PROJ-3646,Cajamarca,Audiovisual,23,24,7935,16977,8648,8329,24,4,PM_VEGA,SRV-NODE-6
ERP-08600,PROJ-3815,Lima,Business Proc,114,135,65322,120802,78527,42275,19,14,PM_VEGA,SRV-NODE-5
ERP-08601,PROJ-7136,Tacna,Project Mgmt,47,62,22795,42840,24204,18636,11,11,PM_MEZA,SRV-NODE-5
ERP-08602,PROJ-7615,Lima,Project Mgmt,71,77,38056,73838,50380,23458,5,2,PM_MEZA,SRV-NODE-6
ERP-08603,PROJ-1504,Lima,Audiovisual,66,76,13398,27508,16870,10638,19,20,PM_SOTO,SRV-NODE-7
ERP-08604,PROJ-3906,Piura,Videoconference,23,26,8395,13459,8686,4773,16,10,PM_RIVAS,SRV-NODE-9
ERP-08605,PROJ-5362,Cajamarca,Business Proc,85,101,24735,43206,29884,13322,45,10,PM_VEGA,SRV-NODE-3
ERP-08606,PROJ-2832,Cusco,Audiovisual,129,160,54954,100868,67336,33532,4,2,PM_SOTO,SRV-NODE-2
ERP-08607,PROJ-7232,Huancayo,Project Mgmt,136,158,74120,140384,84302,56082,4,0,PM_MEZA,SRV-NODE-7
ERP-08608,PROJ-2188,Arequipa,Audiovisual,91,101,18655,31589,19439,12150,16,7,PM_SOTO,SRV-NODE-8
ERP-08609,PROJ-8579,Arequipa,Videoconference,123,158,55473,99961,69325,30636,31,19,PM_VEGA,SRV-NODE-7
ERP-08610,PROJ-8435,Puno,Audiovisual,130,145,72670,126771,97496,29275,20,29,PM_RIVAS,SRV-NODE-1
ERP-08611,PROJ-5847,Puno,Project Mgmt,27,35,9153,18304,9493,8811,46,39,PM_MEZA,SRV-NODE-9
ERP-08612,PROJ-5771,Lima,Project Mgmt,85,105,36550,65338,45597,19741,12,4,PM_VEGA,SRV-NODE-3
ERP-08613,PROJ-5145,Lima,Business Proc,91,103,25662,47592,34071,13521,36,47,PM_VEGA,SRV-NODE-6
ERP-08614,PROJ-2345,Tacna,Project Mgmt,173,193,94977,184495,116407,68088,3,5,PM_PEREZ,SRV-NODE-7
ERP-08615,PROJ-2373,Iquitos,Videoconference,137,183,74939,130558,98857,31701,45,24,PM_RIVAS,SRV-NODE-5
ERP-08616,PROJ-5160,Lima,Audiovisual,114,114,24282,48050,29456,18594,13,15,PM_RIVAS,SRV-NODE-2
ERP-08617,PROJ-1933,Iquitos,Project Mgmt,25,33,14925,27183,17674,9509,47,71,PM_SOTO,SRV-NODE-7
ERP-08618,PROJ-9542,Cajamarca,Audiovisual,159,186,78387,144538,108824,35714,46,28,PM_SOTO,SRV-NODE-10
ERP-08619,PROJ-5910,Iquitos,Project Mgmt,120,156,25320,52055,26143,25912,19,12,PM_SOTO,SRV-NODE-2
ERP-08620,PROJ-2938,Iquitos,Business Proc,149,181,65262,122747,76199,46548,39,31,PM_MEZA,SRV-NODE-7
ERP-08621,PROJ-2779,Piura,Business Proc,157,166,64841,120016,84737,35279,16,23,PM_SOTO,SRV-NODE-10
ERP-08622,PROJ-9988,Puno,Videoconference,126,166,30996,54471,31050,23421,19,2,PM_SOTO,SRV-NODE-5
ERP-08623,PROJ-6947,Huancayo,Business Proc,57,72,13509,27573,16695,10878,32,5,PM_PEREZ,SRV-NODE-5
ERP-08624,PROJ-4844,Trujillo,Project Mgmt,60,65,17400,33544,21405,12139,16,22,PM_VEGA,SRV-NODE-7
ERP-08625,PROJ-9030,Cusco,Project Mgmt,72,79,38520,71810,52777,19033,23,33,PM_PEREZ,SRV-NODE-4
ERP-08626,PROJ-4216,Tacna,Project Mgmt,145,156,81780,165737,90871,74866,48,39,PM_SOTO,SRV-NODE-3
ERP-08627,PROJ-9689,Tacna,Project Mgmt,169,205,68614,145864,95222,50642,5,8,PM_VEGA,SRV-NODE-4
ERP-08628,PROJ-7790,Puno,Videoconference,42,48,24654,43713,31336,12377,32,12,PM_SOTO,SRV-NODE-2
ERP-08629,PROJ-6108,Huancayo,Videoconference,178,189,83304,177566,93802,83764,40,6,PM_PEREZ,SRV-NODE-5
ERP-08630,PROJ-1917,Cusco,Audiovisual,100,105,28400,57462,30174,27288,38,6,PM_RIVAS,SRV-NODE-3
ERP-08631,PROJ-2297,Cusco,Business Proc,129,132,61017,125940,71305,54635,48,73,PM_MEZA,SRV-NODE-5
ERP-08632,PROJ-4499,Iquitos,Audiovisual,83,83,21912,42818,30045,12773,33,48,PM_SOTO,SRV-NODE-6
ERP-08633,PROJ-6338,Cajamarca,Project Mgmt,112,134,35168,61484,41934,19550,28,37,PM_MEZA,SRV-NODE-8
ERP-08634,PROJ-7692,Piura,Videoconference,99,105,57123,93630,73940,19690,25,6,PM_PEREZ,SRV-NODE-6
ERP-08635,PROJ-3062,Piura,Business Proc,42,45,8736,17595,8967,8628,40,14,PM_SOTO,SRV-NODE-10
ERP-08636,PROJ-7840,Lima,Project Mgmt,70,77,39060,64306,48233,16073,37,28,PM_PEREZ,SRV-NODE-2
ERP-08637,PROJ-4652,Arequipa,Audiovisual,162,182,46332,91829,54723,37106,49,12,PM_SOTO,SRV-NODE-9
ERP-08638,PROJ-6071,Puno,Audiovisual,55,66,25630,51283,32688,18595,43,46,PM_VEGA,SRV-NODE-3
ERP-08639,PROJ-4110,Iquitos,Project Mgmt,86,99,50654,83760,66710,17050,22,34,PM_SOTO,SRV-NODE-2
ERP-08640,PROJ-8577,Puno,Audiovisual,64,77,23872,47772,25998,21774,23,26,PM_VEGA,SRV-NODE-8
ERP-08641,PROJ-3300,Cusco,Audiovisual,46,55,17158,33215,19055,14160,35,12,PM_PEREZ,SRV-NODE-2
ERP-08642,PROJ-9609,Huancayo,Audiovisual,171,173,84645,169456,103706,65750,16,4,PM_MEZA,SRV-NODE-1
ERP-08643,PROJ-9008,Cusco,Videoconference,118,145,37406,65520,38756,26764,30,18,PM_SOTO,SRV-NODE-8
ERP-08644,PROJ-3982,Trujillo,Audiovisual,153,206,47889,90843,49957,40886,19,30,PM_PEREZ,SRV-NODE-1
ERP-08645,PROJ-9425,Piura,Business Proc,127,134,58166,122058,58218,63840,39,17,PM_RIVAS,SRV-NODE-7
ERP-08646,PROJ-7838,Piura,Audiovisual,173,206,99821,172693,111330,61363,12,11,PM_VEGA,SRV-NODE-6
ERP-08647,PROJ-4284,Cusco,Project Mgmt,149,182,43210,79131,55264,23867,44,78,PM_MEZA,SRV-NODE-9
ERP-08648,PROJ-7387,Piura,Videoconference,53,60,31323,60041,31962,28079,16,5,PM_RIVAS,SRV-NODE-4
ERP-08649,PROJ-9712,Piura,Audiovisual,136,183,40800,73413,41643,31770,37,59,PM_MEZA,SRV-NODE-8
ERP-08650,PROJ-2567,Puno,Videoconference,94,110,34216,71862,45553,26309,25,35,PM_RIVAS,SRV-NODE-3
ERP-08651,PROJ-2979,Cajamarca,Audiovisual,85,110,34935,62044,46765,15279,24,5,PM_PEREZ,SRV-NODE-10
ERP-08652,PROJ-5458,Piura,Audiovisual,173,174,41693,79566,55512,24054,38,53,PM_SOTO,SRV-NODE-8
ERP-08653,PROJ-3484,Huancayo,Business Proc,37,44,20757,45284,24418,20866,34,24,PM_RIVAS,SRV-NODE-9
ERP-08654,PROJ-6742,Arequipa,Business Proc,51,52,15351,28806,21035,7771,22,25,PM_VEGA,SRV-NODE-8
ERP-08655,PROJ-5353,Arequipa,Project Mgmt,71,84,33441,65803,45159,20644,20,27,PM_MEZA,SRV-NODE-4
ERP-08656,PROJ-4462,Arequipa,Project Mgmt,80,81,24400,41396,31697,9699,46,41,PM_VEGA,SRV-NODE-5
ERP-08657,PROJ-8990,Piura,Videoconference,160,178,79360,166911,85491,81420,21,23,PM_PEREZ,SRV-NODE-10
ERP-08658,PROJ-3215,Trujillo,Project Mgmt,44,55,19404,42401,19873,22528,21,15,PM_MEZA,SRV-NODE-9
ERP-08659,PROJ-6913,Piura,Audiovisual,29,29,8468,17727,11529,6198,37,54,PM_PEREZ,SRV-NODE-3
ERP-08660,PROJ-2098,Puno,Videoconference,117,139,26325,46488,28486,18002,31,31,PM_SOTO,SRV-NODE-2
ERP-08661,PROJ-8252,Arequipa,Business Proc,44,56,26312,53191,32755,20436,30,22,PM_PEREZ,SRV-NODE-5
ERP-08662,PROJ-1224,Puno,Videoconference,55,68,26950,54480,37420,17060,29,16,PM_MEZA,SRV-NODE-2
ERP-08663,PROJ-7452,Trujillo,Project Mgmt,88,94,51744,97802,54919,42883,9,7,PM_MEZA,SRV-NODE-10
ERP-08664,PROJ-3786,Tacna,Business Proc,23,23,9913,17624,13686,3938,16,5,PM_SOTO,SRV-NODE-5
ERP-08665,PROJ-9692,Iquitos,Videoconference,127,157,70993,117918,83577,34341,10,17,PM_VEGA,SRV-NODE-9
ERP-08666,PROJ-1240,Arequipa,Videoconference,54,61,24192,44648,29310,15338,38,38,PM_RIVAS,SRV-NODE-4
ERP-08667,PROJ-3572,Lima,Business Proc,65,66,23010,49480,26593,22887,34,40,PM_VEGA,SRV-NODE-4
ERP-08668,PROJ-4254,Cusco,Business Proc,26,31,11336,21915,13101,8814,21,19,PM_MEZA,SRV-NODE-3
ERP-08669,PROJ-6132,Iquitos,Business Proc,44,52,14696,26643,16552,10091,7,10,PM_RIVAS,SRV-NODE-10
ERP-08670,PROJ-8584,Huancayo,Business Proc,37,45,10027,17954,11927,6027,25,18,PM_PEREZ,SRV-NODE-2
ERP-08671,PROJ-2325,Cajamarca,Project Mgmt,178,234,35778,69013,44108,24905,15,22,PM_VEGA,SRV-NODE-5
ERP-08672,PROJ-8018,Trujillo,Project Mgmt,88,88,35728,67451,45055,22396,35,12,PM_VEGA,SRV-NODE-6
ERP-08673,PROJ-5643,Piura,Project Mgmt,127,146,31369,54327,38638,15689,38,23,PM_PEREZ,SRV-NODE-7
ERP-08674,PROJ-5976,Trujillo,Videoconference,21,22,7791,13366,8374,4992,5,4,PM_RIVAS,SRV-NODE-3
ERP-08675,PROJ-4306,Trujillo,Business Proc,49,65,23422,39812,26408,13404,12,5,PM_SOTO,SRV-NODE-8
ERP-08676,PROJ-1996,Arequipa,Videoconference,34,43,15232,29726,16870,12856,17,14,PM_MEZA,SRV-NODE-2
ERP-08677,PROJ-9979,Lima,Audiovisual,155,161,36735,73192,41063,32129,45,8,PM_RIVAS,SRV-NODE-8
ERP-08678,PROJ-1008,Trujillo,Videoconference,131,170,32750,58023,33582,24441,4,5,PM_MEZA,SRV-NODE-7
ERP-08679,PROJ-1426,Iquitos,Videoconference,73,81,14965,25011,19588,5423,31,51,PM_SOTO,SRV-NODE-6
ERP-08680,PROJ-5881,Arequipa,Videoconference,76,84,32680,55673,35317,20356,11,1,PM_MEZA,SRV-NODE-2
ERP-08681,PROJ-4444,Tacna,Audiovisual,116,122,39556,72002,42771,29231,46,72,PM_MEZA,SRV-NODE-5
ERP-08682,PROJ-6238,Iquitos,Audiovisual,95,125,19665,41932,22143,19789,18,29,PM_PEREZ,SRV-NODE-4
ERP-08683,PROJ-6445,Lima,Business Proc,122,132,25254,48783,28112,20671,22,3,PM_PEREZ,SRV-NODE-2
ERP-08684,PROJ-9922,Lima,Project Mgmt,133,147,79667,138195,107060,31135,26,25,PM_RIVAS,SRV-NODE-9
ERP-08685,PROJ-6912,Cusco,Audiovisual,132,139,38940,84372,48460,35912,24,41,PM_SOTO,SRV-NODE-7
ERP-08686,PROJ-5049,Trujillo,Project Mgmt,41,54,18860,33126,25600,7526,23,40,PM_SOTO,SRV-NODE-10
ERP-08687,PROJ-2639,Lima,Videoconference,125,163,55875,89730,58417,31313,37,54,PM_RIVAS,SRV-NODE-1
ERP-08688,PROJ-4714,Tacna,Videoconference,40,51,18640,35463,25919,9544,3,5,PM_RIVAS,SRV-NODE-8
ERP-08689,PROJ-9677,Piura,Videoconference,46,51,22126,38107,22237,15870,32,46,PM_MEZA,SRV-NODE-6
ERP-08690,PROJ-3829,Puno,Audiovisual,118,139,52392,98743,69223,29520,18,32,PM_SOTO,SRV-NODE-1
ERP-08691,PROJ-1794,Trujillo,Videoconference,20,26,4160,9017,4885,4132,12,12,PM_SOTO,SRV-NODE-4
ERP-08692,PROJ-8864,Iquitos,Audiovisual,116,139,36308,58627,43913,14714,35,13,PM_SOTO,SRV-NODE-5
ERP-08693,PROJ-5759,Cusco,Project Mgmt,75,85,24450,44764,28091,16673,38,24,PM_SOTO,SRV-NODE-2
ERP-08694,PROJ-1705,Arequipa,Videoconference,152,169,44992,92919,54128,38791,3,3,PM_MEZA,SRV-NODE-4
ERP-08695,PROJ-7253,Tacna,Project Mgmt,40,40,14600,29245,15045,14200,28,29,PM_PEREZ,SRV-NODE-5
ERP-08696,PROJ-2993,Trujillo,Audiovisual,62,77,31000,59413,37180,22233,47,13,PM_PEREZ,SRV-NODE-5
ERP-08697,PROJ-2649,Puno,Business Proc,172,185,60200,97939,68852,29087,9,2,PM_PEREZ,SRV-NODE-7
ERP-08698,PROJ-6370,Piura,Project Mgmt,155,171,64325,138089,73514,64575,46,54,PM_PEREZ,SRV-NODE-2
ERP-08699,PROJ-1144,Arequipa,Videoconference,48,51,19200,33115,21413,11702,18,4,PM_VEGA,SRV-NODE-2
ERP-08700,PROJ-4465,Cajamarca,Videoconference,166,175,47144,81742,48740,33002,50,43,PM_MEZA,SRV-NODE-5
ERP-08701,PROJ-7281,Tacna,Business Proc,175,233,39725,69851,44657,25194,20,14,PM_VEGA,SRV-NODE-2
ERP-08702,PROJ-8938,Iquitos,Videoconference,147,197,72471,148840,94286,54554,13,9,PM_RIVAS,SRV-NODE-9
ERP-08703,PROJ-1201,Cusco,Project Mgmt,55,64,30415,61644,31713,29931,20,25,PM_SOTO,SRV-NODE-4
ERP-08704,PROJ-6252,Arequipa,Videoconference,94,101,33652,59601,37922,21679,38,12,PM_SOTO,SRV-NODE-1
ERP-08705,PROJ-7125,Huancayo,Videoconference,29,33,7540,16058,7600,8458,18,8,PM_RIVAS,SRV-NODE-4
ERP-08706,PROJ-9600,Tacna,Project Mgmt,154,167,87472,168070,117209,50861,30,39,PM_PEREZ,SRV-NODE-1
ERP-08707,PROJ-6169,Huancayo,Business Proc,147,150,29988,65175,34133,31042,28,16,PM_PEREZ,SRV-NODE-7
ERP-08708,PROJ-8738,Huancayo,Business Proc,49,55,10437,22814,12519,10295,18,8,PM_MEZA,SRV-NODE-8
ERP-08709,PROJ-4209,Huancayo,Project Mgmt,32,39,16960,30861,18207,12654,4,5,PM_SOTO,SRV-NODE-7
ERP-08710,PROJ-4992,Arequipa,Business Proc,157,204,79442,154204,87752,66452,36,24,PM_MEZA,SRV-NODE-5
ERP-08711,PROJ-3063,Arequipa,Business Proc,170,197,82450,135537,98197,37340,3,0,PM_VEGA,SRV-NODE-5
ERP-08712,PROJ-2096,Piura,Project Mgmt,149,149,63623,103027,87517,15510,26,37,PM_PEREZ,SRV-NODE-4
ERP-08713,PROJ-4959,Huancayo,Videoconference,39,49,8658,17498,11921,5577,49,38,PM_VEGA,SRV-NODE-5
ERP-08714,PROJ-7661,Cajamarca,Project Mgmt,177,233,44604,97814,47283,50531,37,38,PM_RIVAS,SRV-NODE-8
ERP-08715,PROJ-8679,Puno,Business Proc,61,77,27023,54879,37788,17091,31,3,PM_RIVAS,SRV-NODE-2
ERP-08716,PROJ-7041,Piura,Audiovisual,94,103,22278,42345,26966,15379,27,11,PM_RIVAS,SRV-NODE-2
ERP-08717,PROJ-4387,Puno,Videoconference,144,177,52272,106519,64448,42071,10,13,PM_VEGA,SRV-NODE-2
ERP-08718,PROJ-9713,Huancayo,Business Proc,58,60,28304,52845,36228,16617,12,1,PM_VEGA,SRV-NODE-7
ERP-08719,PROJ-9697,Lima,Videoconference,77,102,43351,80148,53539,26609,20,33,PM_PEREZ,SRV-NODE-4
ERP-08720,PROJ-5877,Tacna,Audiovisual,34,34,15198,26572,20175,6397,46,70,PM_RIVAS,SRV-NODE-2
ERP-08721,PROJ-5293,Piura,Videoconference,97,115,22698,42398,24362,18036,8,8,PM_PEREZ,SRV-NODE-10
ERP-08722,PROJ-9750,Tacna,Project Mgmt,101,134,46056,87430,61440,25990,23,27,PM_SOTO,SRV-NODE-3
ERP-08723,PROJ-5562,Piura,Business Proc,62,64,17732,28470,19962,8508,36,7,PM_SOTO,SRV-NODE-9
ERP-08724,PROJ-6801,Cajamarca,Audiovisual,157,207,32185,62998,41310,21688,42,19,PM_SOTO,SRV-NODE-5
ERP-08725,PROJ-3479,Lima,Videoconference,81,100,19764,33618,20131,13487,50,81,PM_SOTO,SRV-NODE-4
ERP-08726,PROJ-8081,Cajamarca,Project Mgmt,83,97,37018,80988,48901,32087,44,16,PM_SOTO,SRV-NODE-3
ERP-08727,PROJ-8111,Lima,Project Mgmt,153,172,54315,103485,69488,33997,13,11,PM_VEGA,SRV-NODE-6
ERP-08728,PROJ-4359,Lima,Audiovisual,54,59,16740,30922,21415,9507,9,6,PM_SOTO,SRV-NODE-1
ERP-08729,PROJ-6486,Tacna,Videoconference,162,205,88776,161788,119415,42373,46,24,PM_PEREZ,SRV-NODE-3
ERP-08730,PROJ-7681,Cajamarca,Videoconference,41,49,21197,41461,23988,17473,21,14,PM_RIVAS,SRV-NODE-9
ERP-08731,PROJ-4880,Cajamarca,Project Mgmt,96,107,28992,57534,29068,28466,32,23,PM_MEZA,SRV-NODE-4
ERP-08732,PROJ-7529,Puno,Project Mgmt,41,50,22755,47751,30868,16883,7,0,PM_SOTO,SRV-NODE-4
ERP-08733,PROJ-9940,Trujillo,Project Mgmt,124,155,49972,93586,55043,38543,4,2,PM_RIVAS,SRV-NODE-1
ERP-08734,PROJ-2416,Cusco,Business Proc,150,159,87900,181579,122557,59022,14,13,PM_MEZA,SRV-NODE-8
ERP-08735,PROJ-3557,Tacna,Project Mgmt,37,49,13320,27650,16747,10903,21,3,PM_PEREZ,SRV-NODE-9
ERP-08736,PROJ-6506,Lima,Audiovisual,55,70,24860,52055,26331,25724,33,10,PM_PEREZ,SRV-NODE-2
ERP-08737,PROJ-3045,Cajamarca,Business Proc,135,136,74250,153502,102542,50960,3,3,PM_MEZA,SRV-NODE-3
ERP-08738,PROJ-9379,Huancayo,Videoconference,167,206,57949,111922,64753,47169,9,13,PM_SOTO,SRV-NODE-3
ERP-08739,PROJ-1346,Lima,Videoconference,23,30,12627,26426,15899,10527,25,3,PM_PEREZ,SRV-NODE-5
ERP-08740,PROJ-3867,Cusco,Project Mgmt,46,60,24288,50208,27278,22930,12,7,PM_VEGA,SRV-NODE-10
ERP-08741,PROJ-8956,Piura,Videoconference,35,45,16345,35809,20988,14821,21,18,PM_MEZA,SRV-NODE-10
ERP-08742,PROJ-8160,Cajamarca,Videoconference,157,192,34854,56507,37052,19455,18,16,PM_SOTO,SRV-NODE-6
ERP-08743,PROJ-4632,Arequipa,Audiovisual,163,220,37490,63879,39583,24296,23,29,PM_PEREZ,SRV-NODE-9
ERP-08744,PROJ-3386,Puno,Audiovisual,60,65,22020,44946,22705,22241,21,3,PM_PEREZ,SRV-NODE-2
ERP-08745,PROJ-4087,Cusco,Project Mgmt,60,73,33900,67703,38998,28705,27,10,PM_VEGA,SRV-NODE-3
ERP-08746,PROJ-9069,Puno,Project Mgmt,49,52,20580,34837,24516,10321,24,14,PM_RIVAS,SRV-NODE-6
ERP-08747,PROJ-7807,Huancayo,Project Mgmt,159,200,60420,104142,74864,29278,43,50,PM_SOTO,SRV-NODE-1
ERP-08748,PROJ-8772,Puno,Audiovisual,25,29,9400,15224,12215,3009,34,45,PM_RIVAS,SRV-NODE-4
ERP-08749,PROJ-1683,Lima,Business Proc,177,177,60534,106931,62418,44513,42,16,PM_MEZA,SRV-NODE-10
ERP-08750,PROJ-3705,Trujillo,Videoconference,22,27,5984,9717,6460,3257,47,5,PM_PEREZ,SRV-NODE-5
ERP-08751,PROJ-5598,Puno,Videoconference,170,204,40970,84151,45669,38482,44,48,PM_RIVAS,SRV-NODE-8
ERP-08752,PROJ-4271,Lima,Business Proc,166,172,77356,136131,92106,44025,14,9,PM_RIVAS,SRV-NODE-9
ERP-08753,PROJ-5337,Puno,Business Proc,122,150,37942,66043,40760,25283,38,54,PM_MEZA,SRV-NODE-8
ERP-08754,PROJ-6209,Lima,Audiovisual,88,93,46024,98633,52767,45866,18,17,PM_MEZA,SRV-NODE-1
ERP-08755,PROJ-5999,Iquitos,Audiovisual,146,153,47450,103505,61423,42082,12,8,PM_MEZA,SRV-NODE-7
ERP-08756,PROJ-6378,Puno,Audiovisual,69,76,13938,27795,15799,11996,27,26,PM_SOTO,SRV-NODE-4
ERP-08757,PROJ-9117,Cajamarca,Videoconference,32,39,7360,13888,9142,4746,3,1,PM_MEZA,SRV-NODE-6
ERP-08758,PROJ-6371,Cusco,Business Proc,107,140,46331,81950,64393,17557,31,45,PM_MEZA,SRV-NODE-5
ERP-08759,PROJ-8059,Lima,Audiovisual,163,196,93073,195610,128460,67150,10,4,PM_PEREZ,SRV-NODE-2
ERP-08760,PROJ-1063,Iquitos,Audiovisual,140,147,47040,94165,65252,28913,50,31,PM_MEZA,SRV-NODE-8
ERP-08761,PROJ-4910,Huancayo,Audiovisual,62,83,36146,66209,43314,22895,10,4,PM_MEZA,SRV-NODE-9
ERP-08762,PROJ-2781,Puno,Project Mgmt,79,90,44556,95031,52157,42874,18,8,PM_PEREZ,SRV-NODE-5
ERP-08763,PROJ-3417,Piura,Videoconference,119,131,54145,101845,62962,38883,46,62,PM_VEGA,SRV-NODE-7
ERP-08764,PROJ-9814,Trujillo,Business Proc,90,96,18360,35730,25395,10335,28,39,PM_RIVAS,SRV-NODE-9
ERP-08765,PROJ-7707,Trujillo,Audiovisual,149,192,68093,115844,69624,46220,28,19,PM_RIVAS,SRV-NODE-4
ERP-08766,PROJ-6262,Puno,Videoconference,177,203,50091,91157,53158,37999,42,18,PM_RIVAS,SRV-NODE-4
ERP-08767,PROJ-8026,Cajamarca,Business Proc,56,63,31024,59357,31597,27760,8,14,PM_SOTO,SRV-NODE-8
ERP-08768,PROJ-4306,Lima,Videoconference,75,83,20700,42794,27617,15177,15,17,PM_PEREZ,SRV-NODE-9
ERP-08769,PROJ-9390,Arequipa,Videoconference,37,48,14282,29793,17312,12481,11,13,PM_MEZA,SRV-NODE-3
ERP-08770,PROJ-9515,Cusco,Videoconference,160,161,62560,103210,77271,25939,33,54,PM_PEREZ,SRV-NODE-4
ERP-08771,PROJ-4738,Trujillo,Project Mgmt,33,33,15477,25221,18454,6767,12,5,PM_PEREZ,SRV-NODE-8
ERP-08772,PROJ-7026,Lima,Videoconference,32,35,15744,25451,21597,3854,17,26,PM_VEGA,SRV-NODE-6
ERP-08773,PROJ-9681,Iquitos,Videoconference,64,67,26880,50015,36134,13881,20,21,PM_SOTO,SRV-NODE-1
ERP-08774,PROJ-5902,Lima,Videoconference,101,101,41511,66433,42259,24174,44,15,PM_SOTO,SRV-NODE-8
ERP-08775,PROJ-9083,Piura,Project Mgmt,53,61,17755,36607,22725,13882,35,60,PM_SOTO,SRV-NODE-2
ERP-08776,PROJ-7036,Piura,Videoconference,123,145,58548,113107,78628,34479,28,38,PM_PEREZ,SRV-NODE-10
ERP-08777,PROJ-3729,Lima,Videoconference,150,173,48150,102448,56337,46111,25,12,PM_PEREZ,SRV-NODE-9
ERP-08778,PROJ-9423,Lima,Audiovisual,61,75,15982,26251,18873,7378,42,39,PM_PEREZ,SRV-NODE-5
ERP-08779,PROJ-6808,Cajamarca,Audiovisual,68,76,28900,63385,39455,23930,33,30,PM_RIVAS,SRV-NODE-9
ERP-08780,PROJ-6277,Puno,Business Proc,155,177,46190,86490,52229,34261,26,9,PM_MEZA,SRV-NODE-1
ERP-08781,PROJ-2248,Trujillo,Project Mgmt,51,66,20247,41670,23140,18530,44,20,PM_PEREZ,SRV-NODE-6
ERP-08782,PROJ-1800,Puno,Project Mgmt,60,77,35700,62066,38511,23555,9,13,PM_RIVAS,SRV-NODE-9
ERP-08783,PROJ-6974,Cusco,Audiovisual,163,219,66993,142753,91432,51321,20,9,PM_VEGA,SRV-NODE-8
ERP-08784,PROJ-2187,Huancayo,Audiovisual,102,137,50286,102630,60113,42517,21,31,PM_SOTO,SRV-NODE-10
ERP-08785,PROJ-8109,Huancayo,Project Mgmt,149,153,56322,122796,71885,50911,28,14,PM_PEREZ,SRV-NODE-7
ERP-08786,PROJ-7497,Huancayo,Business Proc,38,47,20748,44806,24119,20687,38,30,PM_PEREZ,SRV-NODE-8
ERP-08787,PROJ-4165,Lima,Business Proc,31,37,12307,25807,15904,9903,48,64,PM_MEZA,SRV-NODE-9
ERP-08788,PROJ-6585,Iquitos,Videoconference,46,61,23598,40233,32919,7314,37,49,PM_MEZA,SRV-NODE-5
ERP-08789,PROJ-6162,Arequipa,Business Proc,100,124,54600,97906,75543,22363,20,31,PM_MEZA,SRV-NODE-5
ERP-08790,PROJ-3472,Puno,Audiovisual,31,41,9641,16058,9917,6141,36,40,PM_SOTO,SRV-NODE-3
ERP-08791,PROJ-6323,Cajamarca,Project Mgmt,162,179,79866,135963,85618,50345,34,60,PM_PEREZ,SRV-NODE-7
ERP-08792,PROJ-3929,Cajamarca,Videoconference,20,21,5460,10058,7359,2699,11,13,PM_PEREZ,SRV-NODE-5
ERP-08793,PROJ-7984,Iquitos,Project Mgmt,170,194,86530,158280,112156,46124,15,8,PM_VEGA,SRV-NODE-3
ERP-08794,PROJ-1196,Cajamarca,Audiovisual,69,71,14904,29287,20438,8849,12,9,PM_PEREZ,SRV-NODE-10
ERP-08795,PROJ-1737,Piura,Project Mgmt,101,114,44036,85721,45770,39951,32,34,PM_RIVAS,SRV-NODE-10
ERP-08796,PROJ-2260,Puno,Audiovisual,148,161,67932,109503,68802,40701,18,18,PM_PEREZ,SRV-NODE-1
ERP-08797,PROJ-3668,Huancayo,Audiovisual,61,82,29036,52982,32279,20703,39,18,PM_SOTO,SRV-NODE-4
ERP-08798,PROJ-9256,Lima,Project Mgmt,122,151,40138,83417,53203,30214,29,25,PM_PEREZ,SRV-NODE-8
ERP-08799,PROJ-8306,Piura,Project Mgmt,149,172,75543,143399,90119,53280,19,11,PM_SOTO,SRV-NODE-3
ERP-08800,PROJ-4534,Tacna,Videoconference,153,161,52938,89608,60141,29467,31,16,PM_PEREZ,SRV-NODE-8
ERP-08801,PROJ-9848,Cusco,Audiovisual,85,113,21080,39491,26210,13281,26,30,PM_SOTO,SRV-NODE-3
ERP-08802,PROJ-9233,Cajamarca,Videoconference,98,115,57134,123279,66663,56616,3,3,PM_RIVAS,SRV-NODE-3
ERP-08803,PROJ-6415,Puno,Videoconference,43,43,9245,18751,9600,9151,15,17,PM_PEREZ,SRV-NODE-8
ERP-08804,PROJ-7511,Cajamarca,Audiovisual,169,200,88049,166464,88056,78408,9,5,PM_RIVAS,SRV-NODE-10
ERP-08805,PROJ-7803,Huancayo,Audiovisual,75,90,44850,83333,57009,26324,48,16,PM_SOTO,SRV-NODE-6
ERP-08806,PROJ-2083,Cajamarca,Audiovisual,20,23,10600,20142,11405,8737,9,5,PM_RIVAS,SRV-NODE-6
ERP-08807,PROJ-8522,Trujillo,Audiovisual,149,199,37399,66933,46435,20498,9,6,PM_RIVAS,SRV-NODE-6
ERP-08808,PROJ-3263,Puno,Project Mgmt,36,45,8460,13935,11063,2872,18,3,PM_RIVAS,SRV-NODE-10
ERP-08809,PROJ-2252,Piura,Project Mgmt,131,132,35632,62431,41253,21178,18,16,PM_RIVAS,SRV-NODE-5
ERP-08810,PROJ-8474,Arequipa,Business Proc,28,37,15736,34505,18024,16481,25,42,PM_RIVAS,SRV-NODE-4
ERP-08811,PROJ-6180,Arequipa,Audiovisual,26,29,12324,26044,12827,13217,46,51,PM_MEZA,SRV-NODE-7
ERP-08812,PROJ-6607,Tacna,Business Proc,123,128,47601,87335,59869,27466,5,6,PM_MEZA,SRV-NODE-5
ERP-08813,PROJ-5000,Tacna,Videoconference,59,59,33158,58043,34285,23758,12,8,PM_VEGA,SRV-NODE-5
ERP-08814,PROJ-6649,Piura,Project Mgmt,112,146,56896,111338,58111,53227,3,5,PM_PEREZ,SRV-NODE-5
ERP-08815,PROJ-8883,Puno,Project Mgmt,28,31,16772,30477,17584,12893,26,18,PM_SOTO,SRV-NODE-5
ERP-08816,PROJ-7203,Arequipa,Videoconference,24,27,6624,11888,8277,3611,45,60,PM_MEZA,SRV-NODE-4
ERP-08817,PROJ-5182,Piura,Audiovisual,20,25,6140,11007,7140,3867,21,27,PM_MEZA,SRV-NODE-2
ERP-08818,PROJ-9058,Tacna,Videoconference,101,126,28381,46064,29130,16934,3,1,PM_MEZA,SRV-NODE-8
ERP-08819,PROJ-9087,Cajamarca,Audiovisual,151,185,59796,119423,81288,38135,27,31,PM_PEREZ,SRV-NODE-6
ERP-08820,PROJ-5495,Puno,Project Mgmt,169,172,51038,104042,68327,35715,3,3,PM_RIVAS,SRV-NODE-1
ERP-08821,PROJ-1196,Arequipa,Audiovisual,109,129,45017,74079,62010,12069,39,56,PM_SOTO,SRV-NODE-5
ERP-08822,PROJ-9399,Arequipa,Videoconference,116,150,68440,112562,76882,35680,3,4,PM_SOTO,SRV-NODE-10
ERP-08823,PROJ-7616,Tacna,Project Mgmt,64,81,21568,43592,28620,14972,18,13,PM_SOTO,SRV-NODE-2
ERP-08824,PROJ-6363,Arequipa,Business Proc,127,162,45085,97901,46051,51850,36,31,PM_VEGA,SRV-NODE-10
ERP-08825,PROJ-6934,Trujillo,Project Mgmt,127,159,51943,111134,66681,44453,36,17,PM_VEGA,SRV-NODE-1
ERP-08826,PROJ-7309,Piura,Project Mgmt,74,99,31524,55120,37063,18057,21,8,PM_RIVAS,SRV-NODE-8
ERP-08827,PROJ-5092,Huancayo,Project Mgmt,97,127,35793,70860,45820,25040,10,1,PM_PEREZ,SRV-NODE-5
ERP-08828,PROJ-4886,Arequipa,Project Mgmt,152,171,47576,99752,52864,46888,48,47,PM_RIVAS,SRV-NODE-10
ERP-08829,PROJ-4865,Cajamarca,Audiovisual,75,97,24075,51706,32571,19135,16,19,PM_SOTO,SRV-NODE-9
ERP-08830,PROJ-6847,Iquitos,Project Mgmt,118,140,25134,53476,32683,20793,12,17,PM_PEREZ,SRV-NODE-3
ERP-08831,PROJ-5720,Lima,Project Mgmt,177,195,88500,177561,103120,74441,43,48,PM_VEGA,SRV-NODE-3
ERP-08832,PROJ-3097,Lima,Project Mgmt,79,84,24806,54031,29930,24101,29,51,PM_SOTO,SRV-NODE-10
ERP-08833,PROJ-6789,Puno,Audiovisual,31,38,7037,11926,8333,3593,11,11,PM_PEREZ,SRV-NODE-5
ERP-08834,PROJ-1558,Arequipa,Business Proc,144,161,53424,113603,58641,54962,19,5,PM_SOTO,SRV-NODE-7
ERP-08835,PROJ-7245,Iquitos,Business Proc,44,57,14080,23476,15767,7709,21,3,PM_MEZA,SRV-NODE-3
ERP-08836,PROJ-5506,Lima,Business Proc,109,112,34880,60126,46299,13827,7,2,PM_SOTO,SRV-NODE-10
ERP-08837,PROJ-5347,Cajamarca,Project Mgmt,135,143,60480,98379,77922,20457,19,19,PM_SOTO,SRV-NODE-1
ERP-08838,PROJ-2432,Tacna,Audiovisual,116,139,38396,77260,45528,31732,17,28,PM_MEZA,SRV-NODE-2
ERP-08839,PROJ-7935,Cajamarca,Audiovisual,131,139,44147,71318,61118,10200,40,10,PM_MEZA,SRV-NODE-9
ERP-08840,PROJ-6504,Cusco,Videoconference,128,151,57600,107835,75623,32212,44,45,PM_SOTO,SRV-NODE-6
ERP-08841,PROJ-2976,Huancayo,Business Proc,136,180,60112,106118,80812,25306,9,4,PM_SOTO,SRV-NODE-2
ERP-08842,PROJ-7080,Huancayo,Business Proc,73,90,17885,37511,24905,12606,43,66,PM_PEREZ,SRV-NODE-4
ERP-08843,PROJ-4189,Cajamarca,Videoconference,158,195,41712,89620,56726,32894,50,74,PM_PEREZ,SRV-NODE-7
ERP-08844,PROJ-5729,Arequipa,Business Proc,92,98,44252,72969,60289,12680,30,38,PM_PEREZ,SRV-NODE-7
ERP-08845,PROJ-2678,Lima,Videoconference,63,78,14742,24318,18080,6238,20,32,PM_RIVAS,SRV-NODE-5
ERP-08846,PROJ-2481,Tacna,Audiovisual,113,146,47008,94000,59299,34701,27,37,PM_PEREZ,SRV-NODE-7
ERP-08847,PROJ-9217,Puno,Videoconference,127,144,37592,79158,49136,30022,15,6,PM_SOTO,SRV-NODE-3
ERP-08848,PROJ-7559,Piura,Project Mgmt,20,22,4040,6931,5141,1790,41,54,PM_MEZA,SRV-NODE-4
ERP-08849,PROJ-1583,Lima,Audiovisual,117,118,45279,96295,58096,38199,22,14,PM_MEZA,SRV-NODE-4
ERP-08850,PROJ-5446,Piura,Videoconference,177,235,87261,179602,106055,73547,6,6,PM_SOTO,SRV-NODE-9
ERP-08851,PROJ-2136,Tacna,Business Proc,62,65,22506,43845,23811,20034,40,47,PM_SOTO,SRV-NODE-6
ERP-08852,PROJ-4938,Lima,Business Proc,68,81,27336,46181,33682,12499,5,5,PM_MEZA,SRV-NODE-8
ERP-08853,PROJ-3349,Arequipa,Videoconference,43,52,24037,49008,31720,17288,15,24,PM_PEREZ,SRV-NODE-7
ERP-08854,PROJ-7488,Cusco,Business Proc,58,74,17342,34963,20900,14063,18,30,PM_PEREZ,SRV-NODE-9
ERP-08855,PROJ-8500,Huancayo,Project Mgmt,119,125,33320,63936,44967,18969,48,26,PM_SOTO,SRV-NODE-5
ERP-08856,PROJ-2407,Cusco,Business Proc,112,116,56224,98819,71375,27444,21,35,PM_SOTO,SRV-NODE-5
ERP-08857,PROJ-3651,Lima,Project Mgmt,141,182,41313,82990,51173,31817,10,11,PM_MEZA,SRV-NODE-5
ERP-08858,PROJ-2767,Piura,Business Proc,172,219,51600,90335,59414,30921,5,3,PM_PEREZ,SRV-NODE-10
ERP-08859,PROJ-2554,Tacna,Audiovisual,159,179,40227,71593,48535,23058,36,64,PM_PEREZ,SRV-NODE-3
ERP-08860,PROJ-8934,Iquitos,Videoconference,132,176,49764,105464,61624,43840,18,5,PM_RIVAS,SRV-NODE-8
ERP-08861,PROJ-4754,Iquitos,Audiovisual,33,35,15114,25941,19156,6785,45,60,PM_MEZA,SRV-NODE-4
ERP-08862,PROJ-5685,Cajamarca,Business Proc,172,188,71896,145580,75913,69667,31,28,PM_VEGA,SRV-NODE-5
ERP-08863,PROJ-2273,Arequipa,Business Proc,85,98,32385,53232,38515,14717,23,11,PM_RIVAS,SRV-NODE-5
ERP-08864,PROJ-2671,Iquitos,Business Proc,81,86,41310,69354,54517,14837,32,39,PM_VEGA,SRV-NODE-1
ERP-08865,PROJ-8667,Cusco,Project Mgmt,38,45,18772,39051,22879,16172,43,62,PM_MEZA,SRV-NODE-7
ERP-08866,PROJ-1747,Cusco,Videoconference,127,153,70104,118909,75561,43348,19,18,PM_MEZA,SRV-NODE-9
ERP-08867,PROJ-1931,Cajamarca,Project Mgmt,125,159,29625,53533,31197,22336,46,44,PM_SOTO,SRV-NODE-7
ERP-08868,PROJ-5537,Cajamarca,Business Proc,166,184,54116,98159,58089,40070,4,6,PM_MEZA,SRV-NODE-9
ERP-08869,PROJ-1602,Piura,Videoconference,100,130,20100,32866,24660,8206,30,19,PM_SOTO,SRV-NODE-4
ERP-08870,PROJ-9779,Iquitos,Audiovisual,126,128,26586,52724,33895,18829,4,5,PM_PEREZ,SRV-NODE-7
ERP-08871,PROJ-8555,Iquitos,Business Proc,165,200,77880,141339,83006,58333,46,82,PM_RIVAS,SRV-NODE-6
ERP-08872,PROJ-2309,Iquitos,Videoconference,73,83,18542,30813,20462,10351,20,25,PM_RIVAS,SRV-NODE-3
ERP-08873,PROJ-7025,Trujillo,Audiovisual,78,104,42042,80182,54348,25834,21,14,PM_RIVAS,SRV-NODE-3
ERP-08874,PROJ-2303,Lima,Videoconference,118,139,39176,72025,51304,20721,33,14,PM_RIVAS,SRV-NODE-10
ERP-08875,PROJ-1092,Trujillo,Videoconference,43,52,24209,49279,29297,19982,13,3,PM_SOTO,SRV-NODE-5
ERP-08876,PROJ-5028,Piura,Project Mgmt,158,180,46136,82851,49994,32857,18,26,PM_VEGA,SRV-NODE-4
ERP-08877,PROJ-1092,Tacna,Audiovisual,124,162,32364,58928,42306,16622,32,42,PM_VEGA,SRV-NODE-6
ERP-08878,PROJ-3823,Huancayo,Audiovisual,131,173,39169,77612,53798,23814,9,11,PM_SOTO,SRV-NODE-7
ERP-08879,PROJ-8331,Puno,Business Proc,57,74,31236,56277,36076,20201,31,44,PM_RIVAS,SRV-NODE-6
ERP-08880,PROJ-1448,Trujillo,Business Proc,51,54,15555,30354,15889,14465,42,52,PM_VEGA,SRV-NODE-6
ERP-08881,PROJ-9756,Cusco,Videoconference,147,158,78792,137071,109593,27478,18,20,PM_RIVAS,SRV-NODE-6
ERP-08882,PROJ-6204,Tacna,Audiovisual,105,123,37485,80241,47927,32314,49,60,PM_SOTO,SRV-NODE-7
ERP-08883,PROJ-4448,Cusco,Project Mgmt,50,51,16300,27845,20610,7235,32,37,PM_VEGA,SRV-NODE-6
ERP-08884,PROJ-2029,Arequipa,Project Mgmt,141,176,69936,130388,89529,40859,23,16,PM_MEZA,SRV-NODE-7
ERP-08885,PROJ-6435,Piura,Videoconference,57,73,25137,41802,30602,11200,13,20,PM_RIVAS,SRV-NODE-10
ERP-08886,PROJ-6577,Iquitos,Business Proc,55,55,22605,42646,26424,16222,50,5,PM_PEREZ,SRV-NODE-4
ERP-08887,PROJ-6084,Lima,Videoconference,112,115,44128,82561,56376,26185,15,10,PM_PEREZ,SRV-NODE-4
ERP-08888,PROJ-9746,Puno,Videoconference,84,91,32760,69430,43804,25626,7,9,PM_MEZA,SRV-NODE-6
ERP-08889,PROJ-6463,Lima,Business Proc,169,211,81289,142727,106364,36363,49,72,PM_PEREZ,SRV-NODE-4
ERP-08890,PROJ-3301,Piura,Project Mgmt,149,192,51554,89624,65453,24171,23,15,PM_RIVAS,SRV-NODE-5
ERP-08891,PROJ-9130,Lima,Videoconference,48,63,16608,33356,22035,11321,18,14,PM_SOTO,SRV-NODE-4
ERP-08892,PROJ-4324,Trujillo,Project Mgmt,164,164,55760,109712,67663,42049,7,9,PM_SOTO,SRV-NODE-7
ERP-08893,PROJ-2510,Piura,Videoconference,67,67,28877,58974,28904,30070,39,17,PM_PEREZ,SRV-NODE-6
ERP-08894,PROJ-4904,Huancayo,Audiovisual,36,45,21096,39498,26646,12852,22,29,PM_MEZA,SRV-NODE-5
ERP-08895,PROJ-1672,Puno,Business Proc,132,157,61248,112646,61370,51276,9,13,PM_SOTO,SRV-NODE-6
ERP-08896,PROJ-1484,Lima,Business Proc,78,85,37908,64215,38307,25908,20,23,PM_RIVAS,SRV-NODE-6
ERP-08897,PROJ-5932,Trujillo,Audiovisual,125,144,48875,91790,63535,28255,36,3,PM_PEREZ,SRV-NODE-6
ERP-08898,PROJ-8930,Cajamarca,Business Proc,78,103,37752,76540,47943,28597,30,15,PM_PEREZ,SRV-NODE-1
ERP-08899,PROJ-5062,Cajamarca,Business Proc,123,126,53013,96074,65501,30573,20,27,PM_MEZA,SRV-NODE-1
ERP-08900,PROJ-5485,Cajamarca,Business Proc,155,165,60760,123884,79189,44695,41,9,PM_MEZA,SRV-NODE-3
ERP-08901,PROJ-7191,Lima,Videoconference,75,78,24075,47509,26087,21422,12,11,PM_MEZA,SRV-NODE-3
ERP-08902,PROJ-8241,Piura,Project Mgmt,35,47,7350,13743,7515,6228,28,7,PM_RIVAS,SRV-NODE-1
ERP-08903,PROJ-6009,Cusco,Audiovisual,28,29,11368,20925,13676,7249,38,64,PM_RIVAS,SRV-NODE-1
ERP-08904,PROJ-1319,Huancayo,Videoconference,158,210,49612,96875,60831,36044,32,33,PM_PEREZ,SRV-NODE-4
ERP-08905,PROJ-2721,Arequipa,Project Mgmt,159,176,62010,102054,82512,19542,18,4,PM_MEZA,SRV-NODE-4
ERP-08906,PROJ-8576,Trujillo,Business Proc,171,176,67374,135742,92268,43474,33,41,PM_VEGA,SRV-NODE-8
ERP-08907,PROJ-9195,Iquitos,Business Proc,171,186,36252,60609,41639,18970,30,20,PM_RIVAS,SRV-NODE-8
ERP-08908,PROJ-2452,Cusco,Videoconference,28,29,10248,17198,13414,3784,46,76,PM_VEGA,SRV-NODE-8
ERP-08909,PROJ-6951,Iquitos,Videoconference,140,175,53480,97211,69425,27786,6,1,PM_MEZA,SRV-NODE-9
ERP-08910,PROJ-8476,Arequipa,Videoconference,74,80,36630,75173,48816,26357,21,14,PM_RIVAS,SRV-NODE-5
ERP-08911,PROJ-6813,Tacna,Business Proc,129,148,35088,61065,37337,23728,41,40,PM_SOTO,SRV-NODE-7
ERP-08912,PROJ-4670,Trujillo,Videoconference,63,73,27720,51855,31131,20724,36,32,PM_PEREZ,SRV-NODE-10
ERP-08913,PROJ-1065,Puno,Audiovisual,175,198,63350,112959,77018,35941,42,25,PM_PEREZ,SRV-NODE-3
ERP-08914,PROJ-8100,Trujillo,Project Mgmt,163,189,39772,85250,53688,31562,13,7,PM_PEREZ,SRV-NODE-1
ERP-08915,PROJ-8449,Trujillo,Business Proc,73,90,40004,72294,47698,24596,41,45,PM_PEREZ,SRV-NODE-9
ERP-08916,PROJ-7423,Piura,Business Proc,55,65,13255,22689,17614,5075,16,27,PM_MEZA,SRV-NODE-6
ERP-08917,PROJ-2374,Cusco,Audiovisual,37,39,8695,17824,9049,8775,50,41,PM_RIVAS,SRV-NODE-5
ERP-08918,PROJ-6503,Tacna,Project Mgmt,80,93,22160,48351,28747,19604,43,41,PM_MEZA,SRV-NODE-10
ERP-08919,PROJ-9135,Arequipa,Project Mgmt,27,34,9990,18992,12441,6551,49,10,PM_PEREZ,SRV-NODE-4
ERP-08920,PROJ-7944,Piura,Project Mgmt,37,38,14837,27092,17303,9789,40,28,PM_VEGA,SRV-NODE-3
ERP-08921,PROJ-1964,Cajamarca,Project Mgmt,141,188,45402,83760,47576,36184,31,3,PM_PEREZ,SRV-NODE-8
ERP-08922,PROJ-8247,Lima,Audiovisual,108,134,33264,64770,35773,28997,11,9,PM_VEGA,SRV-NODE-2
ERP-08923,PROJ-2339,Huancayo,Audiovisual,165,191,87780,163963,113447,50516,46,64,PM_PEREZ,SRV-NODE-3
ERP-08924,PROJ-9533,Huancayo,Audiovisual,129,156,27348,46329,31182,15147,42,68,PM_MEZA,SRV-NODE-7
ERP-08925,PROJ-9759,Lima,Project Mgmt,44,55,8976,18339,11245,7094,44,33,PM_MEZA,SRV-NODE-10
ERP-08926,PROJ-1305,Arequipa,Business Proc,152,202,76456,133244,96968,36276,39,19,PM_SOTO,SRV-NODE-1
ERP-08927,PROJ-5072,Lima,Project Mgmt,90,118,21870,43953,26120,17833,25,29,PM_MEZA,SRV-NODE-3
ERP-08928,PROJ-7913,Puno,Videoconference,87,117,50112,109074,69265,39809,19,8,PM_PEREZ,SRV-NODE-1
ERP-08929,PROJ-2234,Puno,Audiovisual,49,56,24059,39495,26086,13409,48,8,PM_VEGA,SRV-NODE-2
ERP-08930,PROJ-8080,Lima,Audiovisual,90,97,53730,108662,64635,44027,43,9,PM_RIVAS,SRV-NODE-3
ERP-08931,PROJ-3563,Piura,Project Mgmt,97,102,48306,94579,52698,41881,36,37,PM_SOTO,SRV-NODE-5
ERP-08932,PROJ-3602,Tacna,Business Proc,95,125,55480,107000,62895,44105,42,28,PM_VEGA,SRV-NODE-8
ERP-08933,PROJ-5751,Arequipa,Audiovisual,74,83,25826,46923,26172,20751,50,47,PM_VEGA,SRV-NODE-9
ERP-08934,PROJ-6831,Huancayo,Business Proc,130,143,30940,51823,31726,20097,40,59,PM_SOTO,SRV-NODE-8
ERP-08935,PROJ-8449,Cajamarca,Project Mgmt,69,69,18906,31791,25021,6770,38,27,PM_SOTO,SRV-NODE-3
ERP-08936,PROJ-4468,Lima,Videoconference,42,54,23436,38047,23711,14336,38,48,PM_SOTO,SRV-NODE-1
ERP-08937,PROJ-6897,Piura,Audiovisual,45,45,19800,42232,25551,16681,26,19,PM_PEREZ,SRV-NODE-2
ERP-08938,PROJ-2231,Trujillo,Audiovisual,39,51,15405,27913,16969,10944,13,13,PM_SOTO,SRV-NODE-6
ERP-08939,PROJ-2376,Lima,Audiovisual,113,134,56613,113307,77031,36276,46,20,PM_SOTO,SRV-NODE-3
ERP-08940,PROJ-4251,Tacna,Videoconference,58,62,22214,35884,23467,12417,6,4,PM_RIVAS,SRV-NODE-2
ERP-08941,PROJ-3735,Lima,Project Mgmt,107,118,60776,104935,79560,25375,27,35,PM_RIVAS,SRV-NODE-2
ERP-08942,PROJ-6819,Tacna,Videoconference,172,185,87548,153237,116701,36536,5,1,PM_RIVAS,SRV-NODE-9
ERP-08943,PROJ-7714,Cajamarca,Business Proc,26,31,9490,16658,9945,6713,46,49,PM_RIVAS,SRV-NODE-10
ERP-08944,PROJ-9998,Arequipa,Project Mgmt,75,77,37350,71759,42696,29063,49,53,PM_SOTO,SRV-NODE-2
ERP-08945,PROJ-4753,Puno,Business Proc,85,105,29495,63334,39398,23936,36,60,PM_SOTO,SRV-NODE-4
ERP-08946,PROJ-9122,Huancayo,Videoconference,37,39,20683,40935,21821,19114,49,66,PM_VEGA,SRV-NODE-8
ERP-08947,PROJ-2208,Cajamarca,Project Mgmt,66,72,33990,70235,34320,35915,40,39,PM_MEZA,SRV-NODE-8
ERP-08948,PROJ-6787,Iquitos,Audiovisual,97,119,50828,83154,61912,21242,49,83,PM_MEZA,SRV-NODE-5
ERP-08949,PROJ-3873,Cusco,Audiovisual,112,142,51296,94663,54464,40199,15,26,PM_SOTO,SRV-NODE-10
ERP-08950,PROJ-2365,Tacna,Audiovisual,63,63,37044,65128,48961,16167,5,2,PM_MEZA,SRV-NODE-6
ERP-08951,PROJ-4076,Cusco,Videoconference,37,47,10323,21458,13196,8262,48,44,PM_VEGA,SRV-NODE-3
ERP-08952,PROJ-8377,Tacna,Project Mgmt,163,203,35371,67464,46410,21054,35,47,PM_SOTO,SRV-NODE-2
ERP-08953,PROJ-7084,Huancayo,Business Proc,149,192,61090,128055,73397,54658,39,42,PM_MEZA,SRV-NODE-10
ERP-08954,PROJ-1885,Huancayo,Audiovisual,69,80,35880,76667,50051,26616,28,43,PM_SOTO,SRV-NODE-9
ERP-08955,PROJ-5005,Iquitos,Project Mgmt,62,63,25296,55148,32747,22401,42,16,PM_VEGA,SRV-NODE-7
ERP-08956,PROJ-6670,Huancayo,Project Mgmt,62,76,32674,63525,33119,30406,12,6,PM_VEGA,SRV-NODE-9
ERP-08957,PROJ-4978,Trujillo,Audiovisual,29,32,7917,16402,9131,7271,37,11,PM_VEGA,SRV-NODE-6
ERP-08958,PROJ-7381,Piura,Videoconference,46,46,10442,17981,12070,5911,14,10,PM_RIVAS,SRV-NODE-10
ERP-08959,PROJ-7616,Trujillo,Business Proc,41,48,11152,19906,14519,5387,21,2,PM_SOTO,SRV-NODE-5
ERP-08960,PROJ-5371,Lima,Business Proc,117,144,63765,116779,75565,41214,6,8,PM_MEZA,SRV-NODE-9
ERP-08961,PROJ-8857,Arequipa,Business Proc,35,41,16135,28232,17783,10449,6,8,PM_SOTO,SRV-NODE-7
ERP-08962,PROJ-1903,Tacna,Videoconference,47,58,19646,34571,24298,10273,15,8,PM_RIVAS,SRV-NODE-9
ERP-08963,PROJ-7672,Arequipa,Audiovisual,100,123,30400,48984,37582,11402,38,66,PM_VEGA,SRV-NODE-9
ERP-08964,PROJ-1455,Cajamarca,Videoconference,93,118,54498,94791,62430,32361,15,11,PM_VEGA,SRV-NODE-6
ERP-08965,PROJ-5901,Lima,Business Proc,146,147,47742,83784,63464,20320,14,14,PM_MEZA,SRV-NODE-9
ERP-08966,PROJ-7185,Huancayo,Business Proc,91,119,51233,93865,69147,24718,50,61,PM_MEZA,SRV-NODE-8
ERP-08967,PROJ-9189,Lima,Business Proc,150,197,73650,123128,74005,49123,38,27,PM_PEREZ,SRV-NODE-6
ERP-08968,PROJ-7118,Arequipa,Project Mgmt,70,77,32900,62419,45493,16926,20,5,PM_VEGA,SRV-NODE-5
ERP-08969,PROJ-9070,Arequipa,Videoconference,135,180,42255,80399,48455,31944,3,1,PM_PEREZ,SRV-NODE-3
ERP-08970,PROJ-6833,Lima,Audiovisual,83,86,18011,35243,23222,12021,26,25,PM_RIVAS,SRV-NODE-8
ERP-08971,PROJ-1393,Trujillo,Audiovisual,85,106,42160,86758,57881,28877,9,2,PM_VEGA,SRV-NODE-3
ERP-08972,PROJ-4905,Cajamarca,Audiovisual,169,188,73177,119899,83976,35923,21,9,PM_PEREZ,SRV-NODE-4
ERP-08973,PROJ-3579,Tacna,Audiovisual,129,154,46440,87098,57373,29725,18,22,PM_PEREZ,SRV-NODE-10
ERP-08974,PROJ-1583,Cusco,Business Proc,55,71,20900,42595,26217,16378,34,9,PM_MEZA,SRV-NODE-5
ERP-08975,PROJ-2791,Piura,Videoconference,49,64,15092,29594,15215,14379,20,12,PM_PEREZ,SRV-NODE-10
ERP-08976,PROJ-6504,Arequipa,Business Proc,99,110,27720,50850,28506,22344,50,77,PM_PEREZ,SRV-NODE-2
ERP-08977,PROJ-2448,Iquitos,Project Mgmt,59,74,17169,27650,19215,8435,21,9,PM_MEZA,SRV-NODE-6
ERP-08978,PROJ-3494,Cusco,Project Mgmt,162,165,69336,130481,72746,57735,26,30,PM_VEGA,SRV-NODE-3
ERP-08979,PROJ-7270,Piura,Project Mgmt,68,82,38352,76949,49799,27150,39,44,PM_SOTO,SRV-NODE-4
ERP-08980,PROJ-5118,Lima,Business Proc,31,37,13516,28330,16277,12053,18,11,PM_VEGA,SRV-NODE-2
ERP-08981,PROJ-2216,Piura,Business Proc,100,125,34700,60979,40198,20781,21,36,PM_VEGA,SRV-NODE-3
ERP-08982,PROJ-1333,Huancayo,Project Mgmt,25,26,5025,9103,5871,3232,18,5,PM_MEZA,SRV-NODE-2
ERP-08983,PROJ-9933,Piura,Project Mgmt,42,43,8988,15523,10176,5347,14,17,PM_RIVAS,SRV-NODE-3
ERP-08984,PROJ-3093,Piura,Audiovisual,99,114,26136,53434,29453,23981,13,21,PM_PEREZ,SRV-NODE-5
ERP-08985,PROJ-2062,Trujillo,Business Proc,52,54,20904,39405,24079,15326,19,17,PM_SOTO,SRV-NODE-4
ERP-08986,PROJ-5145,Cajamarca,Audiovisual,54,63,10908,23262,11249,12013,9,4,PM_VEGA,SRV-NODE-9
ERP-08987,PROJ-8628,Arequipa,Project Mgmt,113,139,67461,138118,89334,48784,11,8,PM_MEZA,SRV-NODE-9
ERP-08988,PROJ-9473,Huancayo,Audiovisual,155,185,49600,81470,49759,31711,28,35,PM_VEGA,SRV-NODE-3
ERP-08989,PROJ-4658,Lima,Videoconference,39,45,22698,38372,31225,7147,46,35,PM_VEGA,SRV-NODE-7
ERP-08990,PROJ-4071,Puno,Business Proc,37,39,15392,25670,18603,7067,49,26,PM_PEREZ,SRV-NODE-10
ERP-08991,PROJ-7702,Piura,Project Mgmt,101,134,50601,107696,60843,46853,23,24,PM_SOTO,SRV-NODE-6
ERP-08992,PROJ-4935,Huancayo,Videoconference,163,176,66015,121397,68242,53155,19,13,PM_PEREZ,SRV-NODE-9
ERP-08993,PROJ-7351,Puno,Project Mgmt,42,47,21504,43208,28349,14859,4,1,PM_VEGA,SRV-NODE-8
ERP-08994,PROJ-1290,Puno,Business Proc,111,140,52725,108207,54845,53362,36,57,PM_VEGA,SRV-NODE-6
ERP-08995,PROJ-7715,Huancayo,Audiovisual,149,166,73010,135115,74042,61073,8,2,PM_SOTO,SRV-NODE-8
ERP-08996,PROJ-1104,Cusco,Business Proc,42,52,13020,27677,14152,13525,38,47,PM_MEZA,SRV-NODE-3
ERP-08997,PROJ-5188,Iquitos,Project Mgmt,96,121,25536,55151,33940,21211,24,31,PM_MEZA,SRV-NODE-1
ERP-08998,PROJ-9920,Trujillo,Videoconference,105,109,24675,49175,29574,19601,49,31,PM_RIVAS,SRV-NODE-4
ERP-08999,PROJ-4947,Cusco,Videoconference,24,25,11328,20797,11549,9248,36,25,PM_VEGA,SRV-NODE-9
ERP-09000,PROJ-9398,Cajamarca,Videoconference,69,79,18837,35082,23321,11761,44,67,PM_VEGA,SRV-NODE-3
ERP-09001,PROJ-3673,Cajamarca,Audiovisual,155,160,79825,163384,109769,53615,29,51,PM_VEGA,SRV-NODE-8
ERP-09002,PROJ-2436,Iquitos,Audiovisual,68,88,25500,45895,28356,17539,27,27,PM_MEZA,SRV-NODE-4
ERP-09003,PROJ-5300,Trujillo,Business Proc,45,57,10665,21790,11140,10650,41,46,PM_RIVAS,SRV-NODE-6
ERP-09004,PROJ-8294,Cusco,Videoconference,159,202,44997,79215,45541,33674,32,22,PM_RIVAS,SRV-NODE-3
ERP-09005,PROJ-8155,Arequipa,Project Mgmt,147,151,70707,133330,96655,36675,45,67,PM_SOTO,SRV-NODE-6
ERP-09006,PROJ-7872,Tacna,Project Mgmt,119,154,47719,94587,55748,38839,48,68,PM_VEGA,SRV-NODE-3
ERP-09007,PROJ-2220,Tacna,Project Mgmt,141,142,49209,82478,55888,26590,38,39,PM_MEZA,SRV-NODE-10
ERP-09008,PROJ-2515,Lima,Business Proc,82,104,21812,38734,27316,11418,24,11,PM_SOTO,SRV-NODE-8
ERP-09009,PROJ-2895,Cajamarca,Project Mgmt,44,57,22352,43498,24663,18835,17,17,PM_VEGA,SRV-NODE-2
ERP-09010,PROJ-2219,Lima,Videoconference,40,45,13360,25118,16658,8460,27,26,PM_VEGA,SRV-NODE-6
ERP-09011,PROJ-9169,Arequipa,Business Proc,142,152,42174,84855,47683,37172,10,5,PM_SOTO,SRV-NODE-2
ERP-09012,PROJ-3201,Cusco,Videoconference,80,104,31920,68979,41215,27764,25,33,PM_PEREZ,SRV-NODE-1
ERP-09013,PROJ-4251,Tacna,Business Proc,157,208,76302,148298,100647,47651,47,70,PM_SOTO,SRV-NODE-5
ERP-09014,PROJ-1021,Cajamarca,Videoconference,151,183,59192,103515,77707,25808,43,35,PM_MEZA,SRV-NODE-5
ERP-09015,PROJ-8420,Iquitos,Audiovisual,119,138,59143,129791,68369,61422,32,14,PM_MEZA,SRV-NODE-10
ERP-09016,PROJ-3039,Huancayo,Videoconference,169,223,39039,76817,53458,23359,7,12,PM_PEREZ,SRV-NODE-6
ERP-09017,PROJ-4004,Trujillo,Business Proc,130,168,66560,135960,74150,61810,50,81,PM_PEREZ,SRV-NODE-10
ERP-09018,PROJ-5284,Huancayo,Project Mgmt,68,80,30668,55984,39631,16353,25,5,PM_PEREZ,SRV-NODE-10
ERP-09019,PROJ-4992,Cusco,Project Mgmt,59,78,12862,21365,15739,5626,10,14,PM_MEZA,SRV-NODE-4
ERP-09020,PROJ-8560,Iquitos,Audiovisual,131,145,72705,147201,78403,68798,13,11,PM_PEREZ,SRV-NODE-9
ERP-09021,PROJ-3211,Lima,Project Mgmt,22,26,6094,11712,6767,4945,29,18,PM_RIVAS,SRV-NODE-6
ERP-09022,PROJ-8588,Huancayo,Videoconference,30,33,15960,29106,16228,12878,47,82,PM_MEZA,SRV-NODE-1
ERP-09023,PROJ-3524,Piura,Business Proc,21,24,7833,14676,8623,6053,7,1,PM_PEREZ,SRV-NODE-4
ERP-09024,PROJ-7801,Piura,Audiovisual,117,145,40014,80520,49664,30856,29,46,PM_MEZA,SRV-NODE-8
ERP-09025,PROJ-9771,Cusco,Project Mgmt,32,42,10016,20467,10499,9968,32,4,PM_SOTO,SRV-NODE-1
ERP-09026,PROJ-9718,Lima,Business Proc,97,116,29100,52273,34958,17315,8,1,PM_RIVAS,SRV-NODE-5
ERP-09027,PROJ-6136,Tacna,Business Proc,144,153,76176,123351,76607,46744,30,22,PM_MEZA,SRV-NODE-3
ERP-09028,PROJ-5090,Piura,Audiovisual,46,60,10948,22725,11566,11159,25,35,PM_SOTO,SRV-NODE-3
ERP-09029,PROJ-5776,Lima,Audiovisual,173,193,69373,135891,70153,65738,12,9,PM_VEGA,SRV-NODE-10
ERP-09030,PROJ-1608,Lima,Videoconference,68,80,25092,40287,29485,10802,40,21,PM_PEREZ,SRV-NODE-1
ERP-09031,PROJ-7647,Lima,Audiovisual,88,95,49456,96720,59396,37324,9,14,PM_SOTO,SRV-NODE-4
ERP-09032,PROJ-1470,Puno,Business Proc,50,59,17700,31301,23536,7765,42,27,PM_VEGA,SRV-NODE-6
ERP-09033,PROJ-2983,Cusco,Audiovisual,104,124,24024,43224,29230,13994,6,1,PM_PEREZ,SRV-NODE-4
ERP-09034,PROJ-3129,Iquitos,Videoconference,106,121,26394,45130,31231,13899,23,34,PM_MEZA,SRV-NODE-8
ERP-09035,PROJ-1021,Puno,Videoconference,25,27,6375,11076,7668,3408,13,18,PM_SOTO,SRV-NODE-6
ERP-09036,PROJ-1915,Piura,Videoconference,24,26,7896,16072,9593,6479,14,17,PM_PEREZ,SRV-NODE-7
ERP-09037,PROJ-8453,Cusco,Videoconference,66,86,24354,52428,31201,21227,42,46,PM_SOTO,SRV-NODE-6
ERP-09038,PROJ-7191,Arequipa,Business Proc,142,166,45866,79848,54933,24915,40,65,PM_VEGA,SRV-NODE-3
ERP-09039,PROJ-5988,Lima,Project Mgmt,55,59,25190,53979,28446,25533,5,0,PM_RIVAS,SRV-NODE-10
ERP-09040,PROJ-1805,Tacna,Videoconference,124,151,26660,58002,27640,30362,21,13,PM_VEGA,SRV-NODE-9
ERP-09041,PROJ-1056,Arequipa,Business Proc,122,131,58438,117782,65818,51964,26,15,PM_MEZA,SRV-NODE-8
ERP-09042,PROJ-1645,Iquitos,Business Proc,37,47,11359,19644,11571,8073,10,4,PM_VEGA,SRV-NODE-5
ERP-09043,PROJ-5372,Puno,Business Proc,125,135,39500,75808,49144,26664,43,32,PM_MEZA,SRV-NODE-7
ERP-09044,PROJ-1479,Cusco,Project Mgmt,107,123,47294,77589,48797,28792,21,14,PM_PEREZ,SRV-NODE-8
ERP-09045,PROJ-8952,Lima,Audiovisual,152,197,53808,89304,55095,34209,31,33,PM_PEREZ,SRV-NODE-9
ERP-09046,PROJ-2432,Iquitos,Videoconference,159,161,92220,184463,99030,85433,15,12,PM_MEZA,SRV-NODE-6
ERP-09047,PROJ-3436,Huancayo,Business Proc,74,81,42032,82807,54639,28168,15,4,PM_RIVAS,SRV-NODE-6
ERP-09048,PROJ-4214,Arequipa,Project Mgmt,100,126,33300,59912,43642,16270,28,6,PM_SOTO,SRV-NODE-3
ERP-09049,PROJ-5259,Cajamarca,Business Proc,100,125,34800,67319,42172,25147,22,10,PM_PEREZ,SRV-NODE-10
ERP-09050,PROJ-7827,Cusco,Business Proc,33,38,12507,27195,14490,12705,5,7,PM_SOTO,SRV-NODE-8
ERP-09051,PROJ-1620,Cusco,Videoconference,168,191,47544,82183,55646,26537,16,17,PM_PEREZ,SRV-NODE-6
ERP-09052,PROJ-2963,Tacna,Videoconference,69,84,22149,43233,22193,21040,41,34,PM_SOTO,SRV-NODE-5
ERP-09053,PROJ-8171,Puno,Project Mgmt,80,95,19200,34458,26255,8203,4,6,PM_PEREZ,SRV-NODE-3
ERP-09054,PROJ-4799,Cajamarca,Project Mgmt,131,164,71657,132804,89720,43084,29,41,PM_MEZA,SRV-NODE-2
ERP-09055,PROJ-1270,Tacna,Project Mgmt,174,199,69252,128461,78590,49871,46,73,PM_SOTO,SRV-NODE-9
ERP-09056,PROJ-7225,Lima,Business Proc,67,87,18961,33524,23576,9948,31,54,PM_VEGA,SRV-NODE-2
ERP-09057,PROJ-8653,Puno,Project Mgmt,32,40,16128,32084,21481,10603,25,6,PM_VEGA,SRV-NODE-8
ERP-09058,PROJ-3651,Cajamarca,Project Mgmt,22,24,12958,27166,16396,10770,25,40,PM_RIVAS,SRV-NODE-1
ERP-09059,PROJ-1626,Trujillo,Audiovisual,100,121,21600,41479,27619,13860,39,26,PM_MEZA,SRV-NODE-8
ERP-09060,PROJ-5326,Tacna,Project Mgmt,25,27,9275,17243,9539,7704,33,23,PM_MEZA,SRV-NODE-9
ERP-09061,PROJ-8087,Piura,Audiovisual,98,114,44884,93170,48445,44725,11,2,PM_VEGA,SRV-NODE-8
ERP-09062,PROJ-6909,Iquitos,Audiovisual,117,157,32643,67625,40171,27454,32,17,PM_PEREZ,SRV-NODE-6
ERP-09063,PROJ-8192,Tacna,Project Mgmt,104,126,39624,85648,42280,43368,9,6,PM_SOTO,SRV-NODE-5
ERP-09064,PROJ-9885,Cusco,Project Mgmt,23,26,8763,15191,12049,3142,12,4,PM_PEREZ,SRV-NODE-3
ERP-09065,PROJ-4506,Cusco,Project Mgmt,51,65,17187,30829,19016,11813,37,40,PM_RIVAS,SRV-NODE-10
ERP-09066,PROJ-5921,Cusco,Audiovisual,99,117,37224,64523,51226,13297,32,45,PM_PEREZ,SRV-NODE-6
ERP-09067,PROJ-3158,Arequipa,Videoconference,69,72,21666,41784,23839,17945,41,66,PM_RIVAS,SRV-NODE-5
ERP-09068,PROJ-6113,Lima,Videoconference,162,210,56376,95364,64687,30677,39,40,PM_VEGA,SRV-NODE-8
ERP-09069,PROJ-9819,Cajamarca,Videoconference,74,81,28934,59886,32965,26921,7,3,PM_PEREZ,SRV-NODE-1
ERP-09070,PROJ-9671,Iquitos,Business Proc,161,213,89677,171589,96174,75415,18,30,PM_PEREZ,SRV-NODE-2
ERP-09071,PROJ-2913,Piura,Audiovisual,83,86,17181,37209,18906,18303,47,35,PM_VEGA,SRV-NODE-5
ERP-09072,PROJ-2051,Piura,Videoconference,46,58,19734,42468,23294,19174,20,12,PM_SOTO,SRV-NODE-8
ERP-09073,PROJ-8712,Tacna,Audiovisual,112,131,41664,71429,52639,18790,27,15,PM_PEREZ,SRV-NODE-10
ERP-09074,PROJ-3569,Tacna,Audiovisual,127,167,53213,87466,65790,21676,12,17,PM_VEGA,SRV-NODE-9
ERP-09075,PROJ-4723,Cajamarca,Videoconference,40,41,18520,33809,20411,13398,24,8,PM_SOTO,SRV-NODE-2
ERP-09076,PROJ-7993,Arequipa,Videoconference,97,112,32980,69575,45966,23609,44,13,PM_MEZA,SRV-NODE-10
ERP-09077,PROJ-2870,Tacna,Videoconference,137,161,41785,84860,45540,39320,16,14,PM_VEGA,SRV-NODE-2
ERP-09078,PROJ-8228,Piura,Videoconference,102,135,41310,78229,46418,31811,29,17,PM_RIVAS,SRV-NODE-7
ERP-09079,PROJ-9769,Tacna,Business Proc,145,155,51620,107660,67045,40615,34,24,PM_PEREZ,SRV-NODE-10
ERP-09080,PROJ-5401,Huancayo,Business Proc,33,44,7953,15991,10685,5306,11,5,PM_RIVAS,SRV-NODE-3
ERP-09081,PROJ-6611,Cusco,Business Proc,98,98,44296,89757,49199,40558,8,12,PM_VEGA,SRV-NODE-3
ERP-09082,PROJ-2869,Cusco,Videoconference,100,104,46600,83361,52851,30510,36,24,PM_SOTO,SRV-NODE-6
ERP-09083,PROJ-1182,Cajamarca,Project Mgmt,95,109,55100,101367,66238,35129,46,32,PM_SOTO,SRV-NODE-1
ERP-09084,PROJ-6118,Lima,Project Mgmt,112,125,28448,48975,34655,14320,29,20,PM_MEZA,SRV-NODE-10
ERP-09085,PROJ-2594,Arequipa,Business Proc,86,100,34056,55779,47296,8483,28,26,PM_SOTO,SRV-NODE-3
ERP-09086,PROJ-9690,Huancayo,Project Mgmt,26,33,11544,18566,15852,2714,10,15,PM_MEZA,SRV-NODE-2
ERP-09087,PROJ-8657,Piura,Audiovisual,43,52,21285,35675,29490,6185,48,37,PM_VEGA,SRV-NODE-2
ERP-09088,PROJ-8753,Lima,Business Proc,44,54,17688,29912,20205,9707,27,30,PM_SOTO,SRV-NODE-3
ERP-09089,PROJ-2542,Cusco,Videoconference,95,116,28025,60663,30533,30130,39,29,PM_MEZA,SRV-NODE-2
ERP-09090,PROJ-2203,Lima,Project Mgmt,51,53,24225,43361,33549,9812,43,72,PM_RIVAS,SRV-NODE-5
ERP-09091,PROJ-5608,Lima,Audiovisual,105,133,38640,68756,49563,19193,3,4,PM_MEZA,SRV-NODE-3
ERP-09092,PROJ-1631,Iquitos,Project Mgmt,34,42,7242,14565,7616,6949,33,6,PM_SOTO,SRV-NODE-10
ERP-09093,PROJ-8005,Huancayo,Business Proc,109,119,38041,64710,41552,23158,41,11,PM_VEGA,SRV-NODE-2
ERP-09094,PROJ-6934,Cusco,Audiovisual,156,197,75660,127097,83355,43742,37,51,PM_SOTO,SRV-NODE-4
ERP-09095,PROJ-8381,Trujillo,Business Proc,121,126,42108,87483,54194,33289,13,18,PM_SOTO,SRV-NODE-5
ERP-09096,PROJ-9819,Tacna,Audiovisual,77,78,40348,76795,44164,32631,18,20,PM_VEGA,SRV-NODE-9
ERP-09097,PROJ-4225,Lima,Business Proc,130,168,55250,109849,61376,48473,28,43,PM_PEREZ,SRV-NODE-4
ERP-09098,PROJ-9166,Lima,Audiovisual,24,28,14280,29829,19851,9978,37,36,PM_PEREZ,SRV-NODE-8
ERP-09099,PROJ-7904,Trujillo,Audiovisual,121,148,57233,118886,57853,61033,50,43,PM_PEREZ,SRV-NODE-10
ERP-09100,PROJ-1518,Cusco,Project Mgmt,164,214,93972,189449,98570,90879,37,54,PM_SOTO,SRV-NODE-10
ERP-09101,PROJ-9193,Huancayo,Videoconference,80,102,45760,81027,51162,29865,48,24,PM_RIVAS,SRV-NODE-2
ERP-09102,PROJ-1235,Tacna,Videoconference,73,78,25769,49009,34305,14704,22,15,PM_VEGA,SRV-NODE-4
ERP-09103,PROJ-2799,Lima,Project Mgmt,108,144,22464,48676,28161,20515,5,6,PM_MEZA,SRV-NODE-3
ERP-09104,PROJ-3839,Trujillo,Audiovisual,37,38,9287,15171,10592,4579,29,31,PM_RIVAS,SRV-NODE-9
ERP-09105,PROJ-5474,Piura,Business Proc,95,121,52820,107556,61135,46421,21,34,PM_SOTO,SRV-NODE-8
ERP-09106,PROJ-7428,Piura,Audiovisual,86,96,18232,38384,22316,16068,25,21,PM_RIVAS,SRV-NODE-1
ERP-09107,PROJ-5609,Iquitos,Business Proc,129,171,50439,110514,55031,55483,25,2,PM_PEREZ,SRV-NODE-2
ERP-09108,PROJ-2105,Lima,Audiovisual,147,166,46452,93920,53705,40215,46,73,PM_PEREZ,SRV-NODE-6
ERP-09109,PROJ-2124,Tacna,Business Proc,122,142,29402,62921,37127,25794,33,8,PM_MEZA,SRV-NODE-2
ERP-09110,PROJ-9812,Piura,Videoconference,177,220,35931,68383,43440,24943,27,35,PM_SOTO,SRV-NODE-5
ERP-09111,PROJ-6768,Arequipa,Project Mgmt,107,142,32742,54289,38408,15881,44,54,PM_RIVAS,SRV-NODE-4
ERP-09112,PROJ-7820,Huancayo,Audiovisual,110,145,47630,86054,64158,21896,23,7,PM_SOTO,SRV-NODE-3
ERP-09113,PROJ-2483,Arequipa,Videoconference,168,194,59136,106273,70184,36089,10,4,PM_VEGA,SRV-NODE-10
ERP-09114,PROJ-5114,Arequipa,Business Proc,30,32,9330,15947,11818,4129,23,30,PM_VEGA,SRV-NODE-7
ERP-09115,PROJ-8398,Iquitos,Videoconference,97,130,51022,84461,69599,14862,40,54,PM_RIVAS,SRV-NODE-4
ERP-09116,PROJ-2523,Cusco,Videoconference,51,68,28815,49058,29149,19909,16,11,PM_RIVAS,SRV-NODE-9
ERP-09117,PROJ-9345,Puno,Business Proc,117,139,43992,82569,60964,21605,38,10,PM_MEZA,SRV-NODE-5
ERP-09118,PROJ-7558,Iquitos,Audiovisual,79,97,44477,78019,54837,23182,20,19,PM_VEGA,SRV-NODE-8
ERP-09119,PROJ-7701,Cajamarca,Videoconference,117,122,29133,47225,32402,14823,30,47,PM_PEREZ,SRV-NODE-6
ERP-09120,PROJ-1059,Cusco,Audiovisual,175,184,55650,120649,56460,64189,46,48,PM_PEREZ,SRV-NODE-1
ERP-09121,PROJ-2402,Lima,Audiovisual,36,48,8316,14419,9331,5088,18,19,PM_RIVAS,SRV-NODE-6
ERP-09122,PROJ-9177,Trujillo,Videoconference,151,192,37750,79107,47119,31988,50,70,PM_RIVAS,SRV-NODE-8
ERP-09123,PROJ-2984,Tacna,Project Mgmt,102,135,57018,92166,67798,24368,35,30,PM_PEREZ,SRV-NODE-6
ERP-09124,PROJ-1640,Lima,Business Proc,123,138,38130,62764,52166,10598,36,24,PM_VEGA,SRV-NODE-7
ERP-09125,PROJ-3975,Puno,Videoconference,27,28,8100,13797,8278,5519,39,10,PM_SOTO,SRV-NODE-7
ERP-09126,PROJ-8426,Huancayo,Audiovisual,170,227,71910,149855,79832,70023,18,5,PM_RIVAS,SRV-NODE-2
ERP-09127,PROJ-4728,Cajamarca,Videoconference,118,134,69502,118990,93140,25850,41,37,PM_RIVAS,SRV-NODE-2
ERP-09128,PROJ-8589,Trujillo,Business Proc,113,115,40454,70529,47739,22790,33,16,PM_RIVAS,SRV-NODE-7
ERP-09129,PROJ-7337,Cajamarca,Business Proc,60,65,16500,33988,20908,13080,37,37,PM_PEREZ,SRV-NODE-5
ERP-09130,PROJ-4063,Iquitos,Videoconference,137,181,66171,106972,66848,40124,15,18,PM_RIVAS,SRV-NODE-6
ERP-09131,PROJ-7821,Cajamarca,Project Mgmt,109,143,29539,57137,34044,23093,38,52,PM_PEREZ,SRV-NODE-6
ERP-09132,PROJ-7657,Arequipa,Videoconference,90,93,18540,32210,25228,6982,6,10,PM_SOTO,SRV-NODE-6
ERP-09133,PROJ-5098,Piura,Business Proc,123,146,43419,84984,51242,33742,12,7,PM_SOTO,SRV-NODE-6
ERP-09134,PROJ-2670,Huancayo,Business Proc,169,213,77740,151967,88962,63005,22,35,PM_MEZA,SRV-NODE-1
ERP-09135,PROJ-6805,Cajamarca,Project Mgmt,117,135,46683,81865,63200,18665,22,31,PM_VEGA,SRV-NODE-2
ERP-09136,PROJ-9738,Cusco,Project Mgmt,24,26,10536,22602,14652,7950,48,70,PM_SOTO,SRV-NODE-10
ERP-09137,PROJ-6832,Lima,Audiovisual,54,61,24030,43393,31664,11729,3,3,PM_RIVAS,SRV-NODE-10
ERP-09138,PROJ-1039,Huancayo,Audiovisual,35,38,10430,20774,12374,8400,44,47,PM_RIVAS,SRV-NODE-6
ERP-09139,PROJ-3058,Cusco,Project Mgmt,31,37,13454,24167,15192,8975,29,13,PM_PEREZ,SRV-NODE-6
ERP-09140,PROJ-6522,Piura,Project Mgmt,53,55,12296,22867,13499,9368,42,70,PM_RIVAS,SRV-NODE-9
ERP-09141,PROJ-2843,Cajamarca,Audiovisual,132,143,75504,127049,81624,45425,35,44,PM_SOTO,SRV-NODE-8
ERP-09142,PROJ-5926,Arequipa,Audiovisual,134,166,26800,52831,33342,19489,48,18,PM_SOTO,SRV-NODE-5
ERP-09143,PROJ-2545,Huancayo,Audiovisual,85,100,17510,32007,20107,11900,32,34,PM_RIVAS,SRV-NODE-4
ERP-09144,PROJ-9835,Lima,Project Mgmt,176,221,61600,129747,82067,47680,22,26,PM_RIVAS,SRV-NODE-7
ERP-09145,PROJ-5074,Lima,Business Proc,92,115,31372,67570,31517,36053,42,39,PM_PEREZ,SRV-NODE-6
ERP-09146,PROJ-1142,Arequipa,Videoconference,146,156,51830,92749,55822,36927,15,14,PM_PEREZ,SRV-NODE-9
ERP-09147,PROJ-9292,Huancayo,Videoconference,107,117,21721,45478,29772,15706,35,37,PM_MEZA,SRV-NODE-7
ERP-09148,PROJ-5152,Puno,Project Mgmt,115,140,60375,114159,76766,37393,17,8,PM_SOTO,SRV-NODE-6
ERP-09149,PROJ-6992,Lima,Business Proc,85,91,39015,77865,44971,32894,25,6,PM_VEGA,SRV-NODE-5
ERP-09150,PROJ-9344,Piura,Audiovisual,75,77,35925,61067,45008,16059,7,8,PM_PEREZ,SRV-NODE-4
ERP-09151,PROJ-2954,Cusco,Videoconference,61,70,17080,30273,20946,9327,34,30,PM_MEZA,SRV-NODE-6
ERP-09152,PROJ-6317,Tacna,Videoconference,104,113,56160,115796,57229,58567,43,71,PM_PEREZ,SRV-NODE-1
ERP-09153,PROJ-2796,Puno,Project Mgmt,43,45,13201,22750,14489,8261,22,32,PM_SOTO,SRV-NODE-9
ERP-09154,PROJ-1846,Lima,Videoconference,56,72,11928,25311,15051,10260,15,2,PM_SOTO,SRV-NODE-10
ERP-09155,PROJ-5315,Arequipa,Project Mgmt,52,53,14612,31121,19144,11977,10,5,PM_RIVAS,SRV-NODE-6
ERP-09156,PROJ-8943,Arequipa,Videoconference,32,43,10656,22336,12868,9468,26,4,PM_SOTO,SRV-NODE-9
ERP-09157,PROJ-5509,Arequipa,Audiovisual,178,239,77252,152970,92919,60051,43,30,PM_PEREZ,SRV-NODE-5
ERP-09158,PROJ-4947,Tacna,Business Proc,166,198,54448,108110,61586,46524,9,11,PM_MEZA,SRV-NODE-10
ERP-09159,PROJ-9666,Arequipa,Project Mgmt,77,83,21175,41622,28083,13539,20,28,PM_RIVAS,SRV-NODE-3
ERP-09160,PROJ-6461,Cajamarca,Videoconference,93,111,43989,96384,44204,52180,28,12,PM_VEGA,SRV-NODE-5
ERP-09161,PROJ-1333,Cusco,Project Mgmt,107,138,22363,42969,22882,20087,50,17,PM_VEGA,SRV-NODE-1
ERP-09162,PROJ-1070,Piura,Audiovisual,88,93,32648,70167,42632,27535,8,12,PM_PEREZ,SRV-NODE-8
ERP-09163,PROJ-7695,Cusco,Business Proc,90,97,33300,65927,38928,26999,25,12,PM_PEREZ,SRV-NODE-5
ERP-09164,PROJ-9279,Iquitos,Videoconference,78,98,42666,68516,51112,17404,8,0,PM_PEREZ,SRV-NODE-6
ERP-09165,PROJ-3077,Tacna,Business Proc,64,75,20992,44322,26094,18228,44,26,PM_SOTO,SRV-NODE-10
ERP-09166,PROJ-3845,Lima,Project Mgmt,85,107,46835,87961,64984,22977,25,5,PM_VEGA,SRV-NODE-3
ERP-09167,PROJ-7713,Puno,Business Proc,116,128,24128,41724,30857,10867,10,9,PM_RIVAS,SRV-NODE-10
ERP-09168,PROJ-2301,Lima,Project Mgmt,105,117,54075,95682,57051,38631,7,7,PM_RIVAS,SRV-NODE-4
ERP-09169,PROJ-9659,Cusco,Audiovisual,57,60,20634,43064,23053,20011,43,66,PM_MEZA,SRV-NODE-2
ERP-09170,PROJ-9051,Puno,Project Mgmt,92,114,37444,66992,51989,15003,25,3,PM_VEGA,SRV-NODE-7
ERP-09171,PROJ-2098,Lima,Audiovisual,129,138,58566,121630,62335,59295,28,43,PM_MEZA,SRV-NODE-3
ERP-09172,PROJ-8731,Lima,Audiovisual,151,171,39713,73265,46403,26862,50,55,PM_RIVAS,SRV-NODE-1
ERP-09173,PROJ-7294,Tacna,Project Mgmt,145,146,41760,70237,53188,17049,36,56,PM_MEZA,SRV-NODE-7
ERP-09174,PROJ-6106,Trujillo,Business Proc,96,98,22752,43575,26252,17323,18,21,PM_VEGA,SRV-NODE-2
ERP-09175,PROJ-8239,Arequipa,Audiovisual,156,199,77220,156616,90963,65653,7,5,PM_MEZA,SRV-NODE-2
ERP-09176,PROJ-4195,Puno,Audiovisual,41,52,23124,40481,28865,11616,44,35,PM_MEZA,SRV-NODE-4
ERP-09177,PROJ-5818,Iquitos,Videoconference,106,112,25016,40246,30395,9851,50,74,PM_SOTO,SRV-NODE-5
ERP-09178,PROJ-8597,Puno,Business Proc,75,80,33825,65422,44739,20683,20,14,PM_VEGA,SRV-NODE-7
ERP-09179,PROJ-9260,Iquitos,Business Proc,155,181,59520,114501,63549,50952,50,63,PM_RIVAS,SRV-NODE-10
ERP-09180,PROJ-7771,Iquitos,Videoconference,75,88,39675,83584,47449,36135,9,11,PM_SOTO,SRV-NODE-5
ERP-09181,PROJ-6059,Cajamarca,Videoconference,141,141,81075,135731,111674,24057,4,4,PM_VEGA,SRV-NODE-5
ERP-09182,PROJ-4713,Lima,Videoconference,129,153,33927,61760,43155,18605,9,2,PM_PEREZ,SRV-NODE-8
ERP-09183,PROJ-1227,Arequipa,Videoconference,81,107,38313,72409,51055,21354,29,12,PM_VEGA,SRV-NODE-1
ERP-09184,PROJ-3833,Piura,Project Mgmt,75,86,28350,47693,38987,8706,12,2,PM_PEREZ,SRV-NODE-1
ERP-09185,PROJ-5049,Lima,Business Proc,81,88,26649,53126,31741,21385,41,11,PM_SOTO,SRV-NODE-5
ERP-09186,PROJ-9284,Trujillo,Videoconference,119,138,32963,53590,38690,14900,33,3,PM_MEZA,SRV-NODE-9
ERP-09187,PROJ-1970,Cajamarca,Project Mgmt,145,153,68875,143887,71666,72221,5,6,PM_SOTO,SRV-NODE-3
ERP-09188,PROJ-9122,Cusco,Audiovisual,129,159,73530,126850,102225,24625,47,55,PM_MEZA,SRV-NODE-7
ERP-09189,PROJ-6488,Lima,Project Mgmt,179,211,82340,171833,99077,72756,28,4,PM_VEGA,SRV-NODE-6
ERP-09190,PROJ-9639,Cajamarca,Project Mgmt,118,126,54398,108640,64633,44007,4,1,PM_SOTO,SRV-NODE-5
ERP-09191,PROJ-5930,Lima,Audiovisual,144,190,80928,134961,112741,22220,16,22,PM_PEREZ,SRV-NODE-5
ERP-09192,PROJ-7727,Iquitos,Audiovisual,180,186,80100,165256,88739,76517,26,9,PM_RIVAS,SRV-NODE-9
ERP-09193,PROJ-6667,Puno,Audiovisual,130,130,28340,57807,36447,21360,44,16,PM_PEREZ,SRV-NODE-4
ERP-09194,PROJ-8748,Huancayo,Project Mgmt,65,71,23010,42417,29639,12778,21,3,PM_VEGA,SRV-NODE-5
ERP-09195,PROJ-4620,Tacna,Business Proc,96,128,38016,72039,49873,22166,21,34,PM_SOTO,SRV-NODE-4
ERP-09196,PROJ-3119,Tacna,Audiovisual,108,112,40608,81518,55454,26064,31,32,PM_SOTO,SRV-NODE-2
ERP-09197,PROJ-1790,Arequipa,Videoconference,122,157,48678,94405,51326,43079,48,69,PM_PEREZ,SRV-NODE-10
ERP-09198,PROJ-8627,Cusco,Project Mgmt,132,167,27060,44640,36725,7915,26,21,PM_VEGA,SRV-NODE-7
ERP-09199,PROJ-2828,Cajamarca,Videoconference,62,67,26474,43882,28788,15094,21,36,PM_RIVAS,SRV-NODE-8
ERP-09200,PROJ-3235,Cajamarca,Business Proc,176,227,36784,62954,43224,19730,3,1,PM_SOTO,SRV-NODE-7
ERP-09201,PROJ-3780,Puno,Business Proc,102,111,33660,62095,34392,27703,26,43,PM_RIVAS,SRV-NODE-8
ERP-09202,PROJ-7551,Tacna,Project Mgmt,40,48,18960,32020,20511,11509,17,27,PM_VEGA,SRV-NODE-1
ERP-09203,PROJ-3607,Puno,Videoconference,34,41,12172,24544,12606,11938,3,3,PM_VEGA,SRV-NODE-8
ERP-09204,PROJ-6500,Huancayo,Business Proc,122,159,32818,64591,37335,27256,30,16,PM_VEGA,SRV-NODE-4
ERP-09205,PROJ-8760,Trujillo,Videoconference,138,180,77832,144834,89977,54857,34,10,PM_VEGA,SRV-NODE-10
ERP-09206,PROJ-8440,Huancayo,Business Proc,155,183,89745,170697,116795,53902,3,4,PM_RIVAS,SRV-NODE-4
ERP-09207,PROJ-1488,Arequipa,Business Proc,77,84,24948,46246,34159,12087,11,7,PM_PEREZ,SRV-NODE-7
ERP-09208,PROJ-8244,Cajamarca,Videoconference,163,181,36023,75338,50168,25170,49,63,PM_VEGA,SRV-NODE-1
ERP-09209,PROJ-4796,Huancayo,Audiovisual,157,203,75988,126803,77185,49618,9,4,PM_MEZA,SRV-NODE-2
ERP-09210,PROJ-8401,Huancayo,Project Mgmt,61,62,19703,40803,20381,20422,32,51,PM_PEREZ,SRV-NODE-4
ERP-09211,PROJ-3966,Piura,Project Mgmt,149,186,41124,76903,47207,29696,48,19,PM_RIVAS,SRV-NODE-6
ERP-09212,PROJ-4461,Iquitos,Audiovisual,139,177,69361,118225,88819,29406,50,82,PM_RIVAS,SRV-NODE-6
ERP-09213,PROJ-8341,Cusco,Videoconference,39,40,16926,35611,23132,12479,20,11,PM_VEGA,SRV-NODE-2
ERP-09214,PROJ-8343,Arequipa,Business Proc,104,109,21528,44589,23957,20632,17,11,PM_PEREZ,SRV-NODE-3
ERP-09215,PROJ-1354,Arequipa,Videoconference,160,194,73760,154724,92442,62282,19,24,PM_VEGA,SRV-NODE-3
ERP-09216,PROJ-6883,Arequipa,Project Mgmt,116,139,60552,100959,80109,20850,17,27,PM_VEGA,SRV-NODE-7
ERP-09217,PROJ-1133,Tacna,Videoconference,140,153,79800,168023,80052,87971,31,8,PM_VEGA,SRV-NODE-3
ERP-09218,PROJ-8638,Cusco,Videoconference,73,77,38471,70870,39894,30976,14,2,PM_PEREZ,SRV-NODE-3
ERP-09219,PROJ-2619,Trujillo,Project Mgmt,30,32,16530,34430,21949,12481,40,26,PM_VEGA,SRV-NODE-5
ERP-09220,PROJ-5546,Cajamarca,Audiovisual,131,153,69561,150865,78426,72439,10,15,PM_VEGA,SRV-NODE-6
ERP-09221,PROJ-3843,Lima,Videoconference,29,38,9309,19449,12081,7368,9,4,PM_SOTO,SRV-NODE-10
ERP-09222,PROJ-3237,Arequipa,Audiovisual,140,142,58100,101690,68955,32735,50,65,PM_RIVAS,SRV-NODE-3
ERP-09223,PROJ-7601,Huancayo,Audiovisual,151,151,69309,121822,89942,31880,9,7,PM_VEGA,SRV-NODE-9
ERP-09224,PROJ-2639,Tacna,Audiovisual,62,66,27776,47583,27983,19600,4,3,PM_MEZA,SRV-NODE-7
ERP-09225,PROJ-7548,Cusco,Business Proc,116,118,49648,88623,65175,23448,47,30,PM_VEGA,SRV-NODE-6
ERP-09226,PROJ-1641,Cusco,Audiovisual,44,46,18304,33786,21006,12780,38,19,PM_SOTO,SRV-NODE-5
ERP-09227,PROJ-2705,Tacna,Project Mgmt,57,62,20691,42597,24710,17887,39,64,PM_MEZA,SRV-NODE-2
ERP-09228,PROJ-5414,Tacna,Business Proc,81,98,41796,87190,50813,36377,31,47,PM_SOTO,SRV-NODE-10
ERP-09229,PROJ-6392,Puno,Business Proc,118,121,68676,126715,95449,31266,25,32,PM_SOTO,SRV-NODE-9
ERP-09230,PROJ-8140,Huancayo,Audiovisual,103,126,22248,47882,23992,23890,37,14,PM_PEREZ,SRV-NODE-3
ERP-09231,PROJ-6597,Iquitos,Videoconference,80,97,21040,35894,23266,12628,49,17,PM_MEZA,SRV-NODE-7
ERP-09232,PROJ-5411,Huancayo,Audiovisual,170,204,40290,87258,43184,44074,42,40,PM_RIVAS,SRV-NODE-6
ERP-09233,PROJ-6668,Piura,Business Proc,61,70,28914,53549,38031,15518,19,19,PM_SOTO,SRV-NODE-7
ERP-09234,PROJ-7372,Cajamarca,Videoconference,20,26,7820,16769,7836,8933,16,23,PM_MEZA,SRV-NODE-6
ERP-09235,PROJ-3800,Cusco,Project Mgmt,34,36,9588,16011,12900,3111,24,7,PM_PEREZ,SRV-NODE-10
ERP-09236,PROJ-1246,Piura,Project Mgmt,97,122,51604,99138,65006,34132,49,74,PM_PEREZ,SRV-NODE-7
ERP-09237,PROJ-1275,Cusco,Videoconference,103,105,41406,73759,46072,27687,5,3,PM_MEZA,SRV-NODE-1
ERP-09238,PROJ-2374,Arequipa,Audiovisual,72,94,28656,59637,31000,28637,12,13,PM_PEREZ,SRV-NODE-3
ERP-09239,PROJ-2884,Huancayo,Project Mgmt,180,231,93960,190664,124842,65822,23,40,PM_PEREZ,SRV-NODE-2
ERP-09240,PROJ-8161,Cajamarca,Project Mgmt,169,208,97344,181766,119655,62111,27,15,PM_PEREZ,SRV-NODE-10
ERP-09241,PROJ-1243,Puno,Business Proc,78,87,44772,93056,60192,32864,41,31,PM_MEZA,SRV-NODE-1
ERP-09242,PROJ-6837,Tacna,Project Mgmt,102,106,56100,97714,77524,20190,33,15,PM_PEREZ,SRV-NODE-6
ERP-09243,PROJ-6602,Huancayo,Business Proc,31,32,15655,26400,17803,8597,42,7,PM_MEZA,SRV-NODE-10
ERP-09244,PROJ-8277,Piura,Business Proc,23,29,12926,22389,17241,5148,47,62,PM_MEZA,SRV-NODE-7
ERP-09245,PROJ-5044,Piura,Videoconference,127,151,28956,62097,34816,27281,6,4,PM_SOTO,SRV-NODE-4
ERP-09246,PROJ-6857,Huancayo,Audiovisual,175,181,97825,161289,97898,63391,32,51,PM_SOTO,SRV-NODE-6
ERP-09247,PROJ-5806,Piura,Audiovisual,33,40,16368,29567,22871,6696,49,39,PM_RIVAS,SRV-NODE-3
ERP-09248,PROJ-7043,Trujillo,Audiovisual,122,134,66856,146564,81096,65468,44,45,PM_MEZA,SRV-NODE-2
ERP-09249,PROJ-2019,Piura,Videoconference,118,134,61832,126155,68594,57561,4,4,PM_RIVAS,SRV-NODE-8
ERP-09250,PROJ-3419,Arequipa,Videoconference,150,164,74700,154009,79791,74218,14,2,PM_PEREZ,SRV-NODE-6
ERP-09251,PROJ-1637,Huancayo,Audiovisual,179,184,78223,159271,97538,61733,50,13,PM_SOTO,SRV-NODE-1
ERP-09252,PROJ-4727,Lima,Project Mgmt,138,177,28014,45079,29280,15799,35,13,PM_SOTO,SRV-NODE-2
ERP-09253,PROJ-1996,Puno,Project Mgmt,148,198,49136,102082,63040,39042,50,87,PM_SOTO,SRV-NODE-4
ERP-09254,PROJ-2268,Lima,Audiovisual,49,64,25284,41079,25472,15607,42,29,PM_MEZA,SRV-NODE-1
ERP-09255,PROJ-8650,Puno,Audiovisual,141,187,79947,137961,103121,34840,43,46,PM_RIVAS,SRV-NODE-3
ERP-09256,PROJ-6666,Cajamarca,Business Proc,94,125,20586,43247,25997,17250,23,18,PM_MEZA,SRV-NODE-6
ERP-09257,PROJ-2855,Trujillo,Project Mgmt,174,196,59334,95496,75681,19815,46,71,PM_VEGA,SRV-NODE-3
ERP-09258,PROJ-3390,Huancayo,Audiovisual,31,35,15097,30041,16307,13734,12,2,PM_RIVAS,SRV-NODE-4
ERP-09259,PROJ-2330,Cusco,Business Proc,31,32,11377,19603,13093,6510,49,52,PM_VEGA,SRV-NODE-8
ERP-09260,PROJ-2671,Piura,Project Mgmt,141,165,42441,74286,55523,18763,10,7,PM_MEZA,SRV-NODE-10
ERP-09261,PROJ-6635,Cajamarca,Videoconference,117,142,30303,57930,41647,16283,10,9,PM_VEGA,SRV-NODE-2
ERP-09262,PROJ-2441,Tacna,Project Mgmt,143,166,76219,134990,92734,42256,18,24,PM_MEZA,SRV-NODE-8
ERP-09263,PROJ-1990,Lima,Audiovisual,139,142,35584,61405,43289,18116,36,45,PM_RIVAS,SRV-NODE-3
ERP-09264,PROJ-7256,Cusco,Audiovisual,49,51,14210,30035,15807,14228,49,87,PM_SOTO,SRV-NODE-8
ERP-09265,PROJ-2029,Trujillo,Videoconference,72,76,18288,37326,20087,17239,15,25,PM_RIVAS,SRV-NODE-4
ERP-09266,PROJ-2118,Arequipa,Business Proc,142,159,76396,148819,101902,46917,8,5,PM_SOTO,SRV-NODE-5
ERP-09267,PROJ-3965,Cajamarca,Project Mgmt,40,44,21080,38345,22122,16223,43,56,PM_VEGA,SRV-NODE-8
ERP-09268,PROJ-6497,Trujillo,Audiovisual,62,72,30256,52377,34984,17393,23,32,PM_SOTO,SRV-NODE-7
ERP-09269,PROJ-5707,Trujillo,Audiovisual,115,136,45885,97770,59895,37875,21,13,PM_SOTO,SRV-NODE-7
ERP-09270,PROJ-5141,Puno,Project Mgmt,81,85,36531,64145,43309,20836,27,12,PM_VEGA,SRV-NODE-2
ERP-09271,PROJ-5191,Piura,Audiovisual,83,94,32785,60090,36196,23894,32,17,PM_RIVAS,SRV-NODE-9
ERP-09272,PROJ-5429,Arequipa,Videoconference,95,115,51205,95101,66921,28180,26,9,PM_RIVAS,SRV-NODE-10
ERP-09273,PROJ-8523,Arequipa,Videoconference,100,115,31400,58786,34302,24484,39,24,PM_SOTO,SRV-NODE-4
ERP-09274,PROJ-4255,Cusco,Audiovisual,127,162,74676,157222,88819,68403,31,5,PM_PEREZ,SRV-NODE-4
ERP-09275,PROJ-2903,Arequipa,Videoconference,95,121,39140,64555,41116,23439,41,15,PM_MEZA,SRV-NODE-9
ERP-09276,PROJ-4807,Tacna,Project Mgmt,30,31,6450,10370,6587,3783,8,4,PM_RIVAS,SRV-NODE-4
ERP-09277,PROJ-7657,Cajamarca,Videoconference,64,75,28992,49479,38513,10966,19,21,PM_SOTO,SRV-NODE-1
ERP-09278,PROJ-6842,Trujillo,Project Mgmt,40,46,18440,34529,21582,12947,21,21,PM_PEREZ,SRV-NODE-5
ERP-09279,PROJ-2102,Cajamarca,Videoconference,61,66,21411,37715,21855,15860,25,15,PM_RIVAS,SRV-NODE-6
ERP-09280,PROJ-2540,Cajamarca,Videoconference,122,159,58682,120457,60053,60404,46,19,PM_SOTO,SRV-NODE-8
ERP-09281,PROJ-4820,Huancayo,Project Mgmt,23,28,5083,9858,6292,3566,43,10,PM_SOTO,SRV-NODE-4
ERP-09282,PROJ-5330,Huancayo,Videoconference,59,73,32450,69146,35159,33987,43,45,PM_SOTO,SRV-NODE-1
ERP-09283,PROJ-2703,Arequipa,Project Mgmt,120,129,46560,97237,58471,38766,8,11,PM_SOTO,SRV-NODE-10
ERP-09284,PROJ-6354,Piura,Business Proc,23,23,8142,16364,9681,6683,41,16,PM_PEREZ,SRV-NODE-10
ERP-09285,PROJ-1720,Lima,Project Mgmt,70,72,22120,40790,22447,18343,32,23,PM_PEREZ,SRV-NODE-9
ERP-09286,PROJ-1272,Trujillo,Project Mgmt,144,175,85392,179494,104894,74600,34,49,PM_VEGA,SRV-NODE-4
ERP-09287,PROJ-5439,Huancayo,Audiovisual,92,105,25760,56352,26476,29876,45,34,PM_MEZA,SRV-NODE-1
ERP-09288,PROJ-8680,Huancayo,Business Proc,115,134,47265,102499,65475,37024,25,36,PM_SOTO,SRV-NODE-10
ERP-09289,PROJ-9294,Cusco,Videoconference,166,187,84162,184142,94872,89270,29,28,PM_MEZA,SRV-NODE-9
ERP-09290,PROJ-5704,Huancayo,Videoconference,34,42,17000,28777,17423,11354,42,69,PM_VEGA,SRV-NODE-6
ERP-09291,PROJ-3983,Trujillo,Business Proc,130,145,69160,118695,78836,39859,47,17,PM_RIVAS,SRV-NODE-4
ERP-09292,PROJ-4969,Trujillo,Videoconference,57,75,16872,33725,21878,11847,18,17,PM_MEZA,SRV-NODE-10
ERP-09293,PROJ-7264,Huancayo,Audiovisual,146,184,67014,117095,81461,35634,41,28,PM_PEREZ,SRV-NODE-3
ERP-09294,PROJ-9055,Huancayo,Project Mgmt,27,32,14256,27432,15331,12101,25,22,PM_RIVAS,SRV-NODE-5
ERP-09295,PROJ-5079,Arequipa,Audiovisual,111,127,42624,87904,43717,44187,26,19,PM_PEREZ,SRV-NODE-4
ERP-09296,PROJ-6011,Piura,Business Proc,142,166,77958,158809,78282,80527,50,15,PM_PEREZ,SRV-NODE-8
ERP-09297,PROJ-4846,Lima,Business Proc,142,150,34364,73850,35507,38343,37,33,PM_VEGA,SRV-NODE-2
ERP-09298,PROJ-2857,Trujillo,Project Mgmt,76,85,29032,50117,34650,15467,25,10,PM_RIVAS,SRV-NODE-9
ERP-09299,PROJ-6320,Cajamarca,Audiovisual,171,195,79173,146363,91879,54484,50,64,PM_RIVAS,SRV-NODE-5
ERP-09300,PROJ-3412,Cusco,Business Proc,31,39,10602,20122,12962,7160,31,18,PM_VEGA,SRV-NODE-10
ERP-09301,PROJ-8647,Cusco,Audiovisual,71,76,30317,55045,38123,16922,41,57,PM_MEZA,SRV-NODE-7
ERP-09302,PROJ-1703,Piura,Videoconference,149,174,86718,149302,108347,40955,22,34,PM_RIVAS,SRV-NODE-8
ERP-09303,PROJ-2860,Iquitos,Project Mgmt,112,115,25872,42857,29836,13021,22,29,PM_SOTO,SRV-NODE-9
ERP-09304,PROJ-9965,Arequipa,Videoconference,179,221,42065,86552,42690,43862,4,2,PM_MEZA,SRV-NODE-5
ERP-09305,PROJ-4647,Cajamarca,Business Proc,154,180,91630,199743,101334,98409,11,12,PM_RIVAS,SRV-NODE-6
ERP-09306,PROJ-3890,Puno,Project Mgmt,61,81,22631,45499,29439,16060,33,10,PM_SOTO,SRV-NODE-2
ERP-09307,PROJ-4100,Lima,Business Proc,161,214,92897,186162,101406,84756,49,38,PM_MEZA,SRV-NODE-7
ERP-09308,PROJ-4995,Cusco,Business Proc,135,175,51165,94206,68979,25227,43,30,PM_VEGA,SRV-NODE-2
ERP-09309,PROJ-7435,Cajamarca,Project Mgmt,102,107,24990,44189,27513,16676,25,28,PM_PEREZ,SRV-NODE-10
ERP-09310,PROJ-9503,Huancayo,Business Proc,104,126,27144,44572,34154,10418,33,25,PM_MEZA,SRV-NODE-3
ERP-09311,PROJ-1738,Huancayo,Business Proc,99,104,34947,68521,39302,29219,41,31,PM_VEGA,SRV-NODE-4
ERP-09312,PROJ-5796,Lima,Business Proc,119,143,70210,146463,88370,58093,47,74,PM_SOTO,SRV-NODE-5
ERP-09313,PROJ-1098,Huancayo,Audiovisual,45,48,23625,46434,32186,14248,46,38,PM_PEREZ,SRV-NODE-1
ERP-09314,PROJ-2368,Lima,Business Proc,179,198,41886,82822,57258,25564,32,17,PM_RIVAS,SRV-NODE-4
ERP-09315,PROJ-6768,Arequipa,Audiovisual,116,148,25288,46960,35038,11922,3,1,PM_MEZA,SRV-NODE-4
ERP-09316,PROJ-4643,Trujillo,Project Mgmt,82,103,45428,84699,49553,35146,41,30,PM_SOTO,SRV-NODE-8
ERP-09317,PROJ-4654,Huancayo,Videoconference,31,32,7440,14879,9960,4919,27,37,PM_RIVAS,SRV-NODE-1
ERP-09318,PROJ-5658,Puno,Project Mgmt,82,88,30176,58710,38221,20489,37,45,PM_VEGA,SRV-NODE-1
ERP-09319,PROJ-8368,Cusco,Audiovisual,26,32,11206,20474,12376,8098,48,75,PM_VEGA,SRV-NODE-1
ERP-09320,PROJ-2081,Puno,Audiovisual,100,127,38900,80750,45353,35397,4,6,PM_RIVAS,SRV-NODE-3
ERP-09321,PROJ-6538,Tacna,Project Mgmt,117,135,40131,81155,43581,37574,49,26,PM_PEREZ,SRV-NODE-5
ERP-09322,PROJ-1790,Cajamarca,Project Mgmt,179,191,70168,126692,77786,48906,47,45,PM_MEZA,SRV-NODE-2
ERP-09323,PROJ-5902,Lima,Videoconference,121,145,57475,109324,64213,45111,37,31,PM_PEREZ,SRV-NODE-3
ERP-09324,PROJ-4915,Huancayo,Audiovisual,36,47,8136,14066,8202,5864,22,21,PM_RIVAS,SRV-NODE-5
ERP-09325,PROJ-3602,Lima,Project Mgmt,45,56,15435,28740,19811,8929,41,8,PM_SOTO,SRV-NODE-5
ERP-09326,PROJ-6419,Lima,Business Proc,173,201,70757,129929,85802,44127,42,49,PM_MEZA,SRV-NODE-3
ERP-09327,PROJ-7145,Cusco,Business Proc,39,43,19149,34909,20522,14387,46,34,PM_RIVAS,SRV-NODE-5
ERP-09328,PROJ-6797,Lima,Audiovisual,179,185,38843,84838,45927,38911,11,5,PM_PEREZ,SRV-NODE-2
ERP-09329,PROJ-7140,Arequipa,Project Mgmt,40,48,17200,31661,19444,12217,3,3,PM_SOTO,SRV-NODE-7
ERP-09330,PROJ-1727,Cajamarca,Audiovisual,40,44,16440,30682,21780,8902,10,13,PM_PEREZ,SRV-NODE-8
ERP-09331,PROJ-3308,Iquitos,Audiovisual,175,209,45150,96000,53340,42660,35,38,PM_MEZA,SRV-NODE-5
ERP-09332,PROJ-3238,Trujillo,Business Proc,135,181,57105,102162,64567,37595,4,2,PM_SOTO,SRV-NODE-7
ERP-09333,PROJ-8253,Puno,Project Mgmt,157,179,43960,74138,56772,17366,14,21,PM_SOTO,SRV-NODE-9
ERP-09334,PROJ-8958,Trujillo,Audiovisual,97,119,53156,85096,71850,13246,37,25,PM_RIVAS,SRV-NODE-2
ERP-09335,PROJ-4275,Piura,Business Proc,46,58,20654,37480,28523,8957,42,25,PM_RIVAS,SRV-NODE-4
ERP-09336,PROJ-7308,Cajamarca,Business Proc,88,88,38808,69034,46249,22785,6,4,PM_RIVAS,SRV-NODE-9
ERP-09337,PROJ-1237,Lima,Audiovisual,24,25,8712,14406,10634,3772,31,40,PM_PEREZ,SRV-NODE-6
ERP-09338,PROJ-4419,Piura,Videoconference,136,178,65008,138197,79699,58498,23,6,PM_PEREZ,SRV-NODE-3
ERP-09339,PROJ-6374,Trujillo,Business Proc,57,60,24852,49079,32851,16228,28,23,PM_MEZA,SRV-NODE-10
ERP-09340,PROJ-3641,Trujillo,Audiovisual,87,105,27057,54834,31817,23017,43,5,PM_SOTO,SRV-NODE-6
ERP-09341,PROJ-7707,Lima,Audiovisual,52,65,14820,25513,19354,6159,28,10,PM_VEGA,SRV-NODE-5
ERP-09342,PROJ-1924,Trujillo,Videoconference,154,173,76384,155353,99837,55516,29,22,PM_RIVAS,SRV-NODE-1
ERP-09343,PROJ-6678,Iquitos,Videoconference,95,123,46740,84077,50458,33619,43,73,PM_RIVAS,SRV-NODE-7
ERP-09344,PROJ-5193,Trujillo,Audiovisual,159,162,68211,148947,93388,55559,48,23,PM_SOTO,SRV-NODE-5
ERP-09345,PROJ-4666,Lima,Project Mgmt,49,55,12789,23085,13655,9430,36,30,PM_MEZA,SRV-NODE-8
ERP-09346,PROJ-4344,Arequipa,Audiovisual,28,30,12180,20071,14165,5906,44,8,PM_MEZA,SRV-NODE-4
ERP-09347,PROJ-3689,Tacna,Videoconference,146,148,71540,137142,73191,63951,35,16,PM_MEZA,SRV-NODE-5
ERP-09348,PROJ-9864,Lima,Business Proc,155,197,62930,106512,83986,22526,24,27,PM_SOTO,SRV-NODE-7
ERP-09349,PROJ-9947,Cusco,Audiovisual,99,118,43659,71681,52360,19321,40,17,PM_PEREZ,SRV-NODE-9
ERP-09350,PROJ-9094,Puno,Audiovisual,90,113,38250,75991,50554,25437,13,2,PM_VEGA,SRV-NODE-7
ERP-09351,PROJ-6502,Iquitos,Videoconference,102,133,33864,65668,47255,18413,8,1,PM_SOTO,SRV-NODE-7
ERP-09352,PROJ-8252,Iquitos,Project Mgmt,78,91,33228,72309,44396,27913,34,57,PM_MEZA,SRV-NODE-4
ERP-09353,PROJ-9070,Arequipa,Audiovisual,121,155,60137,122131,61951,60180,47,77,PM_RIVAS,SRV-NODE-3
ERP-09354,PROJ-5591,Arequipa,Business Proc,90,98,25560,42651,35537,7114,30,9,PM_PEREZ,SRV-NODE-9
ERP-09355,PROJ-8992,Cusco,Videoconference,39,40,14430,26021,16977,9044,50,13,PM_RIVAS,SRV-NODE-2
ERP-09356,PROJ-6571,Piura,Business Proc,93,102,52452,110988,59567,51421,36,30,PM_PEREZ,SRV-NODE-3
ERP-09357,PROJ-3229,Cusco,Audiovisual,87,87,28884,61117,31943,29174,11,9,PM_VEGA,SRV-NODE-9
ERP-09358,PROJ-7134,Tacna,Audiovisual,20,22,11760,24987,14310,10677,30,17,PM_SOTO,SRV-NODE-8
ERP-09359,PROJ-3365,Puno,Audiovisual,139,149,81732,170189,91191,78998,17,7,PM_VEGA,SRV-NODE-10
ERP-09360,PROJ-5751,Huancayo,Project Mgmt,69,92,32154,66030,33595,32435,43,31,PM_SOTO,SRV-NODE-9
ERP-09361,PROJ-7100,Cusco,Project Mgmt,153,199,89505,189634,123606,66028,26,42,PM_MEZA,SRV-NODE-6
ERP-09362,PROJ-8458,Piura,Videoconference,175,178,78400,132260,83925,48335,39,6,PM_PEREZ,SRV-NODE-3
ERP-09363,PROJ-6069,Lima,Videoconference,151,160,67195,123781,75128,48653,35,50,PM_PEREZ,SRV-NODE-7
ERP-09364,PROJ-8741,Lima,Business Proc,54,59,11394,23407,14983,8424,17,25,PM_RIVAS,SRV-NODE-4
ERP-09365,PROJ-4071,Arequipa,Business Proc,101,131,23230,48183,25405,22778,49,35,PM_VEGA,SRV-NODE-4
ERP-09366,PROJ-9397,Piura,Videoconference,151,167,64477,108652,64759,43893,20,27,PM_RIVAS,SRV-NODE-10
ERP-09367,PROJ-1656,Cajamarca,Project Mgmt,27,28,12285,19874,15170,4704,27,17,PM_VEGA,SRV-NODE-5
ERP-09368,PROJ-5883,Iquitos,Project Mgmt,163,204,82315,148981,95554,53427,16,2,PM_RIVAS,SRV-NODE-9
ERP-09369,PROJ-1247,Arequipa,Audiovisual,147,149,61005,112749,70409,42340,19,6,PM_RIVAS,SRV-NODE-5
ERP-09370,PROJ-6595,Cusco,Business Proc,153,157,78948,159186,85194,73992,19,23,PM_MEZA,SRV-NODE-4
ERP-09371,PROJ-4489,Huancayo,Audiovisual,22,28,10494,19370,12800,6570,45,48,PM_RIVAS,SRV-NODE-1
ERP-09372,PROJ-9583,Piura,Project Mgmt,65,74,31265,65488,35369,30119,20,6,PM_PEREZ,SRV-NODE-5
ERP-09373,PROJ-8407,Tacna,Audiovisual,136,171,34000,71503,37836,33667,46,58,PM_PEREZ,SRV-NODE-5
ERP-09374,PROJ-7455,Cajamarca,Project Mgmt,108,135,58428,120361,70213,50148,43,47,PM_RIVAS,SRV-NODE-8
ERP-09375,PROJ-2796,Piura,Business Proc,160,194,63360,135627,84268,51359,27,29,PM_RIVAS,SRV-NODE-1
ERP-09376,PROJ-4796,Puno,Videoconference,99,118,36630,72535,41476,31059,19,26,PM_MEZA,SRV-NODE-3
ERP-09377,PROJ-9923,Piura,Business Proc,152,162,32224,69358,42865,26493,3,4,PM_SOTO,SRV-NODE-8
ERP-09378,PROJ-9254,Puno,Audiovisual,34,42,16184,28125,20539,7586,3,4,PM_SOTO,SRV-NODE-3
ERP-09379,PROJ-1831,Cusco,Project Mgmt,136,139,28696,62584,37655,24929,38,8,PM_SOTO,SRV-NODE-9
ERP-09380,PROJ-1683,Lima,Project Mgmt,71,84,17182,33895,22319,11576,45,19,PM_VEGA,SRV-NODE-10
ERP-09381,PROJ-9218,Piura,Business Proc,159,188,48177,100048,58984,41064,49,56,PM_RIVAS,SRV-NODE-9
ERP-09382,PROJ-4726,Iquitos,Business Proc,89,107,42275,75763,44016,31747,35,42,PM_SOTO,SRV-NODE-4
ERP-09383,PROJ-4465,Iquitos,Videoconference,82,106,16810,30682,21424,9258,39,8,PM_PEREZ,SRV-NODE-6
ERP-09384,PROJ-7960,Lima,Business Proc,112,123,65632,123231,90235,32996,4,3,PM_RIVAS,SRV-NODE-7
ERP-09385,PROJ-4277,Cajamarca,Business Proc,47,60,9494,20375,12804,7571,18,16,PM_SOTO,SRV-NODE-6
ERP-09386,PROJ-2931,Huancayo,Audiovisual,26,29,12714,23821,15342,8479,24,19,PM_RIVAS,SRV-NODE-2
ERP-09387,PROJ-9763,Lima,Audiovisual,65,79,23725,45131,24536,20595,49,12,PM_VEGA,SRV-NODE-9
ERP-09388,PROJ-6971,Tacna,Project Mgmt,132,146,56496,115232,59191,56041,50,26,PM_MEZA,SRV-NODE-9
ERP-09389,PROJ-3723,Puno,Business Proc,87,104,24534,47281,32913,14368,25,26,PM_PEREZ,SRV-NODE-9
ERP-09390,PROJ-8948,Lima,Audiovisual,143,182,84084,175740,86677,89063,21,27,PM_MEZA,SRV-NODE-8
ERP-09391,PROJ-7498,Trujillo,Business Proc,154,166,71456,116753,94987,21766,3,5,PM_VEGA,SRV-NODE-2
ERP-09392,PROJ-4162,Trujillo,Project Mgmt,115,153,49910,91109,65994,25115,23,20,PM_VEGA,SRV-NODE-4
ERP-09393,PROJ-1331,Cusco,Business Proc,137,140,40552,67581,53010,14571,50,32,PM_VEGA,SRV-NODE-9
ERP-09394,PROJ-6012,Trujillo,Audiovisual,57,62,17727,35921,21928,13993,27,39,PM_MEZA,SRV-NODE-2
ERP-09395,PROJ-5327,Lima,Business Proc,171,230,67545,127000,81297,45703,27,30,PM_MEZA,SRV-NODE-9
ERP-09396,PROJ-9204,Piura,Videoconference,77,103,26488,50432,29531,20901,14,6,PM_MEZA,SRV-NODE-8
ERP-09397,PROJ-8740,Lima,Videoconference,112,131,50736,90672,61334,29338,44,20,PM_RIVAS,SRV-NODE-3
ERP-09398,PROJ-5676,Tacna,Audiovisual,37,40,19647,41182,19811,21371,24,30,PM_PEREZ,SRV-NODE-3
ERP-09399,PROJ-9052,Cusco,Business Proc,30,30,14520,24594,15399,9195,17,19,PM_RIVAS,SRV-NODE-7
ERP-09400,PROJ-6277,Puno,Project Mgmt,133,179,29659,64849,41440,23409,7,2,PM_RIVAS,SRV-NODE-1
ERP-09401,PROJ-3196,Puno,Project Mgmt,72,76,31104,52958,36080,16878,45,35,PM_SOTO,SRV-NODE-9
ERP-09402,PROJ-7740,Iquitos,Audiovisual,34,37,14246,30281,15794,14487,34,56,PM_PEREZ,SRV-NODE-4
ERP-09403,PROJ-6716,Piura,Audiovisual,81,84,21141,40644,28336,12308,26,6,PM_SOTO,SRV-NODE-6
ERP-09404,PROJ-7331,Lima,Project Mgmt,148,177,72668,126712,74333,52379,21,13,PM_MEZA,SRV-NODE-4
ERP-09405,PROJ-6730,Lima,Project Mgmt,112,138,32704,61649,42034,19615,46,47,PM_SOTO,SRV-NODE-10
ERP-09406,PROJ-8193,Piura,Business Proc,159,159,76002,148433,88682,59751,5,8,PM_PEREZ,SRV-NODE-4
ERP-09407,PROJ-7614,Iquitos,Videoconference,66,82,31152,66567,41911,24656,7,10,PM_SOTO,SRV-NODE-9
ERP-09408,PROJ-7001,Lima,Audiovisual,141,187,35109,68377,47982,20395,17,21,PM_VEGA,SRV-NODE-5
ERP-09409,PROJ-2973,Lima,Audiovisual,132,145,34452,62932,38252,24680,15,7,PM_PEREZ,SRV-NODE-5
ERP-09410,PROJ-9199,Huancayo,Business Proc,132,172,34980,61538,45421,16117,10,15,PM_MEZA,SRV-NODE-4
ERP-09411,PROJ-9220,Cajamarca,Videoconference,161,177,65849,136993,89514,47479,18,17,PM_PEREZ,SRV-NODE-6
ERP-09412,PROJ-7205,Tacna,Audiovisual,39,48,13377,29359,13927,15432,46,73,PM_SOTO,SRV-NODE-9
ERP-09413,PROJ-7587,Puno,Videoconference,152,195,73872,151958,82631,69327,46,9,PM_VEGA,SRV-NODE-4
ERP-09414,PROJ-3880,Trujillo,Project Mgmt,121,151,61226,112805,77900,34905,7,1,PM_MEZA,SRV-NODE-1
ERP-09415,PROJ-8035,Cajamarca,Videoconference,61,70,23729,39131,32908,6223,35,62,PM_MEZA,SRV-NODE-2
ERP-09416,PROJ-2047,Tacna,Business Proc,77,84,42196,67955,48332,19623,19,10,PM_VEGA,SRV-NODE-8
ERP-09417,PROJ-1846,Piura,Audiovisual,67,74,34438,64609,45454,19155,31,27,PM_SOTO,SRV-NODE-1
ERP-09418,PROJ-1643,Cusco,Audiovisual,160,179,63040,116852,71654,45198,6,0,PM_MEZA,SRV-NODE-1
ERP-09419,PROJ-4367,Huancayo,Business Proc,159,169,93015,201340,102712,98628,31,42,PM_RIVAS,SRV-NODE-7
ERP-09420,PROJ-6199,Lima,Business Proc,89,118,29548,56133,33440,22693,10,9,PM_PEREZ,SRV-NODE-9
ERP-09421,PROJ-5946,Lima,Business Proc,79,92,25438,42762,26617,16145,19,6,PM_PEREZ,SRV-NODE-3
ERP-09422,PROJ-2179,Lima,Project Mgmt,153,167,37485,75639,42106,33533,14,9,PM_PEREZ,SRV-NODE-6
ERP-09423,PROJ-6713,Piura,Project Mgmt,176,235,72688,152651,94004,58647,45,64,PM_VEGA,SRV-NODE-9
ERP-09424,PROJ-1741,Huancayo,Project Mgmt,160,173,71360,117665,97575,20090,19,29,PM_PEREZ,SRV-NODE-2
ERP-09425,PROJ-9443,Cajamarca,Business Proc,130,161,51610,104953,68890,36063,48,31,PM_SOTO,SRV-NODE-4
ERP-09426,PROJ-2026,Cusco,Business Proc,155,185,46655,77306,49312,27994,14,15,PM_MEZA,SRV-NODE-6
ERP-09427,PROJ-3353,Iquitos,Project Mgmt,106,132,29574,53529,31551,21978,27,27,PM_RIVAS,SRV-NODE-9
ERP-09428,PROJ-7513,Piura,Audiovisual,93,93,26877,49615,26995,22620,17,30,PM_MEZA,SRV-NODE-5
ERP-09429,PROJ-8047,Tacna,Project Mgmt,153,205,31977,57052,35890,21162,10,14,PM_VEGA,SRV-NODE-9
ERP-09430,PROJ-9670,Huancayo,Project Mgmt,116,129,30044,65745,32666,33079,16,22,PM_VEGA,SRV-NODE-7
ERP-09431,PROJ-3797,Arequipa,Project Mgmt,144,164,59184,128039,64551,63488,34,46,PM_PEREZ,SRV-NODE-1
ERP-09432,PROJ-2394,Iquitos,Audiovisual,31,38,7843,16049,8747,7302,40,65,PM_SOTO,SRV-NODE-5
ERP-09433,PROJ-5443,Iquitos,Videoconference,86,90,37926,71829,52672,19157,42,50,PM_MEZA,SRV-NODE-1
ERP-09434,PROJ-9880,Huancayo,Business Proc,42,47,24402,45516,33342,12174,9,4,PM_RIVAS,SRV-NODE-2
ERP-09435,PROJ-1903,Iquitos,Project Mgmt,139,176,36557,62339,50689,11650,8,5,PM_VEGA,SRV-NODE-7
ERP-09436,PROJ-9831,Cusco,Audiovisual,115,153,40135,85041,55517,29524,48,27,PM_VEGA,SRV-NODE-2
ERP-09437,PROJ-9840,Piura,Business Proc,156,184,34476,55673,44414,11259,26,42,PM_PEREZ,SRV-NODE-7
ERP-09438,PROJ-2438,Huancayo,Business Proc,108,131,57888,100912,80398,20514,39,69,PM_VEGA,SRV-NODE-10
ERP-09439,PROJ-5340,Trujillo,Videoconference,59,69,30798,65790,35104,30686,19,4,PM_PEREZ,SRV-NODE-5
ERP-09440,PROJ-2721,Piura,Videoconference,113,124,51302,105705,70724,34981,49,68,PM_SOTO,SRV-NODE-9
ERP-09441,PROJ-6794,Iquitos,Audiovisual,151,190,36542,58562,39255,19307,13,18,PM_SOTO,SRV-NODE-5
ERP-09442,PROJ-6993,Iquitos,Project Mgmt,83,102,42247,81160,48811,32349,28,45,PM_MEZA,SRV-NODE-3
ERP-09443,PROJ-8295,Trujillo,Project Mgmt,101,109,28785,54892,35432,19460,31,49,PM_SOTO,SRV-NODE-2
ERP-09444,PROJ-1475,Huancayo,Project Mgmt,41,53,24149,42710,30266,12444,33,50,PM_PEREZ,SRV-NODE-6
ERP-09445,PROJ-9839,Puno,Project Mgmt,149,149,35164,71835,42345,29490,27,45,PM_PEREZ,SRV-NODE-8
ERP-09446,PROJ-6830,Huancayo,Business Proc,158,172,42660,72426,44107,28319,33,37,PM_MEZA,SRV-NODE-1
ERP-09447,PROJ-1851,Lima,Audiovisual,179,197,73211,158294,73755,84539,14,1,PM_VEGA,SRV-NODE-6
ERP-09448,PROJ-8914,Huancayo,Business Proc,58,74,17980,30533,24819,5714,47,15,PM_PEREZ,SRV-NODE-1
ERP-09449,PROJ-2117,Huancayo,Audiovisual,127,128,54864,114018,71756,42262,24,36,PM_MEZA,SRV-NODE-5
ERP-09450,PROJ-6067,Tacna,Project Mgmt,52,68,28860,46399,29895,16504,50,40,PM_RIVAS,SRV-NODE-10
ERP-09451,PROJ-3927,Piura,Audiovisual,103,128,28531,59090,30763,28327,15,14,PM_SOTO,SRV-NODE-3
ERP-09452,PROJ-9793,Tacna,Business Proc,166,181,70550,131453,95266,36187,20,25,PM_RIVAS,SRV-NODE-10
ERP-09453,PROJ-7749,Cajamarca,Videoconference,59,75,28497,61919,37841,24078,23,33,PM_SOTO,SRV-NODE-7
ERP-09454,PROJ-6957,Piura,Project Mgmt,22,28,9592,16734,12394,4340,24,22,PM_VEGA,SRV-NODE-8
ERP-09455,PROJ-1649,Trujillo,Videoconference,168,171,49728,81932,61029,20903,14,15,PM_SOTO,SRV-NODE-5
ERP-09456,PROJ-5190,Piura,Audiovisual,101,129,48379,102896,66117,36779,46,5,PM_SOTO,SRV-NODE-6
ERP-09457,PROJ-9689,Tacna,Project Mgmt,71,78,23146,43314,29550,13764,49,38,PM_MEZA,SRV-NODE-9
ERP-09458,PROJ-4800,Tacna,Project Mgmt,56,67,19208,39639,24161,15478,21,26,PM_PEREZ,SRV-NODE-3
ERP-09459,PROJ-1718,Tacna,Business Proc,155,156,41230,83215,52587,30628,30,15,PM_VEGA,SRV-NODE-3
ERP-09460,PROJ-8894,Lima,Project Mgmt,109,142,54609,119589,55066,64523,21,23,PM_MEZA,SRV-NODE-3
ERP-09461,PROJ-2277,Arequipa,Business Proc,136,140,70856,117088,76244,40844,38,60,PM_SOTO,SRV-NODE-2
ERP-09462,PROJ-8620,Iquitos,Project Mgmt,147,191,72324,149627,93041,56586,37,29,PM_VEGA,SRV-NODE-8
ERP-09463,PROJ-8376,Piura,Audiovisual,49,59,17199,34228,18180,16048,6,8,PM_RIVAS,SRV-NODE-2
ERP-09464,PROJ-5774,Cajamarca,Videoconference,122,131,28548,49491,28581,20910,38,21,PM_PEREZ,SRV-NODE-6
ERP-09465,PROJ-2359,Piura,Audiovisual,146,168,66284,132127,68254,63873,48,27,PM_MEZA,SRV-NODE-1
ERP-09466,PROJ-6133,Trujillo,Project Mgmt,96,122,23712,40680,30987,9693,35,29,PM_MEZA,SRV-NODE-2
ERP-09467,PROJ-3750,Lima,Audiovisual,147,163,41160,86667,55095,31572,36,44,PM_RIVAS,SRV-NODE-5
ERP-09468,PROJ-9375,Trujillo,Videoconference,128,129,42496,73354,58662,14692,25,6,PM_MEZA,SRV-NODE-1
ERP-09469,PROJ-1224,Cajamarca,Videoconference,27,27,5967,12760,6112,6648,46,62,PM_SOTO,SRV-NODE-3
ERP-09470,PROJ-9565,Tacna,Business Proc,70,89,14420,31210,15634,15576,34,8,PM_VEGA,SRV-NODE-1
ERP-09471,PROJ-3743,Arequipa,Videoconference,53,54,24221,41418,31820,9598,39,44,PM_MEZA,SRV-NODE-10
ERP-09472,PROJ-7381,Trujillo,Videoconference,128,145,35968,71707,46632,25075,40,69,PM_MEZA,SRV-NODE-2
ERP-09473,PROJ-8873,Cajamarca,Project Mgmt,133,138,66766,114935,75719,39216,11,16,PM_VEGA,SRV-NODE-9
ERP-09474,PROJ-5309,Huancayo,Audiovisual,179,227,73748,160701,88106,72595,18,25,PM_RIVAS,SRV-NODE-8
ERP-09475,PROJ-3613,Trujillo,Videoconference,138,153,55062,108320,65217,43103,39,8,PM_VEGA,SRV-NODE-9
ERP-09476,PROJ-1216,Puno,Videoconference,93,121,33387,65592,34666,30926,5,4,PM_VEGA,SRV-NODE-3
ERP-09477,PROJ-6000,Piura,Audiovisual,155,163,77345,139435,83063,56372,45,31,PM_MEZA,SRV-NODE-9
ERP-09478,PROJ-3195,Cusco,Business Proc,153,184,70380,134707,86285,48422,20,8,PM_PEREZ,SRV-NODE-1
ERP-09479,PROJ-5406,Puno,Audiovisual,87,88,18009,37295,19358,17937,38,18,PM_VEGA,SRV-NODE-10
ERP-09480,PROJ-4519,Iquitos,Project Mgmt,115,152,33350,53679,41790,11889,14,9,PM_SOTO,SRV-NODE-8
ERP-09481,PROJ-2000,Piura,Videoconference,162,164,40014,65563,52781,12782,9,2,PM_RIVAS,SRV-NODE-8
ERP-09482,PROJ-4734,Cusco,Business Proc,76,99,22192,46940,24992,21948,8,9,PM_SOTO,SRV-NODE-6
ERP-09483,PROJ-2751,Piura,Project Mgmt,101,132,49894,92139,57216,34923,30,37,PM_RIVAS,SRV-NODE-3
ERP-09484,PROJ-1248,Cajamarca,Audiovisual,168,171,62328,133764,85553,48211,33,25,PM_RIVAS,SRV-NODE-7
ERP-09485,PROJ-9771,Trujillo,Business Proc,59,72,20650,35452,22646,12806,6,3,PM_SOTO,SRV-NODE-5
ERP-09486,PROJ-9388,Trujillo,Audiovisual,130,147,41600,71528,47703,23825,44,58,PM_SOTO,SRV-NODE-1
ERP-09487,PROJ-1215,Arequipa,Videoconference,32,38,17024,32505,20612,11893,20,28,PM_VEGA,SRV-NODE-7
ERP-09488,PROJ-8045,Piura,Audiovisual,72,88,19656,32395,25400,6995,31,33,PM_RIVAS,SRV-NODE-8
ERP-09489,PROJ-7588,Trujillo,Audiovisual,139,141,57546,114339,73967,40372,43,70,PM_MEZA,SRV-NODE-5
ERP-09490,PROJ-8562,Cusco,Videoconference,81,84,27540,55787,33143,22644,6,9,PM_PEREZ,SRV-NODE-7
ERP-09491,PROJ-8083,Cajamarca,Audiovisual,163,167,48085,91899,58981,32918,36,43,PM_SOTO,SRV-NODE-3
ERP-09492,PROJ-4535,Tacna,Project Mgmt,99,99,21483,40785,29203,11582,7,5,PM_RIVAS,SRV-NODE-3
ERP-09493,PROJ-2126,Cusco,Audiovisual,65,68,27040,50733,36212,14521,29,42,PM_VEGA,SRV-NODE-9
ERP-09494,PROJ-1029,Puno,Business Proc,98,104,55174,111914,62285,49629,17,9,PM_PEREZ,SRV-NODE-3
ERP-09495,PROJ-6325,Cusco,Videoconference,171,186,90972,177023,109606,67417,8,1,PM_SOTO,SRV-NODE-9
ERP-09496,PROJ-1017,Cajamarca,Videoconference,86,87,31992,65820,41797,24023,4,5,PM_MEZA,SRV-NODE-2
ERP-09497,PROJ-6617,Tacna,Videoconference,83,104,24734,52799,30626,22173,15,24,PM_PEREZ,SRV-NODE-4
ERP-09498,PROJ-2841,Cusco,Videoconference,160,161,80480,131872,103391,28481,40,6,PM_MEZA,SRV-NODE-8
ERP-09499,PROJ-5794,Tacna,Business Proc,96,109,45600,97490,48865,48625,19,7,PM_MEZA,SRV-NODE-10
ERP-09500,PROJ-1158,Cusco,Audiovisual,62,83,28520,59438,29739,29699,44,47,PM_VEGA,SRV-NODE-6
ERP-09501,PROJ-8915,Arequipa,Videoconference,101,119,44945,90233,48637,41596,42,39,PM_PEREZ,SRV-NODE-5
ERP-09502,PROJ-7150,Arequipa,Business Proc,153,184,87516,178917,96781,82136,7,1,PM_SOTO,SRV-NODE-3
ERP-09503,PROJ-4381,Tacna,Audiovisual,104,128,44200,95458,55997,39461,43,44,PM_VEGA,SRV-NODE-8
ERP-09504,PROJ-8729,Huancayo,Audiovisual,90,108,46530,80583,52346,28237,34,9,PM_MEZA,SRV-NODE-9
ERP-09505,PROJ-6965,Cajamarca,Audiovisual,180,230,57240,114610,74617,39993,30,44,PM_SOTO,SRV-NODE-3
ERP-09506,PROJ-6584,Lima,Videoconference,116,135,29812,56247,33555,22692,44,31,PM_MEZA,SRV-NODE-8
ERP-09507,PROJ-7388,Puno,Business Proc,48,61,24048,46237,31383,14854,39,51,PM_MEZA,SRV-NODE-9
ERP-09508,PROJ-9644,Tacna,Audiovisual,41,50,9020,17811,10213,7598,35,9,PM_VEGA,SRV-NODE-3
ERP-09509,PROJ-6757,Iquitos,Business Proc,55,60,31460,57408,37591,19817,41,72,PM_VEGA,SRV-NODE-4
ERP-09510,PROJ-2047,Lima,Project Mgmt,120,132,69480,130988,86115,44873,31,18,PM_PEREZ,SRV-NODE-2
ERP-09511,PROJ-7700,Lima,Project Mgmt,140,166,66920,123482,85078,38404,47,11,PM_VEGA,SRV-NODE-2
ERP-09512,PROJ-6199,Trujillo,Videoconference,179,198,100777,206006,127909,78097,38,30,PM_SOTO,SRV-NODE-9
ERP-09513,PROJ-8166,Cusco,Videoconference,60,60,20640,45358,27574,17784,24,22,PM_PEREZ,SRV-NODE-7
ERP-09514,PROJ-7881,Cajamarca,Audiovisual,143,165,53482,109544,71205,38339,43,20,PM_RIVAS,SRV-NODE-2
ERP-09515,PROJ-2729,Tacna,Videoconference,147,189,33663,70675,38502,32173,39,36,PM_RIVAS,SRV-NODE-7
ERP-09516,PROJ-6059,Lima,Business Proc,125,141,58000,93190,58707,34483,36,17,PM_MEZA,SRV-NODE-8
ERP-09517,PROJ-7868,Iquitos,Business Proc,86,113,22704,46959,31764,15195,47,6,PM_RIVAS,SRV-NODE-1
ERP-09518,PROJ-2920,Trujillo,Audiovisual,126,167,43848,95607,55364,40243,10,5,PM_VEGA,SRV-NODE-10
ERP-09519,PROJ-7716,Lima,Business Proc,129,144,69918,136293,72097,64196,48,83,PM_PEREZ,SRV-NODE-3
ERP-09520,PROJ-3142,Puno,Audiovisual,102,131,40494,69444,44926,24518,41,25,PM_RIVAS,SRV-NODE-9
ERP-09521,PROJ-1903,Tacna,Videoconference,169,203,101062,178478,139930,38548,41,66,PM_SOTO,SRV-NODE-9
ERP-09522,PROJ-3595,Cajamarca,Business Proc,129,137,49149,82865,67261,15604,26,45,PM_VEGA,SRV-NODE-5
ERP-09523,PROJ-9243,Tacna,Business Proc,162,169,40014,68685,42230,26455,10,13,PM_MEZA,SRV-NODE-3
ERP-09524,PROJ-4019,Piura,Videoconference,153,153,44370,85477,61171,24306,23,33,PM_MEZA,SRV-NODE-8
ERP-09525,PROJ-3180,Puno,Videoconference,129,165,35733,67599,42757,24842,44,60,PM_SOTO,SRV-NODE-10
ERP-09526,PROJ-4992,Tacna,Audiovisual,90,114,46440,95183,49097,46086,40,18,PM_SOTO,SRV-NODE-10
ERP-09527,PROJ-5721,Huancayo,Audiovisual,103,126,47792,94005,65963,28042,6,4,PM_MEZA,SRV-NODE-2
ERP-09528,PROJ-1675,Arequipa,Audiovisual,89,91,37914,61086,42912,18174,46,44,PM_VEGA,SRV-NODE-10
ERP-09529,PROJ-1630,Iquitos,Project Mgmt,68,84,39440,68874,48993,19881,18,26,PM_SOTO,SRV-NODE-8
ERP-09530,PROJ-6211,Cajamarca,Project Mgmt,155,174,82460,172787,111784,61003,42,45,PM_SOTO,SRV-NODE-2
ERP-09531,PROJ-8358,Tacna,Project Mgmt,77,88,42196,84338,44073,40265,14,21,PM_VEGA,SRV-NODE-9
ERP-09532,PROJ-8372,Arequipa,Videoconference,132,143,29568,64244,39221,25023,40,52,PM_SOTO,SRV-NODE-10
ERP-09533,PROJ-5913,Tacna,Business Proc,51,58,29223,61824,36702,25122,13,15,PM_MEZA,SRV-NODE-3
ERP-09534,PROJ-9253,Huancayo,Business Proc,95,124,50445,109443,51802,57641,12,15,PM_VEGA,SRV-NODE-4
ERP-09535,PROJ-1292,Huancayo,Business Proc,39,39,8931,15466,8933,6533,13,22,PM_VEGA,SRV-NODE-1
ERP-09536,PROJ-1925,Iquitos,Project Mgmt,172,174,81528,152001,89538,62463,5,3,PM_RIVAS,SRV-NODE-6
ERP-09537,PROJ-8367,Cajamarca,Project Mgmt,146,172,62488,120277,84733,35544,3,2,PM_RIVAS,SRV-NODE-8
ERP-09538,PROJ-5567,Puno,Project Mgmt,29,34,13833,28013,17534,10479,32,4,PM_SOTO,SRV-NODE-1
ERP-09539,PROJ-3240,Arequipa,Videoconference,37,44,8547,14020,8579,5441,5,7,PM_RIVAS,SRV-NODE-3
ERP-09540,PROJ-4899,Piura,Audiovisual,147,181,73353,138343,86006,52337,48,70,PM_RIVAS,SRV-NODE-2
ERP-09541,PROJ-4633,Trujillo,Project Mgmt,46,56,22172,41097,23562,17535,46,67,PM_MEZA,SRV-NODE-1
ERP-09542,PROJ-6486,Puno,Project Mgmt,31,33,6789,11561,9220,2341,4,3,PM_SOTO,SRV-NODE-1
ERP-09543,PROJ-6508,Arequipa,Project Mgmt,171,208,59679,95671,67044,28627,15,22,PM_MEZA,SRV-NODE-3
ERP-09544,PROJ-2847,Tacna,Project Mgmt,48,62,10608,17436,13661,3775,33,52,PM_MEZA,SRV-NODE-6
ERP-09545,PROJ-5995,Huancayo,Audiovisual,121,153,62678,106716,83904,22812,39,26,PM_RIVAS,SRV-NODE-5
ERP-09546,PROJ-8736,Arequipa,Videoconference,152,182,44840,81888,49420,32468,41,45,PM_RIVAS,SRV-NODE-6
ERP-09547,PROJ-1854,Tacna,Videoconference,153,169,39015,68995,48555,20440,49,76,PM_RIVAS,SRV-NODE-7
ERP-09548,PROJ-1968,Cajamarca,Business Proc,118,134,27494,51656,35782,15874,27,39,PM_MEZA,SRV-NODE-1
ERP-09549,PROJ-8433,Tacna,Videoconference,64,79,30976,67480,39807,27673,34,50,PM_PEREZ,SRV-NODE-3
ERP-09550,PROJ-5180,Trujillo,Project Mgmt,128,140,57600,125130,66426,58704,46,42,PM_RIVAS,SRV-NODE-9
ERP-09551,PROJ-8070,Cusco,Project Mgmt,165,198,60555,113743,75779,37964,40,13,PM_RIVAS,SRV-NODE-10
ERP-09552,PROJ-9363,Lima,Project Mgmt,154,185,75614,149835,99753,50082,23,33,PM_VEGA,SRV-NODE-9
ERP-09553,PROJ-3690,Cusco,Project Mgmt,77,84,30492,65465,33441,32024,35,61,PM_RIVAS,SRV-NODE-1
ERP-09554,PROJ-7657,Puno,Business Proc,30,36,17190,32471,21161,11310,4,4,PM_PEREZ,SRV-NODE-6
ERP-09555,PROJ-2520,Trujillo,Audiovisual,75,75,21300,45378,25202,20176,39,44,PM_VEGA,SRV-NODE-9
ERP-09556,PROJ-8224,Lima,Project Mgmt,28,33,14084,29309,14575,14734,28,49,PM_SOTO,SRV-NODE-3
ERP-09557,PROJ-8340,Trujillo,Business Proc,153,179,86292,183556,97030,86526,13,23,PM_PEREZ,SRV-NODE-6
ERP-09558,PROJ-2604,Arequipa,Audiovisual,111,124,62160,132284,68277,64007,34,20,PM_RIVAS,SRV-NODE-8
ERP-09559,PROJ-5935,Lima,Audiovisual,88,111,17776,38104,19089,19015,8,2,PM_RIVAS,SRV-NODE-7
ERP-09560,PROJ-6942,Cajamarca,Audiovisual,149,171,49319,81211,66067,15144,43,63,PM_MEZA,SRV-NODE-3
ERP-09561,PROJ-4637,Huancayo,Audiovisual,138,160,73692,139238,81738,57500,40,41,PM_PEREZ,SRV-NODE-4
ERP-09562,PROJ-4023,Iquitos,Business Proc,112,140,31136,61273,42706,18567,4,0,PM_RIVAS,SRV-NODE-10
ERP-09563,PROJ-9236,Trujillo,Videoconference,172,184,77916,131161,90477,40684,25,14,PM_MEZA,SRV-NODE-10
ERP-09564,PROJ-1614,Arequipa,Business Proc,154,176,31416,55377,42303,13074,43,46,PM_PEREZ,SRV-NODE-6
ERP-09565,PROJ-1826,Iquitos,Videoconference,179,208,40275,70866,41601,29265,21,28,PM_MEZA,SRV-NODE-7
ERP-09566,PROJ-3182,Trujillo,Project Mgmt,65,73,29705,57845,40780,17065,41,23,PM_VEGA,SRV-NODE-7
ERP-09567,PROJ-7640,Cusco,Business Proc,148,167,76516,137405,77700,59705,4,6,PM_PEREZ,SRV-NODE-7
ERP-09568,PROJ-5954,Puno,Audiovisual,83,108,42330,72053,53278,18775,3,3,PM_SOTO,SRV-NODE-9
ERP-09569,PROJ-6782,Cusco,Business Proc,84,94,40488,75443,47257,28186,36,30,PM_PEREZ,SRV-NODE-6
ERP-09570,PROJ-5093,Iquitos,Project Mgmt,76,84,37316,64396,48463,15933,27,7,PM_RIVAS,SRV-NODE-10
ERP-09571,PROJ-9611,Cusco,Project Mgmt,51,54,14229,28568,15926,12642,30,32,PM_MEZA,SRV-NODE-9
ERP-09572,PROJ-2790,Cusco,Business Proc,133,173,79534,144297,102275,42022,16,18,PM_VEGA,SRV-NODE-10
ERP-09573,PROJ-7800,Cajamarca,Business Proc,56,71,28616,56473,34252,22221,14,10,PM_VEGA,SRV-NODE-7
ERP-09574,PROJ-5530,Puno,Videoconference,132,167,61908,114971,77683,37288,7,0,PM_PEREZ,SRV-NODE-7
ERP-09575,PROJ-3040,Puno,Videoconference,107,137,22470,45852,28320,17532,39,26,PM_VEGA,SRV-NODE-3
ERP-09576,PROJ-8173,Tacna,Videoconference,139,180,67554,128921,76738,52183,15,23,PM_VEGA,SRV-NODE-3
ERP-09577,PROJ-7341,Cajamarca,Project Mgmt,158,158,37130,76504,50017,26487,36,5,PM_PEREZ,SRV-NODE-8
ERP-09578,PROJ-6101,Cajamarca,Project Mgmt,109,145,29757,56748,35751,20997,10,11,PM_PEREZ,SRV-NODE-8
ERP-09579,PROJ-1737,Huancayo,Videoconference,26,30,9022,15747,11583,4164,15,10,PM_MEZA,SRV-NODE-9
ERP-09580,PROJ-1022,Piura,Project Mgmt,100,111,42300,72691,54673,18018,20,19,PM_VEGA,SRV-NODE-9
ERP-09581,PROJ-7618,Cajamarca,Project Mgmt,165,190,92400,150625,93221,57404,50,42,PM_RIVAS,SRV-NODE-4
ERP-09582,PROJ-5497,Tacna,Business Proc,73,93,23068,44773,27332,17441,38,36,PM_VEGA,SRV-NODE-10
ERP-09583,PROJ-6670,Iquitos,Business Proc,154,160,60060,130938,78462,52476,37,60,PM_SOTO,SRV-NODE-4
ERP-09584,PROJ-8026,Lima,Business Proc,114,121,25650,50031,30823,19208,32,43,PM_RIVAS,SRV-NODE-1
ERP-09585,PROJ-1002,Arequipa,Business Proc,21,24,6132,12505,7356,5149,48,83,PM_RIVAS,SRV-NODE-10
ERP-09586,PROJ-5653,Iquitos,Audiovisual,163,166,41891,86681,43539,43142,18,1,PM_PEREZ,SRV-NODE-8
ERP-09587,PROJ-5672,Huancayo,Videoconference,60,77,19380,35821,23648,12173,36,4,PM_RIVAS,SRV-NODE-6
ERP-09588,PROJ-5598,Trujillo,Audiovisual,169,170,60840,104427,80496,23931,45,23,PM_SOTO,SRV-NODE-5
ERP-09589,PROJ-9124,Cajamarca,Audiovisual,106,136,27136,46398,29451,16947,24,30,PM_VEGA,SRV-NODE-2
ERP-09590,PROJ-9030,Trujillo,Business Proc,87,107,21663,39328,25551,13777,8,9,PM_PEREZ,SRV-NODE-2
ERP-09591,PROJ-2788,Trujillo,Project Mgmt,71,73,37843,66909,42911,23998,29,10,PM_PEREZ,SRV-NODE-2
ERP-09592,PROJ-2167,Arequipa,Project Mgmt,141,176,72192,135134,84958,50176,8,2,PM_PEREZ,SRV-NODE-10
ERP-09593,PROJ-6986,Huancayo,Business Proc,139,167,66998,112746,85416,27330,33,44,PM_MEZA,SRV-NODE-8
ERP-09594,PROJ-3474,Lima,Project Mgmt,32,37,8416,13580,8629,4951,48,63,PM_MEZA,SRV-NODE-1
ERP-09595,PROJ-7495,Cusco,Business Proc,82,89,21402,41981,27401,14580,16,16,PM_VEGA,SRV-NODE-1
ERP-09596,PROJ-1892,Arequipa,Business Proc,60,62,13320,28375,17662,10713,24,25,PM_PEREZ,SRV-NODE-4
ERP-09597,PROJ-4656,Cajamarca,Audiovisual,81,81,20574,42291,21231,21060,31,46,PM_VEGA,SRV-NODE-2
ERP-09598,PROJ-3390,Puno,Project Mgmt,21,22,7119,13816,8272,5544,22,8,PM_RIVAS,SRV-NODE-6
ERP-09599,PROJ-6135,Iquitos,Business Proc,70,75,39270,66459,49369,17090,33,27,PM_PEREZ,SRV-NODE-7
ERP-09600,PROJ-3472,Huancayo,Videoconference,166,173,34694,61585,41340,20245,6,2,PM_PEREZ,SRV-NODE-8
ERP-09601,PROJ-6807,Tacna,Project Mgmt,149,198,57216,109767,66355,43412,17,30,PM_RIVAS,SRV-NODE-3
ERP-09602,PROJ-2281,Trujillo,Videoconference,52,69,11024,22380,13113,9267,13,18,PM_PEREZ,SRV-NODE-3
ERP-09603,PROJ-6224,Iquitos,Audiovisual,38,49,17784,37740,23359,14381,15,26,PM_MEZA,SRV-NODE-1
ERP-09604,PROJ-5557,Trujillo,Business Proc,167,224,77488,159243,95097,64146,36,17,PM_MEZA,SRV-NODE-2
ERP-09605,PROJ-2326,Lima,Audiovisual,158,188,84372,147683,115135,32548,14,12,PM_VEGA,SRV-NODE-1
ERP-09606,PROJ-5657,Cajamarca,Business Proc,164,186,60024,126574,60503,66071,27,21,PM_SOTO,SRV-NODE-5
ERP-09607,PROJ-4831,Lima,Audiovisual,26,29,14196,30301,19831,10470,21,3,PM_PEREZ,SRV-NODE-10
ERP-09608,PROJ-3407,Trujillo,Project Mgmt,110,113,29920,57389,32297,25092,20,12,PM_SOTO,SRV-NODE-2
ERP-09609,PROJ-9890,Trujillo,Audiovisual,111,129,60051,120327,69952,50375,43,66,PM_RIVAS,SRV-NODE-1
ERP-09610,PROJ-8161,Tacna,Videoconference,47,56,22278,40222,28108,12114,17,1,PM_VEGA,SRV-NODE-4
ERP-09611,PROJ-9078,Iquitos,Audiovisual,31,39,17825,36423,23359,13064,44,37,PM_PEREZ,SRV-NODE-5
ERP-09612,PROJ-9846,Trujillo,Videoconference,37,47,21645,39431,25453,13978,15,1,PM_RIVAS,SRV-NODE-1
ERP-09613,PROJ-9814,Arequipa,Audiovisual,95,99,26600,50729,27249,23480,9,8,PM_PEREZ,SRV-NODE-10
ERP-09614,PROJ-6021,Piura,Videoconference,94,94,29328,54832,32801,22031,9,4,PM_RIVAS,SRV-NODE-4
ERP-09615,PROJ-3441,Iquitos,Project Mgmt,51,56,16371,32420,22411,10009,10,16,PM_RIVAS,SRV-NODE-8
ERP-09616,PROJ-2847,Cusco,Business Proc,95,118,22135,37982,30979,7003,36,42,PM_PEREZ,SRV-NODE-9
ERP-09617,PROJ-7001,Lima,Project Mgmt,70,87,15750,30370,20258,10112,32,7,PM_PEREZ,SRV-NODE-2
ERP-09618,PROJ-6740,Tacna,Audiovisual,31,33,10447,17347,11023,6324,36,4,PM_VEGA,SRV-NODE-2
ERP-09619,PROJ-6932,Puno,Audiovisual,126,157,58716,126823,71181,55642,28,5,PM_VEGA,SRV-NODE-7
ERP-09620,PROJ-7110,Huancayo,Audiovisual,156,181,66456,125439,83743,41696,24,33,PM_VEGA,SRV-NODE-5
ERP-09621,PROJ-4054,Lima,Videoconference,160,215,46560,79506,61197,18309,38,53,PM_MEZA,SRV-NODE-1
ERP-09622,PROJ-9567,Lima,Project Mgmt,32,39,14496,25640,17387,8253,11,13,PM_RIVAS,SRV-NODE-5
ERP-09623,PROJ-6129,Iquitos,Business Proc,75,100,44175,91929,51333,40596,38,42,PM_RIVAS,SRV-NODE-1
ERP-09624,PROJ-6094,Piura,Videoconference,121,137,45617,97415,48966,48449,25,12,PM_VEGA,SRV-NODE-6
ERP-09625,PROJ-9986,Lima,Business Proc,115,127,66930,131905,87887,44018,25,27,PM_PEREZ,SRV-NODE-10
ERP-09626,PROJ-2272,Trujillo,Videoconference,154,205,50512,104901,58058,46843,14,5,PM_SOTO,SRV-NODE-10
ERP-09627,PROJ-7276,Lima,Videoconference,77,85,38038,64542,52903,11639,22,16,PM_RIVAS,SRV-NODE-2
ERP-09628,PROJ-8166,Trujillo,Audiovisual,138,138,35880,62292,47358,14934,6,10,PM_PEREZ,SRV-NODE-10
ERP-09629,PROJ-1056,Arequipa,Business Proc,41,49,13571,22707,15527,7180,38,10,PM_SOTO,SRV-NODE-4
ERP-09630,PROJ-2322,Tacna,Project Mgmt,42,52,12600,24554,16571,7983,38,53,PM_PEREZ,SRV-NODE-1
ERP-09631,PROJ-3747,Cajamarca,Audiovisual,125,129,25750,42743,31060,11683,24,15,PM_SOTO,SRV-NODE-7
ERP-09632,PROJ-3808,Huancayo,Videoconference,64,71,15040,24487,20046,4441,38,29,PM_MEZA,SRV-NODE-10
ERP-09633,PROJ-6645,Cajamarca,Business Proc,99,101,55044,103226,61063,42163,10,11,PM_SOTO,SRV-NODE-8
ERP-09634,PROJ-7913,Cusco,Audiovisual,73,82,20221,42195,26347,15848,12,19,PM_RIVAS,SRV-NODE-5
ERP-09635,PROJ-6024,Lima,Videoconference,22,22,7414,11915,8011,3904,20,7,PM_RIVAS,SRV-NODE-9
ERP-09636,PROJ-4122,Cajamarca,Business Proc,133,149,69825,137483,74279,63204,46,23,PM_MEZA,SRV-NODE-6
ERP-09637,PROJ-2133,Lima,Business Proc,61,65,15189,29708,16592,13116,39,60,PM_MEZA,SRV-NODE-7
ERP-09638,PROJ-4907,Puno,Audiovisual,56,56,15344,33123,20988,12135,38,67,PM_PEREZ,SRV-NODE-9
ERP-09639,PROJ-5123,Cajamarca,Project Mgmt,132,141,45276,89476,58505,30971,33,42,PM_RIVAS,SRV-NODE-10
ERP-09640,PROJ-8016,Cajamarca,Project Mgmt,33,33,9372,16722,9628,7094,28,48,PM_VEGA,SRV-NODE-7
ERP-09641,PROJ-1831,Cusco,Business Proc,123,132,55719,109273,61363,47910,3,1,PM_PEREZ,SRV-NODE-2
ERP-09642,PROJ-6510,Piura,Project Mgmt,166,209,60590,121478,82971,38507,5,2,PM_MEZA,SRV-NODE-4
ERP-09643,PROJ-2250,Trujillo,Project Mgmt,180,233,49860,84142,56476,27666,28,3,PM_PEREZ,SRV-NODE-7
ERP-09644,PROJ-4136,Lima,Project Mgmt,47,61,22231,38029,27121,10908,43,25,PM_RIVAS,SRV-NODE-1
ERP-09645,PROJ-1091,Tacna,Business Proc,69,83,28911,62662,39992,22670,14,8,PM_PEREZ,SRV-NODE-6
ERP-09646,PROJ-8062,Arequipa,Audiovisual,135,142,49680,84379,58811,25568,11,7,PM_RIVAS,SRV-NODE-10
ERP-09647,PROJ-6476,Lima,Audiovisual,34,41,8704,15756,12152,3604,49,87,PM_MEZA,SRV-NODE-9
ERP-09648,PROJ-8473,Trujillo,Business Proc,37,38,12210,26651,14510,12141,8,5,PM_RIVAS,SRV-NODE-2
ERP-09649,PROJ-6543,Tacna,Project Mgmt,174,215,49416,101059,67437,33622,47,42,PM_SOTO,SRV-NODE-4
ERP-09650,PROJ-1481,Iquitos,Business Proc,76,78,44156,75347,56710,18637,10,7,PM_SOTO,SRV-NODE-4
ERP-09651,PROJ-2056,Puno,Project Mgmt,162,176,68040,133955,68425,65530,31,13,PM_RIVAS,SRV-NODE-7
ERP-09652,PROJ-9146,Puno,Videoconference,41,51,24190,45348,28464,16884,12,5,PM_VEGA,SRV-NODE-4
ERP-09653,PROJ-9098,Cajamarca,Business Proc,84,101,49308,101659,61281,40378,26,24,PM_MEZA,SRV-NODE-5
ERP-09654,PROJ-6823,Cusco,Audiovisual,24,29,12120,26507,14075,12432,30,33,PM_VEGA,SRV-NODE-6
ERP-09655,PROJ-2992,Cajamarca,Audiovisual,145,166,81200,148441,109873,38568,32,54,PM_PEREZ,SRV-NODE-2
ERP-09656,PROJ-3716,Puno,Project Mgmt,124,132,31000,66787,35880,30907,21,4,PM_PEREZ,SRV-NODE-7
ERP-09657,PROJ-6426,Piura,Videoconference,41,45,11972,20036,12628,7408,24,27,PM_VEGA,SRV-NODE-7
ERP-09658,PROJ-7830,Lima,Business Proc,66,72,18084,37374,21092,16282,14,10,PM_VEGA,SRV-NODE-2
ERP-09659,PROJ-5402,Puno,Videoconference,52,58,15548,25844,19420,6424,12,15,PM_RIVAS,SRV-NODE-4
ERP-09660,PROJ-6123,Cajamarca,Videoconference,118,134,32686,66011,37726,28285,4,3,PM_VEGA,SRV-NODE-2
ERP-09661,PROJ-8740,Huancayo,Videoconference,158,168,93852,172653,109899,62754,30,52,PM_RIVAS,SRV-NODE-2
ERP-09662,PROJ-3325,Puno,Videoconference,145,149,64815,104332,73204,31128,4,0,PM_SOTO,SRV-NODE-5
ERP-09663,PROJ-4783,Puno,Business Proc,156,182,69420,119470,95260,24210,8,3,PM_VEGA,SRV-NODE-3
ERP-09664,PROJ-4932,Trujillo,Project Mgmt,115,129,66700,137663,85668,51995,19,10,PM_MEZA,SRV-NODE-10
ERP-09665,PROJ-8391,Cajamarca,Business Proc,133,153,61978,129445,79612,49833,3,3,PM_MEZA,SRV-NODE-5
ERP-09666,PROJ-1567,Lima,Audiovisual,156,163,71916,117903,76789,41114,18,20,PM_RIVAS,SRV-NODE-5
ERP-09667,PROJ-3211,Lima,Audiovisual,32,32,11424,24363,15982,8381,6,3,PM_SOTO,SRV-NODE-5
ERP-09668,PROJ-4479,Iquitos,Audiovisual,108,108,43740,95386,44270,51116,39,46,PM_MEZA,SRV-NODE-1
ERP-09669,PROJ-8490,Piura,Project Mgmt,59,61,16343,33035,20969,12066,32,49,PM_RIVAS,SRV-NODE-6
ERP-09670,PROJ-3895,Tacna,Videoconference,54,69,12042,22566,13451,9115,41,56,PM_SOTO,SRV-NODE-10
ERP-09671,PROJ-2442,Lima,Business Proc,77,90,23947,51060,29966,21094,40,61,PM_MEZA,SRV-NODE-4
ERP-09672,PROJ-3694,Lima,Project Mgmt,115,154,39445,77261,42787,34474,12,18,PM_RIVAS,SRV-NODE-9
ERP-09673,PROJ-7487,Puno,Project Mgmt,24,29,13224,23449,14915,8534,26,39,PM_MEZA,SRV-NODE-5
ERP-09674,PROJ-5956,Cajamarca,Audiovisual,44,48,11792,23752,14921,8831,5,3,PM_VEGA,SRV-NODE-3
ERP-09675,PROJ-1341,Lima,Videoconference,44,54,17072,31497,19089,12408,27,37,PM_PEREZ,SRV-NODE-9
ERP-09676,PROJ-5761,Lima,Audiovisual,136,181,76296,125355,80919,44436,50,87,PM_PEREZ,SRV-NODE-4
ERP-09677,PROJ-6498,Tacna,Project Mgmt,145,168,70180,135804,77078,58726,22,33,PM_MEZA,SRV-NODE-4
ERP-09678,PROJ-6152,Puno,Videoconference,71,74,15407,29004,17841,11163,6,1,PM_SOTO,SRV-NODE-1
ERP-09679,PROJ-2100,Iquitos,Project Mgmt,106,109,43248,86998,56092,30906,12,5,PM_VEGA,SRV-NODE-10
ERP-09680,PROJ-4382,Puno,Videoconference,27,33,6561,14113,8047,6066,15,22,PM_PEREZ,SRV-NODE-9
ERP-09681,PROJ-1027,Lima,Audiovisual,79,81,32469,70568,44664,25904,29,36,PM_SOTO,SRV-NODE-9
ERP-09682,PROJ-8553,Iquitos,Business Proc,121,126,36300,76833,39444,37389,7,8,PM_RIVAS,SRV-NODE-10
ERP-09683,PROJ-4972,Piura,Videoconference,179,223,75359,144583,94182,50401,14,1,PM_PEREZ,SRV-NODE-8
ERP-09684,PROJ-4524,Tacna,Business Proc,60,72,23400,48290,24932,23358,30,52,PM_MEZA,SRV-NODE-10
ERP-09685,PROJ-4189,Arequipa,Project Mgmt,49,65,11564,24935,12042,12893,32,6,PM_RIVAS,SRV-NODE-9
ERP-09686,PROJ-8127,Cajamarca,Business Proc,111,122,51837,98516,65743,32773,49,85,PM_SOTO,SRV-NODE-8
ERP-09687,PROJ-9998,Lima,Project Mgmt,158,184,75208,139274,92325,46949,4,5,PM_VEGA,SRV-NODE-8
ERP-09688,PROJ-2197,Puno,Videoconference,128,154,26368,47439,36263,11176,47,11,PM_SOTO,SRV-NODE-7
ERP-09689,PROJ-7212,Puno,Audiovisual,87,109,49590,82808,53130,29678,33,9,PM_PEREZ,SRV-NODE-4
ERP-09690,PROJ-7737,Lima,Project Mgmt,146,165,58546,127329,80218,47111,11,11,PM_VEGA,SRV-NODE-4
ERP-09691,PROJ-8051,Tacna,Business Proc,119,142,57239,114364,78191,36173,40,18,PM_SOTO,SRV-NODE-7
ERP-09692,PROJ-6199,Iquitos,Business Proc,100,106,38400,75079,44643,30436,28,9,PM_PEREZ,SRV-NODE-6
ERP-09693,PROJ-4868,Iquitos,Business Proc,180,190,99360,206164,113200,92964,18,14,PM_MEZA,SRV-NODE-2
ERP-09694,PROJ-4496,Piura,Project Mgmt,84,107,44100,81670,55495,26175,3,3,PM_VEGA,SRV-NODE-7
ERP-09695,PROJ-6466,Arequipa,Business Proc,39,42,22698,46055,28200,17855,18,14,PM_PEREZ,SRV-NODE-9
ERP-09696,PROJ-1076,Cusco,Project Mgmt,79,102,19434,33311,25322,7989,33,41,PM_MEZA,SRV-NODE-5
ERP-09697,PROJ-2664,Puno,Business Proc,28,36,12180,20441,15350,5091,41,13,PM_RIVAS,SRV-NODE-4
ERP-09698,PROJ-9582,Puno,Project Mgmt,37,38,8362,17757,10009,7748,20,21,PM_RIVAS,SRV-NODE-9
ERP-09699,PROJ-6167,Lima,Project Mgmt,179,198,90037,153088,114098,38990,15,25,PM_VEGA,SRV-NODE-3
ERP-09700,PROJ-6582,Cusco,Project Mgmt,66,81,15576,32797,18618,14179,8,10,PM_MEZA,SRV-NODE-4
ERP-09701,PROJ-2279,Cajamarca,Audiovisual,176,188,80432,149837,109047,40790,24,39,PM_PEREZ,SRV-NODE-9
ERP-09702,PROJ-5439,Tacna,Business Proc,151,180,30200,64053,37867,26186,44,14,PM_SOTO,SRV-NODE-6
ERP-09703,PROJ-2422,Iquitos,Business Proc,85,87,29155,47642,34682,12960,24,13,PM_SOTO,SRV-NODE-9
ERP-09704,PROJ-1069,Puno,Business Proc,164,195,96104,189097,128776,60321,7,6,PM_VEGA,SRV-NODE-6
ERP-09705,PROJ-4623,Tacna,Project Mgmt,162,163,49086,91639,61747,29892,28,19,PM_VEGA,SRV-NODE-8
ERP-09706,PROJ-9616,Trujillo,Project Mgmt,96,101,51840,90126,61807,28319,42,50,PM_PEREZ,SRV-NODE-2
ERP-09707,PROJ-2798,Arequipa,Audiovisual,22,24,11484,23123,13966,9157,21,37,PM_PEREZ,SRV-NODE-3
ERP-09708,PROJ-1531,Piura,Audiovisual,43,47,19135,36216,20279,15937,44,24,PM_RIVAS,SRV-NODE-9
ERP-09709,PROJ-4406,Huancayo,Project Mgmt,48,51,14784,25447,20157,5290,37,5,PM_RIVAS,SRV-NODE-10
ERP-09710,PROJ-8028,Piura,Project Mgmt,62,79,31000,58760,31713,27047,24,8,PM_VEGA,SRV-NODE-10
ERP-09711,PROJ-2514,Cusco,Business Proc,44,48,23672,42891,29191,13700,18,19,PM_RIVAS,SRV-NODE-3
ERP-09712,PROJ-6927,Trujillo,Business Proc,86,110,32422,68990,34803,34187,3,0,PM_RIVAS,SRV-NODE-3
ERP-09713,PROJ-6644,Iquitos,Videoconference,156,163,92664,193731,124108,69623,20,2,PM_SOTO,SRV-NODE-8
ERP-09714,PROJ-5520,Lima,Project Mgmt,62,78,36828,72492,48599,23893,33,47,PM_SOTO,SRV-NODE-7
ERP-09715,PROJ-4225,Trujillo,Project Mgmt,118,151,24780,52186,34390,17796,12,13,PM_MEZA,SRV-NODE-4
ERP-09716,PROJ-2293,Iquitos,Project Mgmt,92,123,50232,80429,69618,10811,41,7,PM_VEGA,SRV-NODE-5
ERP-09717,PROJ-6195,Trujillo,Business Proc,94,107,25944,42589,34395,8194,6,7,PM_MEZA,SRV-NODE-3
ERP-09718,PROJ-5723,Trujillo,Business Proc,46,56,25530,52148,33441,18707,6,1,PM_RIVAS,SRV-NODE-6
ERP-09719,PROJ-4761,Arequipa,Videoconference,71,88,32305,62350,43620,18730,32,51,PM_PEREZ,SRV-NODE-8
ERP-09720,PROJ-5041,Trujillo,Audiovisual,38,46,19228,32898,20568,12330,9,10,PM_MEZA,SRV-NODE-10
ERP-09721,PROJ-6202,Tacna,Audiovisual,62,78,22134,37811,30363,7448,23,39,PM_SOTO,SRV-NODE-4
ERP-09722,PROJ-3433,Arequipa,Audiovisual,50,62,10100,21313,13025,8288,8,6,PM_RIVAS,SRV-NODE-9
ERP-09723,PROJ-3643,Iquitos,Audiovisual,87,105,36975,80830,40079,40751,21,37,PM_SOTO,SRV-NODE-1
ERP-09724,PROJ-2685,Puno,Business Proc,137,177,60554,98011,68686,29325,37,44,PM_PEREZ,SRV-NODE-7
ERP-09725,PROJ-2819,Piura,Project Mgmt,101,123,35148,74934,39161,35773,15,9,PM_PEREZ,SRV-NODE-10
ERP-09726,PROJ-1253,Puno,Videoconference,91,102,38948,70489,48431,22058,29,24,PM_SOTO,SRV-NODE-4
ERP-09727,PROJ-9060,Piura,Business Proc,47,47,14241,29400,15281,14119,37,23,PM_PEREZ,SRV-NODE-8
ERP-09728,PROJ-7103,Trujillo,Audiovisual,51,57,21675,34816,26928,7888,23,17,PM_PEREZ,SRV-NODE-4
ERP-09729,PROJ-5824,Cusco,Audiovisual,169,225,37180,78493,44320,34173,7,11,PM_PEREZ,SRV-NODE-10
ERP-09730,PROJ-1923,Piura,Project Mgmt,126,132,63504,111203,85857,25346,27,33,PM_PEREZ,SRV-NODE-10
ERP-09731,PROJ-7052,Arequipa,Audiovisual,131,140,33012,69022,40130,28892,9,5,PM_SOTO,SRV-NODE-10
ERP-09732,PROJ-5580,Cusco,Project Mgmt,137,182,48772,81115,68007,13108,9,14,PM_SOTO,SRV-NODE-3
ERP-09733,PROJ-3103,Piura,Audiovisual,91,92,42315,91016,56203,34813,7,7,PM_MEZA,SRV-NODE-7
ERP-09734,PROJ-3466,Arequipa,Videoconference,67,89,37386,81246,47548,33698,22,31,PM_SOTO,SRV-NODE-1
ERP-09735,PROJ-3191,Piura,Audiovisual,28,28,10836,21708,13887,7821,4,2,PM_SOTO,SRV-NODE-9
ERP-09736,PROJ-7466,Puno,Business Proc,95,110,34390,70862,37069,33793,7,6,PM_VEGA,SRV-NODE-7
ERP-09737,PROJ-8030,Huancayo,Audiovisual,169,202,64051,115699,70522,45177,26,38,PM_MEZA,SRV-NODE-1
ERP-09738,PROJ-5109,Cajamarca,Business Proc,85,93,45815,93053,49282,43771,9,13,PM_MEZA,SRV-NODE-2
ERP-09739,PROJ-6476,Lima,Business Proc,22,28,8536,15086,10514,4572,41,12,PM_SOTO,SRV-NODE-6
ERP-09740,PROJ-9418,Tacna,Audiovisual,135,149,69525,133042,69575,63467,14,12,PM_RIVAS,SRV-NODE-4
ERP-09741,PROJ-9680,Lima,Business Proc,49,56,16954,33759,21133,12626,48,21,PM_SOTO,SRV-NODE-3
ERP-09742,PROJ-1828,Lima,Business Proc,36,38,13788,23224,18367,4857,29,31,PM_PEREZ,SRV-NODE-2
ERP-09743,PROJ-1959,Arequipa,Business Proc,77,86,38192,83087,51282,31805,21,11,PM_MEZA,SRV-NODE-2
ERP-09744,PROJ-7649,Arequipa,Audiovisual,100,123,54800,120169,58923,61246,34,58,PM_VEGA,SRV-NODE-9
ERP-09745,PROJ-6336,Lima,Project Mgmt,33,42,17028,29282,23205,6077,23,7,PM_VEGA,SRV-NODE-6
ERP-09746,PROJ-8299,Trujillo,Videoconference,137,157,44936,82158,44938,37220,17,24,PM_VEGA,SRV-NODE-6
ERP-09747,PROJ-4273,Piura,Project Mgmt,113,118,52545,100121,55104,45017,5,3,PM_MEZA,SRV-NODE-9
ERP-09748,PROJ-4259,Cusco,Project Mgmt,145,189,57855,109167,63937,45230,30,9,PM_PEREZ,SRV-NODE-4
ERP-09749,PROJ-9460,Tacna,Audiovisual,127,146,46863,74991,51420,23571,46,32,PM_MEZA,SRV-NODE-1
ERP-09750,PROJ-5010,Lima,Project Mgmt,106,141,26076,55965,32798,23167,31,23,PM_VEGA,SRV-NODE-10
ERP-09751,PROJ-9124,Trujillo,Audiovisual,147,188,51303,91658,55887,35771,36,11,PM_RIVAS,SRV-NODE-10
ERP-09752,PROJ-7842,Iquitos,Audiovisual,151,201,58890,121902,73158,48744,43,18,PM_MEZA,SRV-NODE-1
ERP-09753,PROJ-1152,Cajamarca,Videoconference,71,71,34861,72255,42993,29262,15,23,PM_VEGA,SRV-NODE-6
ERP-09754,PROJ-7187,Tacna,Business Proc,78,104,45786,76667,59643,17024,44,30,PM_SOTO,SRV-NODE-10
ERP-09755,PROJ-2697,Cusco,Project Mgmt,122,164,59292,110310,62784,47526,21,7,PM_PEREZ,SRV-NODE-3
ERP-09756,PROJ-3892,Huancayo,Audiovisual,170,190,77180,129282,85226,44056,5,7,PM_SOTO,SRV-NODE-7
ERP-09757,PROJ-1926,Piura,Videoconference,139,166,80759,166904,104941,61963,24,39,PM_VEGA,SRV-NODE-6
ERP-09758,PROJ-9037,Lima,Videoconference,136,145,57528,118037,71251,46786,27,33,PM_MEZA,SRV-NODE-8
ERP-09759,PROJ-9655,Cusco,Project Mgmt,20,26,5060,10939,6250,4689,36,4,PM_SOTO,SRV-NODE-9
ERP-09760,PROJ-3940,Piura,Business Proc,122,123,49654,79853,61354,18499,23,22,PM_MEZA,SRV-NODE-2
ERP-09761,PROJ-2715,Iquitos,Videoconference,177,194,100890,189729,104323,85406,24,24,PM_PEREZ,SRV-NODE-7
ERP-09762,PROJ-6424,Arequipa,Project Mgmt,77,82,28644,49663,38576,11087,11,14,PM_MEZA,SRV-NODE-6
ERP-09763,PROJ-3934,Arequipa,Audiovisual,161,179,77441,150811,81841,68970,19,7,PM_RIVAS,SRV-NODE-6
ERP-09764,PROJ-8317,Piura,Audiovisual,88,116,47608,101056,65471,35585,50,75,PM_MEZA,SRV-NODE-9
ERP-09765,PROJ-6391,Tacna,Project Mgmt,79,106,17301,36385,19437,16948,22,36,PM_VEGA,SRV-NODE-10
ERP-09766,PROJ-6881,Tacna,Business Proc,96,97,20544,35995,22796,13199,34,18,PM_SOTO,SRV-NODE-7
ERP-09767,PROJ-3876,Cajamarca,Project Mgmt,115,134,66240,127774,82660,45114,41,68,PM_MEZA,SRV-NODE-3
ERP-09768,PROJ-2758,Huancayo,Business Proc,66,79,30426,49672,33026,16646,20,12,PM_PEREZ,SRV-NODE-9
ERP-09769,PROJ-2674,Puno,Audiovisual,110,141,37730,80220,51936,28284,34,45,PM_VEGA,SRV-NODE-2
ERP-09770,PROJ-5297,Piura,Project Mgmt,146,161,81468,167184,111201,55983,37,19,PM_VEGA,SRV-NODE-9
ERP-09771,PROJ-2913,Piura,Audiovisual,88,103,37312,77497,40110,37387,39,38,PM_PEREZ,SRV-NODE-6
ERP-09772,PROJ-4271,Puno,Videoconference,110,125,24640,53311,30009,23302,9,12,PM_SOTO,SRV-NODE-4
ERP-09773,PROJ-9462,Arequipa,Business Proc,102,129,39882,86714,42561,44153,18,20,PM_RIVAS,SRV-NODE-3
ERP-09774,PROJ-7807,Trujillo,Business Proc,86,96,25112,41374,30452,10922,9,12,PM_MEZA,SRV-NODE-2
ERP-09775,PROJ-7859,Huancayo,Videoconference,120,140,35880,78105,41525,36580,8,1,PM_RIVAS,SRV-NODE-6
ERP-09776,PROJ-4908,Lima,Business Proc,56,71,13216,26027,16388,9639,20,19,PM_PEREZ,SRV-NODE-9
ERP-09777,PROJ-8110,Tacna,Project Mgmt,154,187,61754,117316,69464,47852,47,51,PM_RIVAS,SRV-NODE-10
ERP-09778,PROJ-7131,Cajamarca,Videoconference,45,53,22275,43022,29697,13325,32,23,PM_VEGA,SRV-NODE-10
ERP-09779,PROJ-4201,Tacna,Videoconference,169,200,78247,143025,85716,57309,24,30,PM_SOTO,SRV-NODE-4
ERP-09780,PROJ-7700,Piura,Audiovisual,119,153,40103,70642,54933,15709,30,23,PM_MEZA,SRV-NODE-10
ERP-09781,PROJ-8255,Lima,Audiovisual,88,114,18128,33616,21141,12475,5,2,PM_PEREZ,SRV-NODE-1
ERP-09782,PROJ-2288,Cajamarca,Business Proc,164,216,82492,178038,109305,68733,23,28,PM_VEGA,SRV-NODE-7
ERP-09783,PROJ-5524,Lima,Project Mgmt,55,61,13640,22458,15506,6952,6,10,PM_PEREZ,SRV-NODE-8
ERP-09784,PROJ-4276,Lima,Audiovisual,154,199,73304,156009,101414,54595,46,77,PM_VEGA,SRV-NODE-6
ERP-09785,PROJ-9231,Arequipa,Audiovisual,88,112,49720,103050,52214,50836,30,32,PM_VEGA,SRV-NODE-8
ERP-09786,PROJ-6989,Iquitos,Project Mgmt,173,219,81829,153495,94284,59211,35,37,PM_MEZA,SRV-NODE-6
ERP-09787,PROJ-3488,Huancayo,Audiovisual,30,37,9420,20592,12874,7718,49,64,PM_MEZA,SRV-NODE-1
ERP-09788,PROJ-6623,Tacna,Business Proc,41,49,20459,38353,20562,17791,48,86,PM_MEZA,SRV-NODE-6
ERP-09789,PROJ-1891,Trujillo,Business Proc,59,78,22597,45844,26331,19513,6,8,PM_MEZA,SRV-NODE-3
ERP-09790,PROJ-4566,Iquitos,Audiovisual,76,100,40584,74459,51153,23306,41,32,PM_MEZA,SRV-NODE-7
ERP-09791,PROJ-9841,Huancayo,Videoconference,62,83,32612,58260,42752,15508,20,17,PM_VEGA,SRV-NODE-8
ERP-09792,PROJ-1089,Puno,Audiovisual,37,41,15762,34565,19945,14620,41,72,PM_RIVAS,SRV-NODE-10
ERP-09793,PROJ-1419,Huancayo,Audiovisual,31,40,15376,27897,20963,6934,6,7,PM_PEREZ,SRV-NODE-8
ERP-09794,PROJ-3953,Huancayo,Videoconference,32,39,17664,34852,24539,10313,15,8,PM_RIVAS,SRV-NODE-10
ERP-09795,PROJ-4569,Cajamarca,Business Proc,74,89,37074,64215,40453,23762,20,14,PM_MEZA,SRV-NODE-6
ERP-09796,PROJ-9786,Puno,Videoconference,174,179,63336,139027,74450,64577,39,37,PM_PEREZ,SRV-NODE-10
ERP-09797,PROJ-8315,Piura,Project Mgmt,131,176,44409,89966,47695,42271,35,40,PM_SOTO,SRV-NODE-1
ERP-09798,PROJ-6173,Cajamarca,Audiovisual,64,80,32064,65266,40542,24724,43,63,PM_VEGA,SRV-NODE-9
ERP-09799,PROJ-1819,Arequipa,Project Mgmt,141,161,52029,86623,67481,19142,38,65,PM_RIVAS,SRV-NODE-4
ERP-09800,PROJ-2734,Piura,Project Mgmt,75,78,30825,53868,37712,16156,34,47,PM_SOTO,SRV-NODE-6
ERP-09801,PROJ-2365,Cusco,Project Mgmt,80,86,44400,84431,45699,38732,27,19,PM_MEZA,SRV-NODE-7
ERP-09802,PROJ-4459,Cusco,Audiovisual,65,77,22945,47334,27964,19370,7,1,PM_PEREZ,SRV-NODE-8
ERP-09803,PROJ-9467,Lima,Project Mgmt,161,203,93380,176380,129965,46415,33,10,PM_RIVAS,SRV-NODE-6
ERP-09804,PROJ-9991,Piura,Audiovisual,76,77,16492,26444,20472,5972,23,32,PM_RIVAS,SRV-NODE-10
ERP-09805,PROJ-6367,Arequipa,Business Proc,43,52,15394,26007,20879,5128,28,32,PM_MEZA,SRV-NODE-6
ERP-09806,PROJ-1715,Puno,Project Mgmt,87,100,17487,29862,20512,9350,29,33,PM_RIVAS,SRV-NODE-10
ERP-09807,PROJ-8198,Trujillo,Videoconference,96,120,42912,70947,53048,17899,3,2,PM_RIVAS,SRV-NODE-6
ERP-09808,PROJ-6975,Arequipa,Audiovisual,111,129,51504,106878,55300,51578,8,9,PM_VEGA,SRV-NODE-8
ERP-09809,PROJ-2675,Trujillo,Audiovisual,33,39,19503,41867,21398,20469,33,41,PM_MEZA,SRV-NODE-9
ERP-09810,PROJ-7466,Puno,Project Mgmt,37,43,13357,28225,13788,14437,50,22,PM_PEREZ,SRV-NODE-7
ERP-09811,PROJ-3544,Tacna,Project Mgmt,34,42,16796,30506,20949,9557,50,80,PM_MEZA,SRV-NODE-1
ERP-09812,PROJ-1298,Cajamarca,Videoconference,89,110,27323,48712,29369,19343,44,39,PM_RIVAS,SRV-NODE-4
ERP-09813,PROJ-2976,Piura,Project Mgmt,133,144,48013,79470,66232,13238,7,1,PM_VEGA,SRV-NODE-1
ERP-09814,PROJ-5390,Iquitos,Business Proc,128,145,69632,111782,94209,17573,14,17,PM_MEZA,SRV-NODE-5
ERP-09815,PROJ-4273,Cajamarca,Project Mgmt,148,153,56388,99071,58451,40620,27,38,PM_SOTO,SRV-NODE-3
ERP-09816,PROJ-9861,Lima,Videoconference,85,109,27030,45786,32489,13297,40,71,PM_RIVAS,SRV-NODE-7
ERP-09817,PROJ-2867,Piura,Business Proc,130,153,32500,63589,38110,25479,11,13,PM_PEREZ,SRV-NODE-1
ERP-09818,PROJ-1399,Huancayo,Videoconference,34,44,7616,16123,10628,5495,3,0,PM_RIVAS,SRV-NODE-2
ERP-09819,PROJ-4772,Trujillo,Business Proc,35,41,15925,25757,21885,3872,7,9,PM_RIVAS,SRV-NODE-4
ERP-09820,PROJ-1285,Cajamarca,Audiovisual,92,120,28060,47243,37502,9741,4,0,PM_RIVAS,SRV-NODE-3
ERP-09821,PROJ-6123,Trujillo,Videoconference,141,186,60489,106421,84216,22205,48,37,PM_RIVAS,SRV-NODE-6
ERP-09822,PROJ-8566,Cusco,Videoconference,62,64,23560,48367,24732,23635,40,43,PM_PEREZ,SRV-NODE-10
ERP-09823,PROJ-7572,Lima,Business Proc,103,131,25750,43307,28875,14432,7,4,PM_PEREZ,SRV-NODE-3
ERP-09824,PROJ-4009,Iquitos,Videoconference,139,167,75616,148474,92930,55544,17,9,PM_MEZA,SRV-NODE-10
ERP-09825,PROJ-2158,Cajamarca,Videoconference,31,32,13640,26133,16743,9390,28,47,PM_MEZA,SRV-NODE-7
ERP-09826,PROJ-3487,Tacna,Audiovisual,72,92,21960,48034,25493,22541,3,4,PM_MEZA,SRV-NODE-2
ERP-09827,PROJ-5584,Lima,Project Mgmt,174,227,77604,142815,83052,59763,13,11,PM_VEGA,SRV-NODE-2
ERP-09828,PROJ-4501,Arequipa,Audiovisual,52,52,16536,27504,20080,7424,48,76,PM_VEGA,SRV-NODE-8
ERP-09829,PROJ-5147,Trujillo,Videoconference,31,31,7595,14514,8958,5556,20,18,PM_VEGA,SRV-NODE-1
ERP-09830,PROJ-9747,Trujillo,Project Mgmt,29,38,11455,24648,14128,10520,6,0,PM_VEGA,SRV-NODE-5
ERP-09831,PROJ-4945,Iquitos,Business Proc,87,113,50025,106480,54863,51617,34,57,PM_PEREZ,SRV-NODE-5
ERP-09832,PROJ-4302,Puno,Audiovisual,34,40,19720,41942,23772,18170,40,15,PM_PEREZ,SRV-NODE-5
ERP-09833,PROJ-3293,Huancayo,Videoconference,49,59,28812,56320,28918,27402,46,47,PM_SOTO,SRV-NODE-3
ERP-09834,PROJ-9223,Tacna,Business Proc,116,124,61944,112310,84061,28249,11,18,PM_MEZA,SRV-NODE-4
ERP-09835,PROJ-3942,Arequipa,Videoconference,111,142,23421,44314,26373,17941,37,66,PM_MEZA,SRV-NODE-1
ERP-09836,PROJ-8572,Lima,Project Mgmt,167,212,64295,109764,77901,31863,40,12,PM_MEZA,SRV-NODE-8
ERP-09837,PROJ-1352,Iquitos,Business Proc,146,186,35186,69309,39707,29602,33,23,PM_MEZA,SRV-NODE-4
ERP-09838,PROJ-3752,Piura,Audiovisual,129,163,46440,94755,61467,33288,26,12,PM_MEZA,SRV-NODE-4
ERP-09839,PROJ-5280,Puno,Videoconference,78,81,24960,44168,33848,10320,29,26,PM_MEZA,SRV-NODE-10
ERP-09840,PROJ-6884,Piura,Videoconference,102,133,48042,99050,62648,36402,46,27,PM_PEREZ,SRV-NODE-7
ERP-09841,PROJ-5439,Iquitos,Project Mgmt,102,102,40290,65720,55905,9815,6,9,PM_VEGA,SRV-NODE-5
ERP-09842,PROJ-1406,Trujillo,Project Mgmt,31,31,12028,20598,15734,4864,7,5,PM_PEREZ,SRV-NODE-4
ERP-09843,PROJ-5242,Huancayo,Videoconference,163,202,67808,135600,74448,61152,42,9,PM_RIVAS,SRV-NODE-10
ERP-09844,PROJ-9366,Trujillo,Audiovisual,153,153,37026,66853,39550,27303,33,51,PM_VEGA,SRV-NODE-5
ERP-09845,PROJ-3592,Huancayo,Videoconference,174,206,101268,216797,136754,80043,13,15,PM_PEREZ,SRV-NODE-6
ERP-09846,PROJ-4294,Arequipa,Business Proc,176,198,53328,86404,57661,28743,42,55,PM_VEGA,SRV-NODE-6
ERP-09847,PROJ-5783,Piura,Project Mgmt,32,42,6528,12049,7703,4346,31,45,PM_RIVAS,SRV-NODE-4
ERP-09848,PROJ-3483,Tacna,Videoconference,122,130,39772,77710,51592,26118,37,61,PM_RIVAS,SRV-NODE-2
ERP-09849,PROJ-5694,Piura,Videoconference,34,38,11288,19828,12040,7788,13,15,PM_MEZA,SRV-NODE-3
ERP-09850,PROJ-6312,Tacna,Audiovisual,115,151,35650,67055,47686,19369,22,10,PM_SOTO,SRV-NODE-3
ERP-09851,PROJ-9020,Lima,Project Mgmt,21,24,9135,19622,10081,9541,8,3,PM_SOTO,SRV-NODE-1
ERP-09852,PROJ-6682,Puno,Project Mgmt,145,170,43500,71304,54682,16622,45,46,PM_RIVAS,SRV-NODE-7
ERP-09853,PROJ-1414,Piura,Project Mgmt,137,179,45621,78266,48625,29641,31,18,PM_PEREZ,SRV-NODE-3
ERP-09854,PROJ-7687,Trujillo,Audiovisual,89,113,53133,112927,62588,50339,4,6,PM_VEGA,SRV-NODE-9
ERP-09855,PROJ-9631,Iquitos,Business Proc,167,220,94522,187195,112248,74947,28,42,PM_RIVAS,SRV-NODE-9
ERP-09856,PROJ-3799,Puno,Audiovisual,29,35,14065,26723,17067,9656,34,10,PM_SOTO,SRV-NODE-5
ERP-09857,PROJ-5408,Cusco,Project Mgmt,72,83,38088,73671,53225,20446,29,41,PM_MEZA,SRV-NODE-9
ERP-09858,PROJ-2251,Piura,Project Mgmt,62,76,18166,33939,20402,13537,35,37,PM_VEGA,SRV-NODE-9
ERP-09859,PROJ-9932,Cusco,Audiovisual,114,147,55974,122034,60591,61443,45,74,PM_SOTO,SRV-NODE-8
ERP-09860,PROJ-8734,Trujillo,Audiovisual,59,65,28261,55587,34407,21180,20,20,PM_RIVAS,SRV-NODE-7
ERP-09861,PROJ-1029,Puno,Project Mgmt,64,64,18240,35309,19084,16225,27,13,PM_SOTO,SRV-NODE-4
ERP-09862,PROJ-4929,Piura,Project Mgmt,22,24,5478,8900,6693,2207,41,45,PM_PEREZ,SRV-NODE-4
ERP-09863,PROJ-1412,Tacna,Business Proc,75,90,15750,30224,19145,11079,5,1,PM_PEREZ,SRV-NODE-7
ERP-09864,PROJ-7832,Piura,Audiovisual,138,146,61686,129274,78584,50690,35,42,PM_RIVAS,SRV-NODE-8
ERP-09865,PROJ-8033,Piura,Videoconference,36,39,9504,17036,12559,4477,14,21,PM_SOTO,SRV-NODE-4
ERP-09866,PROJ-3082,Iquitos,Audiovisual,64,76,25984,54290,27851,26439,8,9,PM_SOTO,SRV-NODE-1
ERP-09867,PROJ-4513,Iquitos,Videoconference,147,184,51597,105323,67085,38238,22,12,PM_PEREZ,SRV-NODE-2
ERP-09868,PROJ-2372,Huancayo,Audiovisual,163,165,42380,82091,56709,25382,3,2,PM_SOTO,SRV-NODE-6
ERP-09869,PROJ-9479,Huancayo,Videoconference,29,34,7743,13001,10774,2227,30,6,PM_VEGA,SRV-NODE-10
ERP-09870,PROJ-1078,Arequipa,Audiovisual,173,188,38752,69839,53464,16375,27,22,PM_PEREZ,SRV-NODE-4
ERP-09871,PROJ-6242,Puno,Audiovisual,126,134,65772,132042,72675,59367,38,27,PM_PEREZ,SRV-NODE-9
ERP-09872,PROJ-4180,Arequipa,Audiovisual,140,152,80920,131028,94943,36085,20,28,PM_PEREZ,SRV-NODE-6
ERP-09873,PROJ-8734,Lima,Project Mgmt,26,30,6838,13318,8312,5006,8,2,PM_SOTO,SRV-NODE-1
ERP-09874,PROJ-9244,Puno,Videoconference,140,169,29120,58768,35434,23334,38,19,PM_RIVAS,SRV-NODE-4
ERP-09875,PROJ-9636,Cusco,Videoconference,53,58,19133,37591,21987,15604,26,39,PM_RIVAS,SRV-NODE-7
ERP-09876,PROJ-5029,Trujillo,Business Proc,99,104,53460,114535,74617,39918,50,63,PM_SOTO,SRV-NODE-3
ERP-09877,PROJ-7435,Lima,Business Proc,96,102,49152,105701,68651,37050,12,5,PM_RIVAS,SRV-NODE-5
ERP-09878,PROJ-1514,Iquitos,Business Proc,127,151,70231,141522,84273,57249,23,14,PM_RIVAS,SRV-NODE-7
ERP-09879,PROJ-3697,Lima,Audiovisual,57,57,27588,53383,36760,16623,24,21,PM_PEREZ,SRV-NODE-5
ERP-09880,PROJ-6922,Huancayo,Project Mgmt,143,150,83369,172998,111111,61887,42,59,PM_RIVAS,SRV-NODE-3
ERP-09881,PROJ-7358,Piura,Project Mgmt,47,52,19270,36733,19701,17032,22,14,PM_VEGA,SRV-NODE-1
ERP-09882,PROJ-9858,Huancayo,Project Mgmt,27,31,14445,23382,17905,5477,16,18,PM_MEZA,SRV-NODE-5
ERP-09883,PROJ-6308,Piura,Project Mgmt,176,225,78144,147804,91136,56668,24,27,PM_MEZA,SRV-NODE-6
ERP-09884,PROJ-4043,Trujillo,Project Mgmt,126,163,66276,135784,84890,50894,47,34,PM_SOTO,SRV-NODE-7
ERP-09885,PROJ-3168,Tacna,Business Proc,147,174,76146,162981,101986,60995,14,10,PM_MEZA,SRV-NODE-8
ERP-09886,PROJ-6200,Huancayo,Videoconference,159,185,62328,108624,81215,27409,19,13,PM_SOTO,SRV-NODE-6
ERP-09887,PROJ-4588,Piura,Business Proc,87,104,42978,70977,50190,20787,43,15,PM_VEGA,SRV-NODE-3
ERP-09888,PROJ-8301,Lima,Audiovisual,75,80,33600,69052,35780,33272,10,13,PM_MEZA,SRV-NODE-4
ERP-09889,PROJ-6235,Tacna,Project Mgmt,112,121,37856,65547,52915,12632,9,12,PM_PEREZ,SRV-NODE-7
ERP-09890,PROJ-5444,Puno,Project Mgmt,170,192,59500,106585,64117,42468,4,4,PM_SOTO,SRV-NODE-9
ERP-09891,PROJ-9896,Arequipa,Audiovisual,133,148,62377,110821,78676,32145,41,44,PM_MEZA,SRV-NODE-3
ERP-09892,PROJ-2217,Tacna,Audiovisual,132,143,48708,102763,56990,45773,4,1,PM_PEREZ,SRV-NODE-2
ERP-09893,PROJ-4362,Cajamarca,Business Proc,138,149,71898,119322,79357,39965,26,10,PM_PEREZ,SRV-NODE-6
ERP-09894,PROJ-6643,Piura,Audiovisual,114,118,43434,70567,59216,11351,22,10,PM_PEREZ,SRV-NODE-5
ERP-09895,PROJ-8380,Trujillo,Videoconference,126,133,35910,58652,48810,9842,10,15,PM_SOTO,SRV-NODE-10
ERP-09896,PROJ-7994,Lima,Project Mgmt,112,117,59248,98267,61801,36466,38,8,PM_SOTO,SRV-NODE-8
ERP-09897,PROJ-7269,Huancayo,Videoconference,34,36,18258,40042,22302,17740,39,11,PM_MEZA,SRV-NODE-6
ERP-09898,PROJ-6388,Arequipa,Videoconference,85,105,17850,29857,23912,5945,14,3,PM_VEGA,SRV-NODE-8
ERP-09899,PROJ-9657,Piura,Videoconference,76,80,32756,54845,40475,14370,17,27,PM_RIVAS,SRV-NODE-6
ERP-09900,PROJ-4664,Trujillo,Videoconference,78,86,42042,86159,54029,32130,16,15,PM_RIVAS,SRV-NODE-3
ERP-09901,PROJ-2524,Puno,Project Mgmt,115,137,46000,100585,57086,43499,15,4,PM_VEGA,SRV-NODE-7
ERP-09902,PROJ-7587,Cusco,Audiovisual,79,99,47005,90103,65760,24343,48,48,PM_RIVAS,SRV-NODE-6
ERP-09903,PROJ-8699,Puno,Business Proc,84,93,30240,52786,41262,11524,30,10,PM_MEZA,SRV-NODE-10
ERP-09904,PROJ-2058,Huancayo,Project Mgmt,67,77,23383,40853,23560,17293,6,8,PM_VEGA,SRV-NODE-1
ERP-09905,PROJ-2737,Trujillo,Audiovisual,168,177,68712,121227,89127,32100,49,47,PM_SOTO,SRV-NODE-3
ERP-09906,PROJ-7415,Lima,Business Proc,87,87,38280,73830,43804,30026,9,7,PM_PEREZ,SRV-NODE-8
ERP-09907,PROJ-9338,Piura,Audiovisual,145,176,48285,88153,66387,21766,42,73,PM_RIVAS,SRV-NODE-8
ERP-09908,PROJ-2415,Piura,Videoconference,165,207,33825,59217,39662,19555,21,20,PM_VEGA,SRV-NODE-4
ERP-09909,PROJ-2789,Cajamarca,Videoconference,85,113,23205,47874,27517,20357,34,7,PM_RIVAS,SRV-NODE-5
ERP-09910,PROJ-2004,Huancayo,Business Proc,125,166,67875,122302,86923,35379,47,14,PM_VEGA,SRV-NODE-10
ERP-09911,PROJ-3819,Lima,Business Proc,87,107,37497,78891,39301,39590,13,18,PM_MEZA,SRV-NODE-7
ERP-09912,PROJ-4570,Puno,Audiovisual,43,53,21844,42340,23289,19051,40,26,PM_MEZA,SRV-NODE-7
ERP-09913,PROJ-2820,Iquitos,Business Proc,137,175,66308,112684,92783,19901,9,9,PM_RIVAS,SRV-NODE-7
ERP-09914,PROJ-1487,Tacna,Business Proc,35,46,12635,22186,15590,6596,33,19,PM_RIVAS,SRV-NODE-6
ERP-09915,PROJ-6035,Trujillo,Business Proc,47,59,16168,26490,21497,4993,22,24,PM_VEGA,SRV-NODE-7
ERP-09916,PROJ-4135,Cusco,Business Proc,114,143,36024,69962,47493,22469,10,5,PM_SOTO,SRV-NODE-3
ERP-09917,PROJ-4228,Puno,Project Mgmt,121,124,41382,67080,46761,20319,31,54,PM_RIVAS,SRV-NODE-7
ERP-09918,PROJ-9283,Iquitos,Videoconference,165,187,89595,189221,107720,81501,43,28,PM_VEGA,SRV-NODE-5
ERP-09919,PROJ-1386,Puno,Project Mgmt,73,93,41610,76205,43787,32418,31,7,PM_PEREZ,SRV-NODE-3
ERP-09920,PROJ-6856,Lima,Videoconference,73,95,43654,78694,60342,18352,35,30,PM_PEREZ,SRV-NODE-10
ERP-09921,PROJ-5138,Trujillo,Audiovisual,90,94,18810,38153,23361,14792,21,13,PM_PEREZ,SRV-NODE-7
ERP-09922,PROJ-2802,Puno,Videoconference,156,201,79560,131854,82246,49608,45,8,PM_MEZA,SRV-NODE-8
ERP-09923,PROJ-5060,Tacna,Audiovisual,55,63,17765,35125,21216,13909,14,18,PM_PEREZ,SRV-NODE-10
ERP-09924,PROJ-9845,Trujillo,Business Proc,83,92,47476,80642,63783,16859,17,29,PM_PEREZ,SRV-NODE-10
ERP-09925,PROJ-5740,Puno,Project Mgmt,82,108,31652,67535,43971,23564,21,16,PM_SOTO,SRV-NODE-9
ERP-09926,PROJ-3446,Tacna,Project Mgmt,162,204,61074,124084,79725,44359,40,10,PM_MEZA,SRV-NODE-5
ERP-09927,PROJ-8542,Lima,Business Proc,142,164,72562,117809,86410,31399,10,10,PM_MEZA,SRV-NODE-7
ERP-09928,PROJ-8615,Cajamarca,Videoconference,97,101,25996,45884,32514,13370,46,56,PM_PEREZ,SRV-NODE-6
ERP-09929,PROJ-6885,Trujillo,Audiovisual,119,133,35224,74249,45577,28672,9,2,PM_MEZA,SRV-NODE-4
ERP-09930,PROJ-6189,Lima,Project Mgmt,65,83,16055,27506,20376,7130,30,41,PM_PEREZ,SRV-NODE-3
ERP-09931,PROJ-5150,Cajamarca,Videoconference,159,211,74253,143854,82754,61100,13,5,PM_MEZA,SRV-NODE-8
ERP-09932,PROJ-1605,Piura,Videoconference,88,100,33880,61416,42744,18672,31,33,PM_RIVAS,SRV-NODE-1
ERP-09933,PROJ-1108,Piura,Audiovisual,121,122,55660,119317,67164,52153,19,22,PM_PEREZ,SRV-NODE-5
ERP-09934,PROJ-4012,Cajamarca,Audiovisual,56,71,20496,42344,21407,20937,30,48,PM_RIVAS,SRV-NODE-4
ERP-09935,PROJ-2694,Huancayo,Project Mgmt,156,169,92664,154024,101045,52979,25,28,PM_RIVAS,SRV-NODE-10
ERP-09936,PROJ-2278,Tacna,Project Mgmt,29,38,6409,10547,7678,2869,45,44,PM_MEZA,SRV-NODE-7
ERP-09937,PROJ-8990,Puno,Videoconference,20,21,11420,19396,15940,3456,33,21,PM_SOTO,SRV-NODE-9
ERP-09938,PROJ-1739,Huancayo,Videoconference,165,170,83820,151265,108051,43214,34,49,PM_RIVAS,SRV-NODE-8
ERP-09939,PROJ-3632,Huancayo,Business Proc,82,90,21484,43333,27721,15612,25,19,PM_MEZA,SRV-NODE-10
ERP-09940,PROJ-8026,Iquitos,Business Proc,140,179,71680,151493,100106,51387,41,46,PM_SOTO,SRV-NODE-10
ERP-09941,PROJ-1082,Piura,Audiovisual,107,129,48685,84244,61403,22841,25,9,PM_MEZA,SRV-NODE-1
ERP-09942,PROJ-7294,Tacna,Project Mgmt,113,128,61698,131806,62897,68909,39,47,PM_SOTO,SRV-NODE-5
ERP-09943,PROJ-8505,Puno,Business Proc,42,42,11424,18706,13715,4991,26,6,PM_PEREZ,SRV-NODE-4
ERP-09944,PROJ-5201,Iquitos,Audiovisual,101,121,39491,77397,48434,28963,47,52,PM_VEGA,SRV-NODE-4
ERP-09945,PROJ-3611,Tacna,Audiovisual,159,194,85065,159977,104209,55768,36,52,PM_PEREZ,SRV-NODE-9
ERP-09946,PROJ-1936,Piura,Audiovisual,78,82,36582,60044,50664,9380,36,58,PM_MEZA,SRV-NODE-6
ERP-09947,PROJ-2561,Puno,Project Mgmt,48,56,16752,33099,19590,13509,33,42,PM_SOTO,SRV-NODE-7
ERP-09948,PROJ-9210,Puno,Business Proc,82,106,18286,30129,20698,9431,28,3,PM_RIVAS,SRV-NODE-2
ERP-09949,PROJ-8158,Cajamarca,Audiovisual,177,194,73632,160352,84317,76035,33,46,PM_VEGA,SRV-NODE-7
ERP-09950,PROJ-9241,Cusco,Business Proc,113,146,30284,65864,41459,24405,19,5,PM_PEREZ,SRV-NODE-10
ERP-09951,PROJ-9652,Tacna,Videoconference,163,164,33904,65222,46045,19177,25,16,PM_VEGA,SRV-NODE-10
ERP-09952,PROJ-9408,Cajamarca,Business Proc,92,94,22172,38451,24481,13970,40,18,PM_SOTO,SRV-NODE-9
ERP-09953,PROJ-2172,Huancayo,Videoconference,94,120,21244,44238,22506,21732,33,35,PM_SOTO,SRV-NODE-10
ERP-09954,PROJ-6492,Trujillo,Videoconference,35,44,10465,18362,11990,6372,38,22,PM_PEREZ,SRV-NODE-8
ERP-09955,PROJ-8336,Tacna,Project Mgmt,137,149,67404,108312,73002,35310,39,43,PM_VEGA,SRV-NODE-2
ERP-09956,PROJ-4759,Puno,Project Mgmt,139,182,56573,106751,61887,44864,9,7,PM_VEGA,SRV-NODE-2
ERP-09957,PROJ-4060,Lima,Project Mgmt,118,118,59472,124801,60409,64392,49,6,PM_VEGA,SRV-NODE-8
ERP-09958,PROJ-4209,Trujillo,Project Mgmt,141,146,65142,140700,78419,62281,12,10,PM_PEREZ,SRV-NODE-10
ERP-09959,PROJ-5412,Arequipa,Project Mgmt,166,168,53784,112868,71187,41681,15,3,PM_SOTO,SRV-NODE-7
ERP-09960,PROJ-7106,Trujillo,Audiovisual,133,135,61712,126749,77615,49134,42,72,PM_MEZA,SRV-NODE-7
ERP-09961,PROJ-1017,Puno,Audiovisual,20,26,8400,16830,8750,8080,18,31,PM_VEGA,SRV-NODE-10
ERP-09962,PROJ-6149,Arequipa,Videoconference,175,182,100625,176004,131901,44103,39,35,PM_RIVAS,SRV-NODE-3
ERP-09963,PROJ-2855,Arequipa,Audiovisual,32,40,7360,15006,9252,5754,40,6,PM_SOTO,SRV-NODE-7
ERP-09964,PROJ-5120,Iquitos,Business Proc,38,47,14136,25167,15356,9811,43,19,PM_SOTO,SRV-NODE-5
ERP-09965,PROJ-6649,Iquitos,Audiovisual,100,102,53900,96463,56246,40217,19,5,PM_MEZA,SRV-NODE-10
ERP-09966,PROJ-2574,Huancayo,Project Mgmt,175,222,44975,78550,48357,30193,38,31,PM_RIVAS,SRV-NODE-7
ERP-09967,PROJ-2230,Cusco,Videoconference,119,126,31059,63291,36779,26512,17,18,PM_PEREZ,SRV-NODE-8
ERP-09968,PROJ-8171,Lima,Business Proc,178,207,46814,84337,49859,34478,35,41,PM_PEREZ,SRV-NODE-9
ERP-09969,PROJ-1798,Piura,Audiovisual,168,193,85176,170244,103482,66762,25,13,PM_MEZA,SRV-NODE-4
ERP-09970,PROJ-1021,Cajamarca,Audiovisual,47,59,13912,22324,16041,6283,5,5,PM_VEGA,SRV-NODE-4
ERP-09971,PROJ-3686,Cajamarca,Project Mgmt,50,65,21150,39503,22565,16938,43,45,PM_RIVAS,SRV-NODE-2
ERP-09972,PROJ-2667,Puno,Audiovisual,152,163,70072,133670,80070,53600,20,5,PM_PEREZ,SRV-NODE-2
ERP-09973,PROJ-2478,Trujillo,Audiovisual,105,138,33915,73402,40103,33299,5,0,PM_SOTO,SRV-NODE-7
ERP-09974,PROJ-5753,Cusco,Audiovisual,118,155,37288,69911,42138,27773,21,15,PM_VEGA,SRV-NODE-4
ERP-09975,PROJ-4771,Lima,Audiovisual,25,33,11800,21884,11877,10007,20,35,PM_PEREZ,SRV-NODE-2
ERP-09976,PROJ-6095,Huancayo,Audiovisual,72,83,39456,72120,41388,30732,26,19,PM_MEZA,SRV-NODE-6
ERP-09977,PROJ-7770,Lima,Business Proc,24,28,9216,16492,9301,7191,20,19,PM_RIVAS,SRV-NODE-1
ERP-09978,PROJ-8561,Lima,Project Mgmt,84,102,33684,71526,44339,27187,8,8,PM_RIVAS,SRV-NODE-5
ERP-09979,PROJ-4413,Tacna,Project Mgmt,158,205,39974,83590,54092,29498,8,8,PM_MEZA,SRV-NODE-7
ERP-09980,PROJ-1915,Arequipa,Videoconference,127,131,66929,135141,68750,66391,5,7,PM_RIVAS,SRV-NODE-2
ERP-09981,PROJ-2376,Trujillo,Project Mgmt,64,64,31104,63737,38212,25525,17,14,PM_SOTO,SRV-NODE-10
ERP-09982,PROJ-4985,Huancayo,Business Proc,113,129,38872,78926,45199,33727,17,30,PM_SOTO,SRV-NODE-9
ERP-09983,PROJ-6441,Lima,Business Proc,74,75,24420,50780,29483,21297,47,55,PM_VEGA,SRV-NODE-4
ERP-09984,PROJ-9922,Huancayo,Business Proc,140,170,62720,114899,84169,30730,41,12,PM_RIVAS,SRV-NODE-6
ERP-09985,PROJ-2234,Cajamarca,Project Mgmt,171,214,45999,76489,56374,20115,14,5,PM_MEZA,SRV-NODE-10
ERP-09986,PROJ-7707,Iquitos,Business Proc,31,35,14322,27430,19019,8411,21,10,PM_PEREZ,SRV-NODE-4
ERP-09987,PROJ-2926,Lima,Project Mgmt,94,97,52452,100444,63879,36565,17,6,PM_RIVAS,SRV-NODE-6
ERP-09988,PROJ-1885,Piura,Project Mgmt,59,73,13924,29233,18100,11133,49,24,PM_SOTO,SRV-NODE-9
ERP-09989,PROJ-8183,Lima,Audiovisual,130,146,55380,91973,68713,23260,19,16,PM_MEZA,SRV-NODE-1
ERP-09990,PROJ-3249,Trujillo,Business Proc,173,190,84078,175692,98068,77624,15,6,PM_SOTO,SRV-NODE-9
ERP-09991,PROJ-2227,Cajamarca,Videoconference,120,159,58080,94766,62580,32186,26,4,PM_PEREZ,SRV-NODE-10
ERP-09992,PROJ-3885,Cajamarca,Videoconference,25,28,12125,25684,14265,11419,12,12,PM_SOTO,SRV-NODE-8
ERP-09993,PROJ-5950,Arequipa,Project Mgmt,43,51,16813,27442,20982,6460,7,8,PM_VEGA,SRV-NODE-9
ERP-09994,PROJ-4073,Tacna,Project Mgmt,87,105,43500,74217,57582,16635,37,31,PM_RIVAS,SRV-NODE-3
ERP-09995,PROJ-6206,Iquitos,Business Proc,143,192,84084,136343,91247,45096,16,21,PM_MEZA,SRV-NODE-2
ERP-09996,PROJ-2503,Cusco,Business Proc,120,159,59760,130206,72435,57771,43,27,PM_RIVAS,SRV-NODE-10
ERP-09997,PROJ-5026,Tacna,Project Mgmt,125,131,27125,56900,30874,26026,23,12,PM_RIVAS,SRV-NODE-4
ERP-09998,PROJ-6314,Iquitos,Audiovisual,106,123,24380,40718,31187,9531,30,43,PM_PEREZ,SRV-NODE-7
ERP-09999,PROJ-9313,Arequipa,Business Proc,99,105,25542,53434,35132,18302,5,7,PM_RIVAS,SRV-NODE-10
ERP-10000,PROJ-4128,Huancayo,Project Mgmt,116,129,43732,72701,58089,14612,39,51,PM_SOTO,SRV-NODE-6
